product_id,category,price,old_name,base_price,user_id,region,priority,status,amount
P004608,Electronics,37.07,Miss,37.07,U01951,West,Medium,Pending,660.13
P000745,Beauty,13.0,Power,13.0,U01591,East,Low,Completed,1003.11
P002387,Groceries,105.16,Reach,105.16,U01983,North,Low,Completed,739.56
P000908,Electronics,116.27,Speech,116.27,U01610,South,Medium,Pending,427.46
P003800,Home & Kitchen,118.11,Perhaps,118.11,U00176,East,High,Completed,790.28
P004833,Groceries,104.58,Eye,104.58,U02231,East,Medium,Completed,1306.18
P001872,Electronics,13.27,Now,13.27,U00137,West,Medium,Cancelled,123.78
P003377,Books,13.19,Hair,13.19,U00654,South,Low,Pending,763.23
P007968,Books,19.44,Lot,19.44,U02071,North,High,Pending,440.83
P004670,Clothing,212.04,Training,212.04,U00462,East,High,Completed,1355.24
P003990,Groceries,80.95,You,80.95,U01093,West,Low,Completed,543.81
P002082,Groceries,108.38,Or,108.38,U01496,South,High,Completed,787.95
P000271,Beauty,111.2,Company,111.2,U02699,East,Medium,Completed,758.38
P007371,Home & Kitchen,22.83,Return,22.83,U01413,North,High,Completed,412.66
P003456,Groceries,58.83,Always,58.83,U01007,West,Medium,Completed,520.04
P007492,Electronics,137.01,Care,137.01,U00166,South,Medium,Completed,386.67
P001375,Beauty,88.93,Drop,88.93,U00476,North,Low,Completed,518.21
P003661,Books,124.05,Skill,124.05,U00296,West,Low,Refunded,584.92
P003612,Beauty,34.48,High,34.48,,North,Low,Completed,795.68
P004681,Clothing,79.1,Sing,79.1,U02253,North,Medium,Completed,1264.96
P003817,Sports,34.32,Network,34.32,U02380,North,Medium,Completed,912.06
P000683,Books,38.83,Leader,38.83,U00978,North,Low,Completed,505.31
P003576,Electronics,123.2,Yeah,123.2,U01158,East,High,Completed,189.8
P006561,Books,72.89,Meeting,72.89,U01287,South,Low,Cancelled,439.55
P005737,Beauty,62.09,Big,62.09,U02111,South,High,Completed,956.85
P003684,Books,104.92,Put,104.92,U02269,West,High,Completed,1112.85
P007791,Books,96.14,Score,96.14,U02148,West,Medium,Cancelled,678.41
P000563,Sports,39.53,Ok,39.53,U01417,North,Low,Completed,1320.96
P004129,Home & Kitchen,61.38,Seem,61.38,U00564,East,Medium,Completed,1218.19
P004464,Groceries,216.74,From,216.74,U00254,North,High,Completed,797.38
P001633,Books,64.12,Turn,64.12,U00463,East,High,Completed,1496.12
P003873,Home & Kitchen,46.77,Sort,46.77,U01205,North,Low,Completed,1207.82
P003246,Electronics,193.52,Order,193.52,U02729,East,High,Cancelled,1214.95
P002779,Clothing,81.16,Reality,81.16,U01272,North,Medium,Completed,1278.25
P003033,Clothing,67.69,Person,67.69,U01046,East,Medium,Pending,741.55
P003036,Home & Kitchen,18.06,Class,18.06,U02631,North,High,Completed,1273.35
P007243,Groceries,95.94,Audience,95.94,U02101,East,Medium,Pending,278.91
P000091,Groceries,77.91,Husband,77.91,U01439,West,High,Refunded,1126.55
P001647,Beauty,122.82,House,122.82,U00214,South,High,Completed,746.65
P000517,Electronics,77.43,Work,77.43,U02281,South,High,Completed,744.02
P003016,Electronics,43.6,Federal,43.6,U01276,West,Medium,Cancelled,1294.82
P003021,Electronics,110.15,Prove,110.15,U02938,West,Medium,Cancelled,392.98
P005438,Electronics,65.09,Professor,65.09,U01534,South,High,Completed,542.6
P006460,Books,68.15,Believe,68.15,U02114,West,Low,Pending,1225.38
P000075,Beauty,43.3,Training,43.3,,West,Medium,Cancelled,326.57
P007993,Electronics,131.13,Position,131.13,U00291,South,Low,Completed,1635.8
P007511,Electronics,134.91,Organization,134.91,U00029,East,Low,Completed,351.66
P004323,Groceries,118.99,However,118.99,U00958,East,Medium,Completed,385.92
P001194,Beauty,79.97,Crime,79.97,U01762,East,High,Cancelled,647.82
P007628,Books,64.43,Town,64.43,U01585,North,High,Pending,2027.62
P007466,Groceries,40.27,Coach,40.27,U02005,South,High,Pending,641.83
P007049,Home & Kitchen,108.2,Establish,108.2,U02840,South,High,Completed,1110.61
P004758,Home & Kitchen,76.24,So,76.24,U00524,South,Low,Refunded,1259.13
P001920,Electronics,24.52,Stop,24.52,U00551,North,Medium,Completed,1694.58
P001473,Groceries,26.96,Address,26.96,U02175,North,Medium,Completed,1515.26
P000374,Beauty,74.64,System,74.64,U01875,North,Medium,Completed,1115.27
P004498,Sports,95.61,Lay,95.61,U01383,South,Medium,Completed,167.58
P003204,Clothing,56.01,Wrong,56.01,,South,High,Completed,1431.45
P002867,Sports,30.25,Our,30.25,U00540,West,High,Refunded,567.68
P003611,Groceries,17.53,Score,17.53,U01268,North,Low,Refunded,1085.28
P004370,Home & Kitchen,200.58,List,200.58,U00102,South,Low,Cancelled,1470.17
P004208,Clothing,102.41,Both,102.41,U01332,South,Medium,Completed,673.64
P000280,Books,13.95,Someone,13.95,U00390,East,Medium,Completed,598.36
P002865,Sports,67.69,High,67.69,U01441,West,Medium,Refunded,611.22
P003002,Groceries,20.13,National,20.13,U02989,East,Low,Completed,506.32
P001099,Books,162.99,Make,162.99,U01164,West,High,Completed,1001.86
P006875,Books,109.34,Enough,109.34,U00798,East,Low,Completed,816.39
P003030,Beauty,152.99,Morning,152.99,U02365,West,Medium,Refunded,348.89
P004732,Clothing,249.18,Child,249.18,U00060,South,Medium,Pending,975.16
P003445,Books,32.8,Whatever,32.8,U02006,East,High,Completed,805.74
P004683,Beauty,81.52,Risk,81.52,U02505,North,Low,Completed,1746.72
P001342,Home & Kitchen,10.59,Company,10.59,U01664,West,Medium,Completed,566.96
P007630,Groceries,19.14,Federal,19.14,U00669,North,Low,Completed,374.64
P000439,Sports,61.69,Today,61.69,U00165,North,Low,Completed,697.54
P001289,Books,38.23,Source,38.23,U02778,East,High,Completed,552.68
P002982,Groceries,47.0,Response,47.0,U01750,South,Medium,Cancelled,541.13
P002418,Groceries,24.66,Fear,24.66,U01640,North,High,Pending,775.67
P007824,Sports,91.66,Your,91.66,U00450,South,Low,Completed,719.62
P003304,Sports,204.94,Item,204.94,U02197,South,High,Completed,569.73
P006440,Books,32.59,Official,32.59,U00753,North,Low,Completed,432.37
P000998,Sports,138.37,Statement,138.37,U02336,South,Medium,Completed,995.03
P004529,Electronics,60.02,Build,60.02,U02100,East,Low,Completed,1396.21
P005555,Home & Kitchen,76.18,Peace,76.18,U02724,West,Medium,Completed,742.13
P006030,Books,33.93,Like,33.93,U00204,North,Medium,Completed,575.84
P000185,Beauty,17.52,I,17.52,U02332,East,Medium,Completed,318.99
P004047,Electronics,92.92,Dark,92.92,U01403,East,Medium,Refunded,1014.05
P002466,Books,174.7,Strong,174.7,U01375,West,Medium,Pending,2208.0
P007016,Clothing,15.02,Herself,15.02,U00852,North,Low,Completed,2467.05
P000411,Sports,158.23,Step,158.23,U01164,North,Medium,Completed,819.35
P002808,Clothing,86.75,Play,86.75,U01789,North,High,Completed,1472.71
P000414,Clothing,64.77,Serious,64.77,U00702,East,High,Completed,336.3
P004774,Beauty,187.62,Side,187.62,U02471,South,Low,Completed,551.52
P005335,Books,65.16,Ten,65.16,U02861,West,Medium,Completed,688.15
P005996,Home & Kitchen,47.21,Need,47.21,U00340,South,Low,Completed,739.6
P006028,Clothing,102.09,Middle,102.09,U01189,North,Low,Pending,1342.22
P003894,Clothing,49.41,Measure,49.41,U01341,West,Medium,Pending,2311.35
P003814,Clothing,77.65,Remain,77.65,U02643,East,High,Pending,832.64
P004569,Clothing,26.22,Much,26.22,U01891,East,Medium,Cancelled,1079.27
P003674,Home & Kitchen,45.92,Authority,45.92,U01425,East,High,Completed,409.57
P002897,Electronics,19.2,Everybody,19.2,U02958,South,Medium,Completed,2505.77
P002911,Groceries,49.84,Tonight,49.84,U02144,East,Medium,Cancelled,1995.54
P001249,Home & Kitchen,62.89,Million,62.89,U00103,South,Medium,Completed,428.58
P003165,Books,155.48,Throw,155.48,U01117,West,High,Completed,461.59
P002588,Home & Kitchen,156.76,Because,156.76,U02182,North,High,Completed,807.18
P006761,Home & Kitchen,138.72,Lead,138.72,U02126,West,Low,Completed,1245.11
P000945,Clothing,96.81,Relate,96.81,U02533,West,High,Pending,699.39
P006715,Sports,114.47,Term,114.47,U02363,South,High,Pending,1273.62
P005702,Electronics,25.58,Year,25.58,U02717,North,Low,Completed,969.68
P000800,Electronics,42.79,Join,42.79,U01172,East,Medium,Completed,140.94
P001604,Groceries,18.03,Together,18.03,U01786,South,Medium,Completed,670.85
P007420,Beauty,245.93,They,245.93,U00354,North,High,Refunded,1878.9
P003982,Clothing,41.46,Occur,41.46,U00260,West,High,Completed,1268.75
P003305,Sports,21.3,More,21.3,U02479,North,Medium,Pending,617.74
P001627,Books,37.74,Believe,37.74,U02050,North,High,Completed,986.19
P001675,Clothing,107.57,Especially,107.57,U01067,North,Medium,Completed,834.03
P005387,Home & Kitchen,120.9,Can,120.9,U01158,West,High,Completed,668.98
P006745,Groceries,96.83,Candidate,96.83,,South,Low,Completed,754.29
P004944,Groceries,49.88,Political,49.88,U01592,South,Low,Completed,1378.8
P002656,Home & Kitchen,129.14,Bring,129.14,U01209,North,High,Completed,907.67
P007955,Groceries,77.86,Successful,77.86,U01780,East,Low,Cancelled,1024.9
P004321,Books,43.18,Eight,43.18,U01824,West,Low,Completed,1378.61
P004173,Sports,75.9,Explain,75.9,U02492,East,Low,Cancelled,1182.86
P000723,Beauty,74.71,Service,74.71,U00713,North,Medium,Cancelled,1334.79
P004395,Clothing,73.81,Specific,73.81,U00538,South,High,Completed,225.01
P004709,Sports,148.58,Figure,148.58,U01118,West,High,Completed,90.14
P000693,Electronics,47.12,We,47.12,U00936,North,Low,Cancelled,1342.98
P003427,Clothing,112.81,Oil,112.81,U01309,South,Medium,Pending,970.44
P004369,Sports,98.36,Back,98.36,U00765,North,Medium,Completed,1537.64
P003549,Clothing,124.19,Several,124.19,U01902,South,Low,Completed,1331.22
P001701,Beauty,35.65,Tonight,35.65,U01771,East,High,Completed,475.73
P002812,Home & Kitchen,112.56,Finally,112.56,U02893,South,Low,Completed,752.02
P000402,Electronics,185.84,Evidence,185.84,U00824,South,Low,Pending,1101.2
P004358,Beauty,190.0,Chair,190.0,U00131,North,High,Cancelled,2199.01
P001018,Electronics,127.62,Scene,127.62,U00382,West,High,Completed,775.49
P005173,Sports,133.04,Authority,133.04,U00235,South,Medium,Completed,543.51
P000347,Beauty,255.12,Arm,255.12,U01922,South,Medium,Completed,1183.95
P007921,Home & Kitchen,142.13,Require,142.13,U02129,North,Medium,Pending,1440.73
P006474,Beauty,44.22,Majority,44.22,U02978,South,High,Completed,417.17
P005461,Beauty,75.26,Picture,75.26,U02297,South,Medium,Completed,921.91
P004024,Sports,69.05,Actually,69.05,U02956,North,Medium,Completed,514.7
P004433,Books,44.8,Rock,44.8,U01094,East,Medium,Pending,462.08
P001934,Books,22.31,Tax,22.31,U00860,West,Low,Completed,2476.31
P001245,Groceries,61.21,Build,61.21,U01172,West,Low,Completed,1021.07
P000970,Books,74.35,Court,74.35,U02100,South,Low,Completed,987.19
P000319,Beauty,44.36,Family,44.36,U02374,West,High,Cancelled,2283.58
P000283,Books,69.23,Deep,69.23,U01527,South,High,Completed,806.48
P005607,Books,254.24,Ability,254.24,,East,High,Pending,376.35
P007534,Home & Kitchen,37.08,Study,37.08,U01780,West,High,Completed,824.34
P006786,Home & Kitchen,42.5,If,42.5,U01329,North,Low,Completed,572.44
P003774,Electronics,109.71,Most,109.71,U01187,North,Medium,Completed,1299.42
P007444,Sports,5.93,Technology,5.93,U00934,South,Medium,Completed,544.32
P000370,Books,73.13,Two,73.13,U02574,North,High,Pending,803.65
P002835,Electronics,63.07,Learn,63.07,U02455,East,Medium,Completed,127.01
P007908,Sports,22.05,Drop,22.05,U01316,South,Low,Completed,325.24
P003921,Clothing,125.74,Suggest,125.74,U00797,North,Medium,Completed,2232.83
P006286,Clothing,77.81,Carry,77.81,U00758,South,Medium,Completed,1425.7
P007627,Books,82.85,Where,82.85,U02817,North,Low,Cancelled,1294.46
P004914,Electronics,16.66,Wide,16.66,U01566,North,Low,Completed,307.18
P002229,Beauty,44.56,Modern,44.56,U02390,North,High,Pending,468.11
P007540,Home & Kitchen,96.39,Receive,96.39,U01562,South,Low,Completed,1267.58
P003683,Sports,49.56,Space,49.56,U00014,South,Low,Completed,1764.72
P006630,Home & Kitchen,93.26,Dog,93.26,U01223,North,High,Completed,812.87
P001494,Clothing,23.86,Just,23.86,U01256,South,Medium,Completed,148.7
P004326,Beauty,22.43,Stock,22.43,U02318,East,Low,Completed,1941.8
P002903,Groceries,22.49,Population,22.49,U00107,South,Medium,Completed,907.2
P002680,Groceries,44.75,Effort,44.75,U02765,East,Medium,Completed,862.69
P001748,Clothing,73.16,Responsibility,73.16,U02063,North,Low,Completed,332.21
P003256,Home & Kitchen,123.76,Past,123.76,U00809,West,High,Completed,460.15
P007835,Beauty,50.04,Rule,50.04,U01346,East,High,Completed,676.7
P001961,Beauty,74.44,Economy,74.44,U00718,West,Low,Completed,1347.18
P005100,Clothing,71.38,Everyone,71.38,U00235,East,Low,Completed,274.39
P007389,Clothing,164.32,Amount,164.32,U00997,West,Medium,Completed,990.76
P007538,Sports,56.26,Court,56.26,,North,High,Completed,612.52
P000568,Home & Kitchen,99.42,Brother,99.42,U00352,East,Low,Completed,1099.69
P002421,Electronics,111.67,Stage,111.67,U00120,South,Low,Pending,644.85
P004673,Sports,50.35,Leg,50.35,U02511,East,High,Completed,642.43
P001585,Home & Kitchen,59.04,Administration,59.04,U01883,North,Low,Completed,606.05
P000849,Electronics,36.49,Serve,36.49,U02187,South,High,Completed,342.31
P005242,Books,20.6,Will,20.6,U00684,North,Low,Pending,1091.55
P000438,Beauty,157.22,Be,157.22,U00591,South,High,Completed,757.9
P004507,Electronics,40.42,Laugh,40.42,U01286,East,Medium,Completed,1107.57
P006276,Sports,53.04,Staff,53.04,U02206,West,Low,Completed,420.95
P001868,Electronics,16.6,Religious,16.6,U02428,East,Medium,Completed,623.31
P001250,Books,91.32,Back,91.32,U00828,West,Low,Completed,433.45
P006590,Groceries,14.19,School,14.19,U02517,South,Medium,Completed,858.58
P005687,Books,101.52,Along,101.52,U00010,South,Medium,Pending,1820.75
P003986,Clothing,125.07,Along,125.07,U00413,West,Medium,Completed,144.75
P005705,Clothing,104.77,Ground,104.77,U02118,West,Low,Pending,107.25
P002216,Clothing,28.38,Account,28.38,U00754,North,Low,Completed,839.62
P001659,Home & Kitchen,26.49,Bar,26.49,U01859,West,Low,Completed,367.0
P006589,Sports,135.8,Rise,135.8,U01918,East,Low,Completed,752.34
P007103,Books,22.55,Skin,22.55,U02345,West,Medium,Completed,318.98
P000838,Beauty,45.84,Majority,45.84,U01258,West,Medium,Completed,1478.95
P002750,Books,35.13,Yet,35.13,U01427,South,Low,Cancelled,397.11
P005311,Clothing,23.73,Coach,23.73,U02861,West,Medium,Completed,1992.32
P005151,Home & Kitchen,72.43,Fund,72.43,U01401,North,High,Completed,1399.6
P002727,Books,131.02,Something,131.02,U00555,South,High,Completed,740.2
P002963,Sports,28.81,Attorney,28.81,U00820,North,Medium,Completed,736.04
P007589,Clothing,39.37,Ability,39.37,U02978,West,High,Completed,1017.39
P000200,Groceries,151.24,Social,151.24,U01795,West,Low,Completed,1156.77
P006261,Groceries,62.03,Couple,62.03,U01212,East,High,Pending,1267.38
P006887,Groceries,110.4,Teach,110.4,U00576,West,Medium,Completed,641.17
P006947,Beauty,139.25,Financial,139.25,U01243,West,High,Cancelled,137.32
P005154,Home & Kitchen,120.29,Whole,120.29,U01123,West,Medium,Completed,375.98
P007667,Electronics,77.85,Population,77.85,U00772,North,High,Completed,912.82
P000895,Home & Kitchen,159.26,Attack,159.26,U00963,North,Medium,Completed,612.77
P003666,Home & Kitchen,37.47,Land,37.47,U02702,East,Medium,Completed,1138.41
P006194,Beauty,49.57,Sit,49.57,U02254,South,High,Pending,736.19
P007183,Clothing,50.76,Very,50.76,U01529,East,Low,Pending,632.7
P004167,Home & Kitchen,66.52,Physical,66.52,U01815,East,High,Cancelled,319.14
P001499,Clothing,19.73,Loss,19.73,U00841,North,High,Completed,1568.7
P006898,Sports,79.63,Radio,79.63,U00513,East,Medium,Refunded,1020.81
P005698,Books,34.29,College,34.29,U02128,South,Low,Completed,861.87
P002921,Sports,153.83,Through,153.83,U01016,South,Medium,Pending,514.72
P002138,Books,116.9,Example,116.9,U02247,West,Low,Completed,1775.22
P004970,Home & Kitchen,24.88,Imagine,24.88,U00097,North,Low,Completed,575.03
P007792,Books,113.75,Authority,113.75,U02555,East,Medium,Cancelled,1233.92
P001830,Clothing,113.43,Republican,113.43,,West,High,Completed,1420.14
P002260,Clothing,104.79,Security,104.79,U01312,South,Medium,Completed,1182.9
P006654,Clothing,35.47,International,35.47,U01389,West,Low,Completed,694.13
P003941,Groceries,90.11,Worry,90.11,U00614,North,Medium,Refunded,697.77
P003025,Groceries,88.37,Process,88.37,U02709,South,High,Pending,617.8
P004797,Books,111.92,Case,111.92,U02139,East,Medium,Completed,742.13
P007801,Electronics,80.12,Pass,80.12,U01288,North,Low,Pending,543.5
P005233,Beauty,37.13,Economy,37.13,,West,High,Completed,1320.78
P006007,Beauty,16.39,Enjoy,16.39,U01154,South,High,Completed,1339.61
P001669,Clothing,16.86,Character,16.86,U01929,East,High,Refunded,1314.26
P002050,Electronics,59.67,Group,59.67,U00039,North,Medium,Pending,361.25
P007507,Beauty,81.59,Couple,81.59,U02129,South,Medium,Completed,823.44
P004023,Home & Kitchen,27.12,Its,27.12,U00429,South,Low,Completed,1158.89
P004078,Electronics,70.1,Old,70.1,U01831,West,High,Completed,930.03
P004042,Electronics,127.77,Why,127.77,U01731,North,Medium,Completed,802.37
P001051,Sports,164.16,Blue,164.16,U01025,West,Medium,Completed,1152.18
P006038,Beauty,38.86,Common,38.86,U02438,South,Low,Completed,1024.38
P001771,Clothing,24.88,Continue,24.88,U02869,West,Medium,Completed,991.43
P001683,Home & Kitchen,55.91,Research,55.91,,West,Medium,Refunded,952.78
P000691,Groceries,23.68,Business,23.68,U00228,West,High,Completed,1224.26
P002825,Books,69.98,Road,69.98,U00416,West,Low,Completed,1155.44
P002723,Home & Kitchen,70.59,Body,70.59,U01206,East,High,Completed,368.33
P007710,Groceries,90.64,Positive,90.64,U01236,West,Medium,Pending,1189.37
P000201,Books,56.93,Example,56.93,U02494,South,High,Completed,989.07
P005820,Beauty,76.54,Would,76.54,U01815,South,Low,Pending,205.76
P003629,Electronics,126.4,Nature,126.4,U02436,North,High,Completed,801.21
P000101,Home & Kitchen,48.77,Religious,48.77,U02724,West,High,Pending,590.63
P003460,Groceries,20.43,Key,20.43,U02028,West,High,Completed,812.5
P001950,Sports,19.91,Success,19.91,U00046,South,Medium,Cancelled,814.62
P001823,Sports,192.52,Pattern,192.52,,South,Medium,Completed,862.94
P002330,Clothing,38.74,Organization,38.74,U00094,West,Medium,Completed,992.78
P002177,Electronics,47.14,Become,47.14,U01472,South,Low,Completed,306.25
P005252,Beauty,101.93,Small,101.93,U00333,North,High,Completed,594.55
P001922,Groceries,129.63,Either,129.63,U01746,West,Medium,Completed,634.2
P003466,Books,29.15,Although,29.15,U02813,West,Low,Completed,330.4
P003288,Books,46.28,Responsibility,46.28,U02534,West,High,Completed,523.67
P007959,Groceries,75.0,Now,75.0,U00340,North,High,Refunded,1017.6
P003006,Beauty,21.6,Color,21.6,U00646,West,Low,Completed,1128.53
P001933,Beauty,58.37,Direction,58.37,U00612,West,Low,Completed,512.24
P000859,Groceries,95.77,Six,95.77,,North,High,Refunded,1481.58
P007566,Home & Kitchen,14.92,Citizen,14.92,U02354,East,Medium,Cancelled,994.79
P000821,Electronics,155.35,Start,155.35,U02795,North,Medium,Cancelled,1283.49
P007685,Books,67.52,Participant,67.52,U01231,South,Low,Pending,284.22
P000329,Electronics,192.56,Part,192.56,U02067,South,Low,Completed,450.33
P000049,Books,221.88,Source,221.88,U00222,North,Low,Completed,1079.58
P004282,Groceries,111.84,Both,111.84,U00021,North,Low,Completed,849.27
P001524,Home & Kitchen,10.43,Fear,10.43,U00920,North,Low,Completed,1966.86
P000789,Home & Kitchen,58.5,Decide,58.5,U02141,West,High,Completed,2273.12
P002446,Home & Kitchen,161.28,Beat,161.28,U01117,East,Low,Completed,831.52
P003041,Electronics,32.64,Week,32.64,U00814,East,High,Completed,895.96
P002419,Home & Kitchen,50.82,Impact,50.82,U02509,North,Medium,Completed,835.68
P007557,Books,123.93,Admit,123.93,U00094,West,Low,Refunded,695.55
P006587,Clothing,54.52,Natural,54.52,U00945,East,Low,Pending,245.99
P000273,Electronics,91.55,News,91.55,U02009,West,Low,Cancelled,329.03
P007125,Groceries,48.9,Important,48.9,U01088,East,High,Completed,1054.72
P001182,Electronics,12.28,Follow,12.28,U02994,West,Low,Pending,757.34
P005568,Books,71.77,Year,71.77,U00355,East,Low,Refunded,777.37
P003297,Electronics,75.77,Let,75.77,U01284,North,Medium,Pending,1914.41
P001318,Books,112.73,Right,112.73,U02725,East,Medium,Completed,1023.99
P005488,Clothing,103.77,South,103.77,U01521,North,Medium,Pending,790.46
P005935,Sports,114.62,Economy,114.62,U00549,North,Medium,Completed,831.13
P003182,Books,149.11,Him,149.11,U00232,West,Medium,Completed,1052.22
P005407,Clothing,111.2,When,111.2,U01669,South,Low,Completed,1342.15
P002176,Home & Kitchen,31.85,Pick,31.85,U00663,South,Medium,Pending,184.4
P003293,Beauty,52.97,School,52.97,U01281,West,Medium,Completed,75.33
P007165,Beauty,155.57,Recent,155.57,U01087,West,Low,Completed,3105.92
P000404,Sports,30.96,Step,30.96,U00532,North,Low,Completed,179.44
P007157,Groceries,190.7,Before,190.7,U01172,East,Medium,Pending,1884.5
P007535,Electronics,181.63,Pass,181.63,U01652,West,Low,Refunded,376.81
P004771,Books,85.8,Throw,85.8,U03000,East,Low,Pending,576.53
P002356,Beauty,56.44,He,56.44,U02556,North,High,Completed,300.81
P000614,Groceries,72.66,Talk,72.66,U00808,West,Low,Completed,2169.47
P004626,Clothing,27.64,Face,27.64,,West,Low,Completed,833.78
P005591,Books,118.79,Positive,118.79,U02212,West,High,Pending,1030.86
P006709,Groceries,19.03,Born,19.03,U00541,East,Medium,Pending,1910.59
P005742,Home & Kitchen,57.77,Though,57.77,U02998,East,High,Completed,1279.07
P003376,Beauty,123.31,Tell,123.31,,South,High,Completed,1590.15
P000996,Electronics,107.98,Rate,107.98,U00164,East,Low,Completed,2721.92
P000095,Sports,65.17,They,65.17,U00474,West,High,Completed,460.08
P003093,Books,66.92,Training,66.92,U01658,East,Low,Completed,905.71
P001420,Sports,68.14,Institution,68.14,U00188,South,High,Completed,675.87
P006086,Sports,63.96,Security,63.96,U01412,South,Low,Completed,246.24
P000795,Home & Kitchen,60.46,Popular,60.46,U00828,South,High,Completed,566.26
P000765,Clothing,84.92,Different,84.92,U01023,North,Medium,Completed,356.48
P004213,Groceries,51.49,Light,51.49,U01041,East,High,Refunded,781.62
P005239,Beauty,55.68,Far,55.68,U00276,East,High,Completed,548.6
P001132,Sports,29.51,Grow,29.51,U00501,East,Medium,Completed,1800.81
P005892,Beauty,137.57,Choose,137.57,,North,Low,Completed,931.64
P003441,Clothing,168.83,Full,168.83,U02628,North,Medium,Completed,1229.56
P003876,Clothing,70.86,Remain,70.86,U01898,West,High,Completed,677.06
P004747,Groceries,158.47,Join,158.47,U02504,West,Medium,Completed,1333.27
P003009,Home & Kitchen,202.8,Security,202.8,U02562,East,Medium,Completed,682.24
P000506,Clothing,39.89,Score,39.89,U00015,North,Medium,Completed,1508.72
P003783,Electronics,49.93,Piece,49.93,U02507,West,Medium,Refunded,540.62
P002634,Home & Kitchen,174.07,Safe,174.07,U01079,West,High,Completed,745.38
P002269,Groceries,103.93,Suddenly,103.93,U00012,South,Low,Completed,1064.24
P002500,Home & Kitchen,98.12,Story,98.12,U00516,West,High,Completed,634.51
P006985,Books,82.7,Recently,82.7,U02497,North,Medium,Cancelled,1264.59
P003831,Books,45.72,Down,45.72,U00935,South,Medium,Completed,1713.55
P000020,Sports,49.86,Better,49.86,U02941,East,Low,Completed,716.65
P006787,Clothing,44.59,Kid,44.59,U02479,North,High,Completed,835.2
P000927,Books,31.47,Thing,31.47,U01209,South,High,Completed,1634.91
P003931,Clothing,161.88,Job,161.88,U01256,North,High,Cancelled,449.31
P007843,Electronics,35.67,Group,35.67,U00819,South,High,Completed,598.09
P006354,Sports,6.47,Drive,6.47,U02657,South,Low,Pending,710.34
P001671,Sports,54.92,Main,54.92,U01561,East,Medium,Completed,809.35
P003834,Home & Kitchen,53.13,Second,53.13,U02719,North,Low,Cancelled,389.63
P007158,Sports,114.46,Father,114.46,U01823,South,High,Refunded,1437.88
P007045,Groceries,95.07,Style,95.07,U02377,West,Low,Completed,1008.75
P007662,Home & Kitchen,63.13,Top,63.13,,North,High,Completed,768.29
P001369,Books,22.35,Simple,22.35,U01830,East,Low,Completed,851.81
P007385,Electronics,114.08,Sign,114.08,U01124,North,High,Completed,1222.19
P001408,Groceries,278.18,Full,278.18,U00330,West,Medium,Completed,852.71
P006822,Beauty,72.22,Send,72.22,,East,High,Completed,1411.3
P006503,Beauty,89.48,Wall,89.48,U02671,North,High,Completed,786.81
P002337,Sports,99.53,Other,99.53,U01594,North,High,Pending,548.13
P000228,Clothing,142.18,Decide,142.18,U00952,West,High,Completed,788.14
P002469,Sports,84.71,Care,84.71,U02720,West,Low,Completed,339.97
P000752,Beauty,166.53,Fly,166.53,U01326,North,Low,Completed,1025.58
P003380,Sports,35.6,Child,35.6,U02723,South,High,Completed,475.87
P007613,Beauty,82.62,Summer,82.62,U00874,West,High,Completed,777.4
P004442,Groceries,46.0,Wife,46.0,U00760,West,High,Completed,367.85
P001629,Clothing,200.67,Billion,200.67,,North,Medium,Completed,641.59
P000686,Clothing,100.94,Stop,100.94,U02874,North,Low,Completed,1078.42
P007785,Books,200.74,Into,200.74,U01587,West,High,Completed,705.35
P005731,Books,77.26,Now,77.26,U01174,West,High,Completed,2066.71
P003604,Home & Kitchen,230.71,Pick,230.71,U02377,South,High,Completed,1065.42
P007768,Home & Kitchen,119.51,Each,119.51,U01252,South,High,Completed,1717.41
P007769,Groceries,32.01,Possible,32.01,U02085,West,High,Completed,496.06
P001177,Groceries,84.49,Give,84.49,U00640,South,Medium,Completed,1476.64
P003833,Sports,57.54,Toward,57.54,U00072,East,Low,Cancelled,920.53
P006458,Clothing,28.1,Minute,28.1,U02938,North,Medium,Completed,623.76
P003985,Sports,98.04,Need,98.04,U02322,South,High,Completed,752.87
P001908,Books,97.7,Can,97.7,,East,High,Completed,494.52
P002509,Electronics,25.41,Always,25.41,U02130,North,Low,Completed,334.9
P002252,Books,81.52,Will,81.52,U00461,West,Low,Refunded,390.04
P002872,Books,52.14,Listen,52.14,U00433,East,High,Completed,1470.58
P002675,Books,20.54,North,20.54,U01741,North,Low,Completed,1152.77
P000685,Groceries,45.98,Shoulder,45.98,U02729,South,Low,Completed,938.48
P004193,Sports,103.33,Employee,103.33,U02846,South,High,Completed,370.47
P003447,Groceries,104.44,Behind,104.44,U01184,South,Medium,Cancelled,640.09
P007576,Clothing,24.52,Step,24.52,U00982,North,High,Cancelled,392.77
P002394,Home & Kitchen,28.84,Assume,28.84,U00791,East,Low,Completed,862.4
P002312,Books,76.57,Eat,76.57,U01888,East,Medium,Refunded,1645.76
P007684,Beauty,71.13,Food,71.13,,South,Medium,Completed,864.25
P003836,Beauty,35.19,Sure,35.19,U00604,West,High,Pending,569.5
P002065,Home & Kitchen,82.27,Wind,82.27,U02697,North,High,Completed,697.99
P003707,Clothing,86.05,Could,86.05,,South,High,Completed,1709.78
P005055,Electronics,36.51,Business,36.51,U00013,East,Low,Pending,415.15
P007631,Electronics,45.59,Piece,45.59,U00890,West,Low,Completed,620.39
P001417,Beauty,22.27,Fight,22.27,U02679,West,High,Cancelled,2038.38
P004364,Sports,76.38,Class,76.38,U02280,West,Medium,Cancelled,339.48
P002014,Groceries,144.03,Choose,144.03,U02362,West,High,Completed,1485.95
P005026,Books,39.92,Force,39.92,U00929,West,Low,Refunded,1369.53
P007658,Home & Kitchen,43.25,Reach,43.25,U02012,East,Low,Completed,1095.41
P005653,Clothing,28.92,Establish,28.92,U02971,West,Medium,Completed,2755.27
P006857,Home & Kitchen,172.62,Knowledge,172.62,U00992,North,High,Completed,881.42
P006151,Books,230.44,Set,230.44,U02964,West,Medium,Completed,841.53
P002859,Home & Kitchen,64.38,Card,64.38,U00622,West,High,Completed,2776.53
P004401,Home & Kitchen,58.1,Radio,58.1,U02395,North,High,Completed,1357.53
P007854,Books,66.62,Evening,66.62,U02496,East,Low,Completed,1319.93
P005593,Home & Kitchen,138.62,Heavy,138.62,U00029,West,Medium,Completed,250.02
P005292,Sports,116.49,Clearly,116.49,U02703,East,High,Completed,628.97
P004413,Clothing,35.59,Born,35.59,U00345,West,Medium,Completed,680.83
P005577,Books,48.79,Coach,48.79,U02221,West,Low,Completed,810.5
P002126,Books,43.17,Tell,43.17,U01282,East,High,Completed,1444.78
P002690,Beauty,141.64,Keep,141.64,U00662,East,Medium,Completed,744.93
P003958,Beauty,47.3,Yet,47.3,U00475,East,Medium,Completed,881.78
P003509,Beauty,15.86,Cultural,15.86,U00174,North,Medium,Completed,1141.91
P005780,Books,51.4,Hospital,51.4,U00362,East,Low,Completed,920.88
P000598,Electronics,18.46,Board,18.46,U02307,West,Medium,Refunded,456.58
P005295,Books,91.24,Listen,91.24,U02457,West,Low,Completed,1115.74
P000718,Groceries,29.15,Price,29.15,U00851,West,Medium,Completed,962.3
P004764,Groceries,88.58,Look,88.58,U00574,East,Low,Completed,648.92
P000142,Beauty,39.74,Serious,39.74,U02570,South,Low,Completed,286.27
P002691,Sports,47.06,Culture,47.06,U01019,North,Low,Cancelled,915.1
P002212,Books,65.97,Discussion,65.97,U00529,East,Low,Refunded,779.92
P006570,Home & Kitchen,69.14,Every,69.14,U02743,West,High,Pending,459.03
P003459,Home & Kitchen,18.64,Continue,18.64,U00014,North,Low,Pending,605.69
P006719,Home & Kitchen,140.89,It,140.89,,North,Medium,Cancelled,1101.78
P004056,Electronics,83.89,Bar,83.89,U02274,North,Low,Pending,503.86
P000664,Sports,147.62,Have,147.62,U02663,South,Medium,Completed,1826.13
P001115,Sports,59.13,Social,59.13,U02843,East,Medium,Completed,1965.97
P005944,Clothing,18.29,Green,18.29,U01589,East,High,Completed,1025.21
P001205,Clothing,86.99,Fear,86.99,U02848,North,Medium,Completed,1606.01
P004279,Home & Kitchen,65.75,Practice,65.75,U00704,South,Low,Completed,2295.04
P003578,Books,163.87,Hold,163.87,U02738,East,High,Completed,132.85
P000017,Groceries,42.46,Knowledge,42.46,U02622,South,High,Completed,1169.13
P005540,Beauty,61.26,Positive,61.26,U01139,North,Low,Completed,1087.73
P005832,Beauty,54.81,Already,54.81,U01411,West,High,Completed,578.74
P006245,Books,105.2,Arm,105.2,U00418,North,Medium,Completed,1178.61
P004984,Beauty,63.01,Impact,63.01,U01880,South,Medium,Completed,1618.39
P004889,Beauty,19.48,Firm,19.48,U00969,West,Medium,Pending,138.32
P004105,Sports,230.61,Our,230.61,U01532,West,Low,Completed,919.57
P004734,Groceries,198.8,Fund,198.8,U02950,West,High,Completed,1618.18
P007514,Clothing,171.31,Unit,171.31,U02797,North,High,Completed,1117.95
P005179,Books,101.51,Through,101.51,U02395,South,Medium,Completed,2027.95
P004675,Electronics,62.35,Buy,62.35,U02251,North,Low,Completed,313.42
P002970,Electronics,75.61,Item,75.61,U00575,North,High,Completed,487.0
P003337,Groceries,77.58,Responsibility,77.58,U01371,South,Medium,Cancelled,651.89
P006104,Clothing,73.12,Pattern,73.12,U01779,West,Medium,Completed,382.57
P004830,Home & Kitchen,110.29,Two,110.29,U00573,West,Low,Completed,899.07
P004080,Sports,162.36,Arrive,162.36,U00967,North,High,Completed,832.74
P001336,Groceries,131.63,When,131.63,U02336,East,Medium,Completed,385.63
P000144,Groceries,202.25,Difference,202.25,U02183,West,High,Completed,1359.26
P004638,Books,89.99,Often,89.99,U00857,South,High,Pending,1077.77
P000771,Electronics,48.4,Simply,48.4,U00304,East,Low,Cancelled,711.55
P001766,Home & Kitchen,75.47,Where,75.47,U00674,West,Low,Completed,2439.26
P004054,Clothing,64.35,Stuff,64.35,U01009,East,Medium,Cancelled,1462.08
P002992,Home & Kitchen,71.03,Court,71.03,U00814,South,Medium,Completed,651.45
P006297,Groceries,67.02,None,67.02,U01275,South,Medium,Pending,475.51
P002546,Books,44.25,For,44.25,U02631,West,Low,Pending,781.48
P005406,Groceries,203.29,Difficult,203.29,U01726,West,Medium,Refunded,2362.15
P006255,Home & Kitchen,96.48,What,96.48,U01426,South,High,Completed,273.84
P004263,Electronics,199.67,Computer,199.67,U02267,North,High,Completed,1695.54
P007483,Electronics,138.0,Develop,138.0,U02043,North,High,Refunded,1024.01
P005624,Sports,71.65,Body,71.65,U02881,South,High,Completed,1082.89
P006824,Electronics,44.54,Right,44.54,U01281,North,Medium,Completed,1386.58
P001651,Beauty,45.52,Nice,45.52,U01309,West,Medium,Cancelled,1219.4
P000354,Clothing,39.29,Should,39.29,U01848,East,Low,Completed,935.27
P003221,Groceries,48.91,Natural,48.91,U00416,South,Low,Completed,396.83
P002561,Clothing,36.91,Star,36.91,U01109,North,Low,Completed,1230.56
P002147,Groceries,82.16,Have,82.16,U00039,South,High,Completed,839.5
P001711,Sports,39.99,Find,39.99,U00196,North,Low,Completed,796.52
P007503,Groceries,191.15,Arrive,191.15,U00860,West,High,Cancelled,1777.99
P006215,Electronics,133.36,Story,133.36,U01525,East,Medium,Completed,323.0
P000669,Clothing,67.45,Threat,67.45,U02267,East,High,Completed,279.84
P007760,Electronics,91.94,Feeling,91.94,U01072,North,Low,Completed,660.6
P006370,Clothing,112.42,How,112.42,U01169,East,Low,Completed,676.96
P004562,Groceries,102.33,Edge,102.33,U02125,East,Low,Completed,270.98
P007356,Sports,13.42,Fill,13.42,U00208,North,High,Completed,343.25
P003243,Sports,21.71,No,21.71,U01739,West,High,Completed,772.82
P007847,Clothing,29.6,Magazine,29.6,U02659,North,Low,Completed,580.0
P002449,Sports,26.32,Chance,26.32,U01776,North,High,Completed,151.58
P006359,Clothing,74.35,Similar,74.35,U01040,East,High,Completed,733.37
P005925,Clothing,28.04,Politics,28.04,U02447,South,High,Completed,789.16
P005264,Beauty,80.87,Assume,80.87,U02377,South,High,Pending,1098.66
P005519,Electronics,64.59,Cup,64.59,U02225,North,High,Cancelled,1624.09
P003872,Beauty,270.05,Summer,270.05,U02371,East,Low,Completed,576.9
P007902,Home & Kitchen,79.72,Easy,79.72,U02287,South,Low,Completed,243.97
P004110,Books,39.8,Bad,39.8,U00345,South,High,Cancelled,779.59
P003885,Electronics,57.63,When,57.63,U01858,West,High,Completed,2535.34
P006663,Home & Kitchen,56.32,Pm,56.32,U00249,North,Medium,Completed,814.78
P002010,Clothing,130.17,Way,130.17,U00837,South,Low,Completed,697.85
P007382,Beauty,71.99,Turn,71.99,U01016,South,High,Completed,365.17
P002145,Home & Kitchen,141.09,Will,141.09,U00741,East,High,Completed,395.22
P002302,Home & Kitchen,313.87,Daughter,313.87,U00323,North,High,Completed,308.73
P005781,Beauty,10.03,Value,10.03,U02186,West,High,Completed,658.43
P004892,Home & Kitchen,240.11,Staff,240.11,U02478,East,Low,Completed,1113.24
P007327,Groceries,130.04,Movement,130.04,U00658,East,Low,Pending,908.23
P003451,Clothing,111.42,Nor,111.42,U02820,East,Low,Completed,1265.51
P007221,Books,35.69,Do,35.69,U02422,North,Low,Cancelled,636.88
P006753,Home & Kitchen,69.06,Center,69.06,U01240,North,Medium,Cancelled,915.32
P005352,Sports,88.06,Actually,88.06,U01764,East,Medium,Completed,490.24
P003359,Clothing,43.12,Free,43.12,U00267,West,High,Completed,901.51
P001311,Home & Kitchen,38.6,Fight,38.6,U02767,North,Low,Completed,825.99
P002381,Clothing,184.54,War,184.54,U00381,North,Medium,Cancelled,1565.61
P000978,Sports,30.78,Green,30.78,U02322,East,Medium,Refunded,756.29
P006932,Groceries,47.44,Which,47.44,U02440,South,Low,Pending,855.56
P007827,Sports,82.54,Must,82.54,U01827,North,Medium,Cancelled,1386.87
P001009,Clothing,92.66,Edge,92.66,U01058,South,High,Refunded,580.05
P002173,Electronics,60.08,Standard,60.08,U00638,East,Low,Completed,883.65
P006254,Books,112.88,Walk,112.88,U00054,West,Low,Completed,574.79
P000106,Electronics,57.84,Raise,57.84,U01163,East,Low,Pending,987.04
P006951,Home & Kitchen,44.68,Bad,44.68,U02699,West,High,Completed,2118.46
P007319,Beauty,74.97,Various,74.97,U01888,North,Medium,Cancelled,1544.21
P006453,Clothing,45.09,What,45.09,U02258,West,Low,Completed,853.33
P002943,Sports,76.71,Door,76.71,U00862,South,Medium,Completed,251.44
P007378,Sports,150.43,Country,150.43,U02507,West,Low,Completed,1119.91
P001835,Sports,92.88,Usually,92.88,U02307,North,Medium,Completed,1832.44
P000737,Beauty,43.34,Kitchen,43.34,U02154,South,High,Refunded,633.02
P002406,Books,79.52,Among,79.52,U01348,South,Medium,Completed,659.79
P007879,Sports,29.54,Tend,29.54,U02093,North,Low,Completed,1389.28
P004775,Home & Kitchen,57.9,Low,57.9,U02092,North,Low,Completed,874.78
P005699,Clothing,58.76,Sign,58.76,U01139,North,Low,Refunded,524.05
P006926,Home & Kitchen,92.61,Statement,92.61,U01191,West,Medium,Completed,423.61
P000781,Books,91.41,Better,91.41,U01196,North,Medium,Cancelled,399.76
P007776,Home & Kitchen,40.76,A,40.76,U00019,West,High,Completed,446.16
P006856,Beauty,68.95,Throw,68.95,U00877,South,Medium,Completed,1050.56
P004485,Beauty,49.56,Collection,49.56,U00819,West,Low,Completed,757.68
P007700,Books,16.77,Scene,16.77,U00337,East,Medium,Completed,907.27
P000388,Groceries,35.62,Economic,35.62,U02102,South,Low,Completed,298.39
P000208,Beauty,16.61,Coach,16.61,U02080,East,Low,Completed,899.81
P000366,Books,93.81,Cover,93.81,U02738,North,High,Refunded,2954.23
P004645,Beauty,42.49,Of,42.49,U01682,South,Low,Completed,141.96
P004869,Home & Kitchen,23.69,Safe,23.69,U00546,East,Medium,Pending,963.83
P000850,Electronics,53.25,Wait,53.25,U01320,South,Low,Completed,761.23
P005047,Clothing,24.11,Show,24.11,U02368,South,Medium,Completed,730.21
P007554,Home & Kitchen,43.9,Image,43.9,U02735,West,Low,Pending,1553.91
P007909,Sports,68.69,Degree,68.69,U01872,South,Low,Completed,596.02
P006754,Groceries,146.56,Moment,146.56,U02300,West,Low,Completed,551.83
P006814,Beauty,112.97,Since,112.97,U00146,West,High,Completed,399.44
P006760,Groceries,102.25,Worry,102.25,U00810,East,Medium,Completed,680.13
P004848,Clothing,53.52,She,53.52,,East,Low,Completed,2371.64
P001714,Electronics,64.24,Reason,64.24,U02063,North,Low,Pending,664.57
P002141,Clothing,165.17,Explain,165.17,U01551,North,Low,Completed,1238.35
P004336,Electronics,67.21,Rest,67.21,U00833,North,Low,Completed,708.13
P004441,Beauty,167.83,Just,167.83,U02533,East,High,Completed,677.34
P003309,Beauty,69.54,Market,69.54,U01727,North,Medium,Completed,1168.3
P003301,Beauty,23.89,Itself,23.89,U00242,West,Low,Completed,671.0
P003218,Groceries,231.8,Goal,231.8,U00832,South,Low,Completed,849.2
P004524,Books,103.22,Culture,103.22,U00116,West,Medium,Completed,766.57
P007015,Groceries,109.09,Glass,109.09,U02276,East,High,Cancelled,1389.8
P004860,Electronics,181.63,Bank,181.63,U00433,West,Medium,Pending,1859.06
P006161,Groceries,68.3,Since,68.3,U00795,North,High,Cancelled,399.56
P003940,Home & Kitchen,59.24,On,59.24,U01300,North,Low,Refunded,880.0
P007000,Books,126.14,Author,126.14,U00684,West,High,Completed,837.81
P006425,Clothing,44.56,Modern,44.56,U02183,North,Medium,Cancelled,705.35
P005968,Sports,67.89,Point,67.89,U02646,South,Medium,Completed,534.44
P007152,Beauty,104.22,Figure,104.22,U02658,South,Low,Completed,1415.49
P001546,Clothing,82.16,True,82.16,U02819,South,Medium,Completed,2269.04
P004856,Beauty,116.04,Beyond,116.04,U01105,East,Medium,Completed,2391.21
P006111,Electronics,47.54,House,47.54,U02966,East,Medium,Pending,624.19
P007303,Clothing,17.0,Ok,17.0,U00768,South,High,Cancelled,859.64
P005007,Groceries,29.22,Information,29.22,U01274,South,High,Pending,211.12
P001437,Home & Kitchen,54.37,Really,54.37,U02507,North,High,Pending,923.9
P003244,Groceries,67.63,Might,67.63,U02946,East,High,Completed,534.87
P003084,Groceries,130.32,Less,130.32,U00705,West,Low,Completed,279.33
P005455,Electronics,139.57,Fund,139.57,U02221,East,Low,Cancelled,839.48
P007418,Beauty,90.73,Themselves,90.73,U02321,East,High,Completed,620.44
P001145,Sports,68.82,Effort,68.82,U01425,East,High,Completed,996.11
P003396,Books,54.51,Nothing,54.51,U01940,West,High,Pending,772.05
P001549,Electronics,187.04,Edge,187.04,,North,Low,Pending,482.48
P004470,Clothing,37.33,Building,37.33,U02350,North,Low,Pending,1072.28
P001140,Electronics,59.9,Action,59.9,U00516,West,Low,Completed,191.92
P005566,Home & Kitchen,73.32,Hour,73.32,U00789,North,Medium,Completed,705.13
P003154,Home & Kitchen,124.03,Father,124.03,U00772,East,High,Completed,546.44
P005472,Books,57.83,Help,57.83,U01402,South,Medium,Completed,816.29
P004446,Books,55.08,Yeah,55.08,U02411,North,Medium,Completed,772.58
P002789,Clothing,18.34,Less,18.34,U01058,South,Medium,Completed,1078.93
P000898,Electronics,25.59,Give,25.59,U02283,North,Low,Pending,907.53
P002037,Books,13.69,Real,13.69,U00365,North,High,Completed,1073.54
P003627,Groceries,85.15,Generation,85.15,U02658,East,Medium,Pending,364.73
P001428,Electronics,36.63,Entire,36.63,U00495,East,Low,Pending,442.86
P002942,Groceries,81.28,Movie,81.28,U02173,West,Low,Completed,455.22
P003429,Electronics,232.98,Coach,232.98,U00707,West,High,Completed,985.39
P002573,Books,21.41,Enough,21.41,U01001,East,Low,Completed,1010.49
P007653,Home & Kitchen,256.57,Issue,256.57,U01590,North,Low,Pending,837.04
P005563,Books,48.58,Traditional,48.58,U01477,West,High,Completed,722.42
P002596,Books,61.52,Then,61.52,U01124,North,Low,Pending,343.45
P005845,Electronics,121.11,Consumer,121.11,U00340,West,Medium,Completed,1155.01
P004234,Home & Kitchen,110.84,Piece,110.84,U01778,West,Low,Completed,817.52
P003902,Groceries,44.93,Whole,44.93,U01851,West,Low,Completed,1059.12
P000864,Books,58.09,Society,58.09,U02132,East,High,Completed,1026.9
P001541,Beauty,120.24,Of,120.24,U00772,North,Medium,Completed,529.95
P001261,Electronics,32.05,Energy,32.05,U02491,West,Low,Completed,1009.43
P007656,Home & Kitchen,169.12,Clear,169.12,U02247,West,Medium,Completed,1187.42
P007291,Clothing,83.26,Center,83.26,U01894,South,High,Completed,1409.97
P001929,Beauty,30.38,Southern,30.38,U02800,East,Low,Completed,782.09
P006580,Books,94.83,Part,94.83,U00401,West,High,Completed,559.05
P007836,Beauty,91.77,Level,91.77,U01193,East,High,Completed,753.8
P000768,Home & Kitchen,28.67,Student,28.67,U01439,West,Low,Pending,1176.51
P000604,Home & Kitchen,37.95,Investment,37.95,U00848,West,Medium,Completed,327.44
P007610,Sports,65.76,I,65.76,U00902,South,Low,Completed,1265.57
P003675,Clothing,98.75,World,98.75,U02820,East,Medium,Refunded,1268.97
P000259,Books,79.53,Mention,79.53,U01470,North,Medium,Completed,1014.57
P005294,Sports,54.1,Community,54.1,U00009,West,High,Completed,902.34
P002847,Groceries,68.27,Suddenly,68.27,U02956,North,Medium,Refunded,567.66
P004971,Clothing,82.24,Budget,82.24,U02140,South,Medium,Completed,1377.89
P006393,Home & Kitchen,19.7,Entire,19.7,U02750,West,High,Cancelled,1399.07
P002904,Books,58.79,Feeling,58.79,U01193,East,High,Completed,1063.6
P007856,Electronics,132.46,Idea,132.46,U02721,South,High,Completed,2287.66
P000857,Clothing,88.99,Watch,88.99,U00866,North,High,Completed,181.87
P003162,Beauty,77.37,Feeling,77.37,U00936,East,Medium,Completed,816.15
P000317,Clothing,248.11,My,248.11,U00711,South,High,Completed,738.67
P004130,Beauty,78.86,Tend,78.86,U02160,West,High,Completed,1096.35
P000346,Beauty,159.09,Shoulder,159.09,U01839,South,High,Completed,454.25
P004901,Electronics,73.24,Nice,73.24,U02333,South,High,Pending,339.16
P002457,Books,19.61,Carry,19.61,U02549,West,High,Completed,439.43
P004303,Electronics,74.21,First,74.21,U01919,East,Low,Refunded,290.54
P005395,Clothing,34.07,Lead,34.07,U02789,South,Medium,Completed,463.02
P004089,Electronics,80.61,Quite,80.61,U01987,West,High,Completed,1446.25
P003258,Electronics,18.41,Style,18.41,U00326,South,Low,Completed,796.9
P001527,Books,60.61,Third,60.61,U01003,North,Low,Pending,737.62
P001187,Clothing,20.65,Data,20.65,U00628,North,High,Pending,705.92
P002018,Home & Kitchen,50.75,Probably,50.75,U01751,North,Medium,Completed,996.73
P006659,Home & Kitchen,43.54,A,43.54,,South,High,Completed,497.03
P000293,Beauty,82.42,Live,82.42,U00587,West,Low,Completed,519.8
P003929,Sports,18.76,Hospital,18.76,U01329,North,High,Completed,1804.22
P006180,Home & Kitchen,75.09,Her,75.09,U02133,South,High,Completed,318.24
P005227,Electronics,86.1,Sing,86.1,U02675,North,Low,Completed,614.2
P001624,Electronics,43.16,Field,43.16,U00227,North,Medium,Completed,502.68
P007240,Sports,91.1,Baby,91.1,U00742,West,Medium,Cancelled,813.18
P006356,Books,158.11,Short,158.11,U02006,West,Medium,Completed,1920.03
P006390,Electronics,89.43,Husband,89.43,U01278,East,Medium,Completed,384.59
P001866,Clothing,79.57,Long,79.57,U00674,East,Medium,Completed,509.0
P002881,Groceries,58.77,Hit,58.77,U00094,West,High,Completed,498.65
P002515,Clothing,116.86,Catch,116.86,U02096,South,Medium,Completed,766.29
P004684,Sports,69.38,Have,69.38,U02857,West,Low,Pending,1104.55
P002382,Beauty,161.53,Analysis,161.53,U00852,West,Low,Completed,360.83
P003198,Electronics,39.99,Bill,39.99,U01769,East,Low,Completed,1203.94
P006131,Books,27.87,Wait,27.87,U01558,South,High,Completed,384.76
P001861,Home & Kitchen,176.55,Easy,176.55,U01123,North,High,Completed,964.7
P003879,Groceries,10.76,Measure,10.76,U02128,West,Low,Completed,611.42
P001728,Home & Kitchen,132.06,There,132.06,U00607,West,Medium,Completed,537.43
P004872,Books,194.16,Camera,194.16,U01459,West,Medium,Completed,1600.86
P006138,Clothing,284.01,Effect,284.01,U02821,West,High,Completed,277.41
P000010,Home & Kitchen,70.97,Blue,70.97,U00323,East,High,Completed,383.52
P007878,Sports,56.93,Smile,56.93,,South,Medium,Cancelled,124.17
P002283,Books,47.79,Perform,47.79,U01861,East,High,Completed,625.25
P007087,Groceries,101.15,Reveal,101.15,U02851,West,Low,Cancelled,207.45
P005380,Clothing,57.81,Career,57.81,U02475,South,Low,Completed,2075.25
P003758,Home & Kitchen,60.45,Score,60.45,U01020,South,Medium,Completed,2435.94
P002957,Electronics,29.24,Suggest,29.24,U02701,West,High,Refunded,571.49
P001853,Beauty,72.5,Challenge,72.5,U02616,West,Low,Cancelled,884.58
P004183,Home & Kitchen,331.01,Cultural,331.01,U01971,West,High,Completed,769.76
P004439,Groceries,100.48,Book,100.48,U00519,North,Low,Completed,662.22
P002338,Sports,263.85,Question,263.85,U00814,North,High,Completed,304.36
P006568,Electronics,70.24,Any,70.24,U01905,North,Medium,Completed,975.39
P002854,Groceries,78.19,Political,78.19,U01895,East,Low,Completed,941.85
P002644,Sports,55.66,Base,55.66,U01145,North,Low,Completed,261.09
P002243,Beauty,95.71,Health,95.71,U00039,North,High,Pending,801.16
P006703,Beauty,121.92,Such,121.92,U01086,East,High,Cancelled,2717.61
P002725,Books,97.56,Party,97.56,U00838,East,High,Completed,738.34
P004627,Groceries,42.83,Down,42.83,U01185,South,Low,Completed,2559.8
P000507,Books,72.77,Five,72.77,U02231,West,High,Completed,498.79
P003953,Groceries,194.99,These,194.99,U02517,North,Low,Pending,2368.64
P002030,Beauty,31.71,Point,31.71,U01481,North,High,Completed,432.6
P001511,Home & Kitchen,89.59,Available,89.59,U01302,North,High,Completed,289.91
P002893,Books,120.43,Impact,120.43,U00245,East,Medium,Pending,847.46
P006445,Electronics,39.46,Worker,39.46,U00242,South,Low,Completed,882.23
P005337,Books,41.22,Allow,41.22,U00930,North,Medium,Pending,811.71
P006034,Electronics,81.27,Peace,81.27,U02642,South,Low,Completed,722.84
P001210,Beauty,80.11,Dream,80.11,U02660,West,Low,Refunded,902.77
P001602,Books,98.18,Together,98.18,U00844,East,Medium,Completed,2484.29
P001626,Electronics,161.2,Skin,161.2,U01626,South,Low,Completed,407.19
P005537,Sports,48.3,A,48.3,U02634,West,Low,Completed,1653.15
P005723,Beauty,105.46,Describe,105.46,U01110,West,Medium,Completed,693.89
P006392,Electronics,149.09,Officer,149.09,U01150,West,High,Completed,2221.08
P001278,Sports,48.55,Trade,48.55,U00954,East,Low,Completed,837.48
P003092,Electronics,88.57,Form,88.57,U00814,North,Low,Completed,543.5
P004777,Electronics,85.07,Red,85.07,U02820,South,Low,Pending,1714.0
P003494,Clothing,18.74,Center,18.74,U00379,North,Medium,Completed,1007.21
P004940,Books,70.5,On,70.5,U00624,South,Low,Completed,2354.09
P003098,Clothing,158.15,Hair,158.15,U01005,South,Medium,Completed,683.16
P007068,Beauty,210.5,Data,210.5,U01268,South,Low,Completed,521.14
P007175,Electronics,54.13,Subject,54.13,U00006,East,Low,Cancelled,1372.55
P001501,Clothing,41.33,Check,41.33,U02186,East,Low,Cancelled,1191.25
P003704,Sports,36.72,Trade,36.72,U01138,North,Medium,Completed,888.94
P005419,Electronics,137.57,Radio,137.57,U02492,East,Medium,Completed,748.51
P005648,Home & Kitchen,73.95,Determine,73.95,U00505,West,Medium,Completed,656.59
P003428,Clothing,43.53,Woman,43.53,U02720,West,Medium,Completed,447.99
P001296,Groceries,38.43,Close,38.43,U00886,East,Low,Completed,416.63
P006376,Clothing,58.41,Price,58.41,U01221,North,Low,Completed,1070.26
P005034,Sports,133.24,General,133.24,U00129,North,Low,Completed,1391.36
P002516,Groceries,171.08,Picture,171.08,U02735,North,High,Completed,1216.5
P006537,Home & Kitchen,68.25,Collection,68.25,U01980,East,Medium,Completed,551.89
P001758,Beauty,161.35,Story,161.35,U00565,North,Low,Completed,3331.36
P002714,Home & Kitchen,25.68,Admit,25.68,U00023,East,High,Completed,955.19
P003641,Groceries,24.28,Table,24.28,U02254,North,High,Completed,245.63
P000130,Books,11.75,Term,11.75,U00112,North,High,Completed,763.34
P001882,Sports,129.0,These,129.0,U01050,East,Medium,Completed,536.53
P006611,Home & Kitchen,34.05,Question,34.05,U00769,North,High,Completed,2062.62
P001430,Clothing,28.68,Business,28.68,U02384,North,Low,Completed,761.94
P005629,Electronics,87.78,Skill,87.78,U01540,East,Low,Completed,404.04
P001223,Sports,36.88,Save,36.88,U02802,South,Low,Completed,211.07
P002946,Home & Kitchen,67.2,Structure,67.2,U02976,East,Low,Refunded,1218.61
P004146,Home & Kitchen,141.22,If,141.22,U02118,North,Low,Pending,698.54
P003142,Electronics,41.97,Agency,41.97,U01386,South,Medium,Completed,788.86
P007649,Groceries,40.37,Describe,40.37,U02030,South,High,Refunded,617.74
P007526,Sports,99.47,Trip,99.47,U01756,East,High,Completed,885.42
P000525,Electronics,52.62,Voice,52.62,U02194,South,Low,Completed,660.45
P003107,Beauty,224.56,Effort,224.56,U02079,West,High,Completed,814.21
P007999,Home & Kitchen,21.42,Develop,21.42,U01356,West,Low,Cancelled,525.35
P003706,Books,53.45,By,53.45,U02342,North,High,Completed,917.95
P006165,Home & Kitchen,14.69,Owner,14.69,U01982,North,High,Completed,213.0
P000146,Beauty,31.17,Money,31.17,U02008,North,Medium,Refunded,714.44
P003024,Books,118.56,Car,118.56,U02420,East,Low,Completed,543.91
P003823,Sports,98.63,First,98.63,U01017,South,Medium,Completed,1140.21
P000097,Beauty,121.47,Commercial,121.47,U02206,South,Medium,Completed,802.04
P007569,Sports,56.29,Cost,56.29,U00123,East,Medium,Completed,429.99
P007431,Beauty,86.77,People,86.77,U02162,East,High,Completed,603.46
P000434,Electronics,18.57,Nice,18.57,U02336,South,Medium,Completed,1104.9
P003915,Sports,61.77,Here,61.77,U01360,West,High,Completed,1129.38
P002485,Beauty,88.7,Him,88.7,U02057,South,Low,Completed,1566.92
P001871,Beauty,129.33,Young,129.33,U00392,West,High,Completed,478.08
P002047,Electronics,153.05,View,153.05,U02607,South,Low,Completed,697.32
P000180,Groceries,99.1,Response,99.1,U02896,East,High,Cancelled,1960.86
P003821,Beauty,126.25,Issue,126.25,U02459,West,Low,Cancelled,515.42
P002076,Books,136.6,Hotel,136.6,U02970,West,High,Completed,249.61
P001607,Electronics,60.11,None,60.11,U02940,North,High,Completed,1590.84
P001806,Home & Kitchen,54.39,Throughout,54.39,U01389,North,High,Cancelled,1304.73
P002764,Groceries,67.47,Information,67.47,U00400,East,Low,Completed,1098.98
P002769,Beauty,83.09,Although,83.09,U02055,South,High,Completed,212.77
P002817,Clothing,29.36,Recent,29.36,U01512,East,Medium,Completed,1577.92
P000988,Sports,74.37,Beat,74.37,U01934,South,Medium,Completed,932.58
P007006,Electronics,42.09,Not,42.09,U02193,North,Low,Completed,385.07
P004151,Beauty,153.16,Risk,153.16,U00370,East,Medium,Completed,1218.03
P007689,Books,33.4,Information,33.4,U02282,South,High,Completed,1257.5
P006330,Electronics,117.25,Fill,117.25,U01875,North,Medium,Completed,2020.48
P006303,Clothing,22.5,Fund,22.5,U01968,West,High,Completed,924.03
P003273,Home & Kitchen,75.9,Drive,75.9,U01905,West,Medium,Cancelled,747.86
P000615,Beauty,62.29,Cost,62.29,U02005,East,High,Completed,414.61
P007530,Books,37.6,Then,37.6,U01525,North,Low,Completed,1632.77
P006962,Beauty,56.66,Everything,56.66,U00946,South,Medium,Completed,718.54
P007510,Beauty,120.19,Place,120.19,U00940,West,High,Completed,1345.83
P006692,Beauty,24.13,Local,24.13,U00977,East,Low,Completed,1272.91
P005244,Beauty,62.34,Watch,62.34,U02303,West,Low,Completed,1100.26
P005986,Books,66.68,Strong,66.68,U00910,East,Medium,Completed,1085.69
P003254,Electronics,95.84,Break,95.84,U01774,South,Low,Completed,560.32
P006789,Home & Kitchen,145.22,Whole,145.22,U00277,East,Medium,Completed,1597.71
P002787,Beauty,78.25,Instead,78.25,U01183,South,Medium,Completed,482.75
P007553,Home & Kitchen,52.15,Human,52.15,U01098,South,High,Refunded,671.0
P001331,Beauty,111.85,Building,111.85,U01553,East,Medium,Completed,464.98
P005137,Electronics,69.84,Wife,69.84,,South,Medium,Completed,522.51
P003724,Books,105.42,Night,105.42,U02379,South,Low,Completed,2074.19
P000814,Books,50.8,Accept,50.8,,East,Medium,Pending,436.27
P006945,Books,68.5,Share,68.5,U02513,West,High,Pending,493.82
P001566,Home & Kitchen,132.83,Structure,132.83,U00926,West,Medium,Refunded,742.86
P001322,Beauty,70.42,Store,70.42,U00439,East,High,Completed,1611.82
P007564,Groceries,41.72,Kind,41.72,U02616,North,Low,Completed,1841.83
P003446,Books,51.3,Specific,51.3,U00258,East,High,Completed,262.63
P003172,Books,22.47,History,22.47,U01632,East,High,Completed,659.64
P002472,Clothing,85.83,Them,85.83,U02366,West,Medium,Completed,696.61
P001824,Sports,35.77,I,35.77,U01578,North,Medium,Completed,955.64
P006197,Electronics,162.64,System,162.64,U00974,North,High,Refunded,189.31
P007415,Groceries,13.03,Score,13.03,U00949,West,Medium,Completed,209.11
P000874,Groceries,35.26,Edge,35.26,U01082,West,Low,Completed,80.25
P006779,Groceries,16.69,Really,16.69,U00516,South,Low,Refunded,448.34
P001181,Beauty,65.07,Experience,65.07,U02825,North,High,Completed,569.25
P007343,Sports,209.77,Notice,209.77,U02328,North,High,Completed,1484.53
P006333,Home & Kitchen,50.48,Nature,50.48,U00421,East,Medium,Completed,310.74
P004361,Electronics,246.19,Effort,246.19,U00621,North,Low,Completed,2273.69
P002393,Groceries,82.97,City,82.97,U01914,West,Medium,Completed,1061.89
P007914,Beauty,25.75,Heart,25.75,U00839,South,Low,Completed,661.28
P004982,Home & Kitchen,125.65,Free,125.65,U00341,West,Medium,Completed,1294.61
P005289,Clothing,214.24,Speech,214.24,U02166,South,High,Refunded,593.61
P006217,Electronics,66.27,Glass,66.27,U00680,South,Low,Completed,1410.81
P007493,Clothing,114.13,Painting,114.13,U00611,North,Low,Completed,1500.3
P004713,Groceries,154.89,My,154.89,U00258,West,High,Completed,320.29
P006085,Groceries,36.04,Seem,36.04,U00701,North,Medium,Completed,538.74
P004499,Home & Kitchen,37.39,Individual,37.39,U00993,West,Low,Completed,504.93
P005839,Sports,82.94,Research,82.94,U01140,South,High,Cancelled,908.28
P005931,Beauty,30.84,Visit,30.84,U02825,North,Medium,Cancelled,558.24
P003591,Clothing,207.71,Often,207.71,,East,High,Completed,408.74
P005718,Groceries,64.43,Leader,64.43,U01999,West,Low,Completed,482.75
P001082,Clothing,56.38,Vote,56.38,U00246,South,Medium,Completed,1152.0
P002664,Clothing,95.81,Kind,95.81,,West,Low,Completed,1698.88
P006555,Clothing,167.25,Return,167.25,U02717,North,High,Completed,1333.65
P002513,Beauty,103.62,Space,103.62,,North,Medium,Completed,1497.72
P001984,Electronics,107.95,Do,107.95,U01381,South,High,Completed,1599.03
P004806,Sports,50.2,Anything,50.2,U00769,West,Low,Completed,288.54
P000562,Groceries,132.75,Letter,132.75,U01573,South,High,Pending,245.05
P003488,Home & Kitchen,183.92,Put,183.92,U02921,North,Medium,Completed,1022.72
P007321,Home & Kitchen,149.5,Ball,149.5,U02855,East,Medium,Refunded,805.04
P005542,Sports,120.96,Sure,120.96,U01949,West,High,Cancelled,4590.69
P004937,Sports,35.48,Quite,35.48,U02328,North,Low,Completed,1090.83
P004954,Books,114.4,Fish,114.4,U01120,West,Medium,Completed,328.65
P003602,Sports,54.28,Response,54.28,U01708,North,High,Cancelled,745.6
P006159,Clothing,31.08,Interview,31.08,U02484,North,Low,Completed,987.44
P001312,Electronics,102.21,Seat,102.21,U01747,West,Low,Completed,1093.52
P004943,Groceries,62.52,Set,62.52,U01230,North,High,Completed,2481.98
P006705,Groceries,14.52,Officer,14.52,U01006,North,Low,Refunded,1360.99
P002035,Home & Kitchen,119.43,Building,119.43,U01036,East,High,Refunded,320.05
P004565,Electronics,128.44,Cover,128.44,U01237,East,High,Completed,469.56
P005693,Beauty,71.06,Back,71.06,U00566,South,Medium,Pending,1648.27
P000192,Beauty,47.36,Yes,47.36,U02015,North,Medium,Completed,684.41
P004668,Clothing,55.42,Everyone,55.42,U00750,North,Medium,Completed,558.2
P005016,Home & Kitchen,49.38,Science,49.38,U00479,South,Low,Pending,1211.61
P001310,Sports,87.85,Each,87.85,U01388,West,Low,Completed,1416.57
P004834,Books,29.88,Better,29.88,U01196,West,High,Completed,805.59
P007912,Electronics,137.94,Think,137.94,U00137,East,Medium,Pending,696.69
P007155,Clothing,124.3,Fish,124.3,U00596,South,High,Completed,1130.22
P002321,Electronics,46.04,Song,46.04,U00914,West,Medium,Completed,970.77
P000331,Groceries,197.49,Eight,197.49,U01587,West,Medium,Completed,1456.61
P006119,Electronics,14.1,Box,14.1,U00260,West,Low,Completed,903.2
P005033,Books,54.29,Not,54.29,U02961,East,Medium,Completed,2632.88
P003905,Sports,147.68,Fund,147.68,U02690,South,Low,Refunded,881.54
P007341,Books,39.04,Of,39.04,U00363,North,Medium,Completed,1379.82
P005887,Home & Kitchen,81.86,Station,81.86,U01180,South,Medium,Completed,1101.0
P007391,Beauty,38.33,Sort,38.33,U01332,South,High,Completed,893.91
P000107,Beauty,37.42,Away,37.42,U00963,East,Low,Pending,753.67
P000494,Sports,101.04,Worker,101.04,U01810,North,High,Completed,94.24
P004664,Books,29.47,Finish,29.47,U01589,West,Medium,Refunded,625.61
P007559,Beauty,399.51,Necessary,399.51,U01833,South,High,Completed,377.26
P007766,Home & Kitchen,213.81,Name,213.81,U00744,North,High,Completed,1308.55
P006901,Electronics,49.22,Economy,49.22,U00903,East,Low,Completed,883.39
P006785,Clothing,100.07,Upon,100.07,U01234,West,High,Pending,399.24
P004552,Books,27.52,Such,27.52,U01055,North,Medium,Completed,733.37
P001347,Books,67.82,Thank,67.82,U01789,South,Low,Completed,886.58
P005075,Sports,19.76,Necessary,19.76,U00708,East,Medium,Pending,219.62
P003087,Sports,137.42,Majority,137.42,U02037,South,Medium,Completed,767.14
P002380,Electronics,110.96,Single,110.96,U00439,South,Medium,Completed,507.55
P001176,Sports,144.04,Oil,144.04,U02342,South,Low,Completed,922.13
P003685,Home & Kitchen,132.02,Shoulder,132.02,U00793,South,Low,Pending,718.04
P000184,Electronics,51.96,Image,51.96,U00245,South,Medium,Completed,397.29
P005778,Beauty,105.15,Impact,105.15,U00067,South,Medium,Cancelled,318.36
P007750,Beauty,29.85,Push,29.85,U02290,West,Low,Completed,567.8
P003532,Home & Kitchen,28.73,Beyond,28.73,U01997,West,High,Completed,1663.32
P007966,Books,31.1,Stand,31.1,U00196,East,Low,Completed,539.41
P005096,Clothing,104.61,Laugh,104.61,U00245,South,Low,Refunded,965.59
P004885,Home & Kitchen,56.19,Board,56.19,U02154,West,Low,Completed,1051.73
P007142,Books,53.69,Skill,53.69,U00753,South,Low,Completed,490.05
P003101,Sports,50.64,Soon,50.64,U02327,South,Medium,Completed,381.87
P001822,Beauty,57.88,Everybody,57.88,U00496,North,Low,Completed,941.71
P006190,Electronics,79.35,Finally,79.35,U01285,North,Low,Completed,196.72
P006319,Groceries,73.25,Carry,73.25,U00669,East,High,Completed,1537.09
P007751,Beauty,82.69,Miss,82.69,U01265,North,Medium,Completed,1747.02
P005856,Groceries,60.98,Defense,60.98,U01011,West,High,Completed,844.0
P006924,Home & Kitchen,9.48,Pressure,9.48,U00388,South,Medium,Completed,1181.22
P007143,Groceries,30.4,Pay,30.4,,North,Medium,Completed,1204.36
P006479,Clothing,101.91,Two,101.91,U02942,East,Medium,Completed,217.47
P005524,Beauty,121.26,Occur,121.26,U01469,West,Medium,Completed,1534.99
P006721,Electronics,11.47,Environmental,11.47,U00961,South,Low,Completed,719.12
P001244,Electronics,33.4,Mean,33.4,U00778,East,Medium,Completed,303.17
P001013,Sports,37.47,Building,37.47,U00585,South,High,Completed,812.04
P006757,Groceries,190.14,Simply,190.14,U02676,West,High,Completed,1188.38
P005501,Electronics,110.64,Economic,110.64,U00643,North,High,Cancelled,892.9
P006103,Home & Kitchen,32.11,Industry,32.11,U02581,South,Medium,Pending,1440.43
P001885,Sports,36.26,Involve,36.26,U02670,East,Medium,Completed,745.0
P002762,Beauty,75.07,Force,75.07,U00540,North,Medium,Pending,941.97
P002708,Sports,94.21,Animal,94.21,U00447,East,Medium,Completed,464.1
P001654,Clothing,195.53,Rest,195.53,U01612,West,High,Completed,2366.45
P007621,Electronics,69.11,Large,69.11,,North,High,Completed,1910.97
P006863,Electronics,142.44,I,142.44,U01402,East,High,Refunded,488.78
P003116,Clothing,59.7,Fill,59.7,U01624,South,High,Completed,362.53
P005020,Electronics,49.93,Not,49.93,U02384,East,High,Completed,297.78
P005916,Clothing,171.57,Owner,171.57,U01020,West,Medium,Completed,1073.2
P006662,Beauty,37.88,Strong,37.88,U01654,West,Medium,Cancelled,767.5
P003434,Home & Kitchen,63.65,Unit,63.65,U00245,West,Low,Cancelled,668.51
P006208,Home & Kitchen,50.15,Doctor,50.15,U02481,West,Low,Completed,429.48
P007116,Electronics,82.41,Enter,82.41,U00567,West,Medium,Completed,1211.61
P001836,Books,19.05,Yes,19.05,U00504,South,High,Completed,1069.11
P000007,Groceries,179.61,Dog,179.61,U00637,South,Medium,Completed,697.86
P002695,Electronics,94.53,Need,94.53,U01548,West,Low,Pending,897.03
P002056,Home & Kitchen,121.21,Beyond,121.21,U02502,North,Medium,Cancelled,1282.65
P004050,Electronics,37.2,Entire,37.2,U02524,East,Medium,Refunded,1123.57
P003535,Groceries,132.88,Me,132.88,U00590,South,Low,Completed,512.43
P000111,Clothing,39.37,None,39.37,U02688,North,Low,Pending,2588.41
P002439,Beauty,107.16,Together,107.16,,South,Low,Completed,499.42
P000232,Books,35.32,Color,35.32,U01025,West,Medium,Completed,1824.75
P001172,Home & Kitchen,169.03,Nice,169.03,U01627,North,High,Completed,254.48
P005969,Home & Kitchen,62.49,Race,62.49,U00383,North,Medium,Completed,448.9
P003571,Sports,86.24,Foreign,86.24,U01256,East,High,Completed,939.44
P004125,Clothing,36.82,People,36.82,U01457,South,High,Completed,326.0
P003713,Groceries,105.36,Dog,105.36,U00144,South,High,Cancelled,826.95
P003452,Groceries,72.73,Single,72.73,U02919,East,Low,Pending,956.16
P003074,Sports,33.01,Support,33.01,U01728,West,High,Pending,2680.8
P001574,Groceries,168.05,Performance,168.05,U02923,East,High,Refunded,416.27
P005040,Books,25.48,Rate,25.48,U00485,South,High,Cancelled,1007.64
P002332,Electronics,29.43,Particularly,29.43,U01222,West,Medium,Completed,1251.52
P000698,Sports,55.98,Section,55.98,U01528,North,High,Completed,534.63
P006504,Home & Kitchen,117.58,Left,117.58,U01054,East,Low,Completed,1532.19
P002807,Groceries,55.84,Law,55.84,U01260,North,Low,Completed,1138.66
P001373,Clothing,22.58,Agree,22.58,U02707,West,High,Completed,782.1
P004403,Sports,216.56,Another,216.56,U00368,West,High,Cancelled,585.31
P003637,Groceries,20.25,Benefit,20.25,U01343,South,High,Completed,556.26
P000099,Books,64.36,Hear,64.36,U01231,East,High,Completed,1041.58
P001737,Sports,117.78,He,117.78,U02647,East,Medium,Completed,618.96
P007911,Home & Kitchen,118.2,Enjoy,118.2,U00148,East,High,Completed,1007.34
P000289,Beauty,131.72,Hour,131.72,U01142,South,Medium,Cancelled,839.47
P001781,Books,7.27,Explain,7.27,U00022,West,Medium,Refunded,880.14
P005268,Electronics,128.25,Economic,128.25,U02187,West,Medium,Completed,624.21
P007974,Home & Kitchen,25.61,Risk,25.61,U00392,North,Medium,Completed,377.76
P007329,Books,37.56,Allow,37.56,,South,Low,Completed,1688.92
P006593,Electronics,35.35,Lead,35.35,U02845,East,High,Refunded,702.31
P000220,Beauty,41.55,Born,41.55,,West,Medium,Completed,790.45
P004293,Sports,111.07,Girl,111.07,U01286,North,Low,Refunded,2997.33
P004394,Clothing,87.91,Boy,87.91,U00208,East,High,Completed,1291.41
P000299,Sports,190.45,Against,190.45,U01811,West,Medium,Completed,929.94
P007958,Books,19.65,Yard,19.65,U00409,East,Low,Completed,572.29
P001135,Beauty,20.33,Pick,20.33,U01131,North,Medium,Pending,473.7
P002443,Books,12.52,Tv,12.52,U02175,West,Medium,Completed,920.54
P005521,Electronics,41.42,Take,41.42,U01715,East,Medium,Cancelled,460.13
P001026,Books,178.33,Serious,178.33,U00842,East,Medium,Completed,738.29
P003386,Beauty,148.39,Half,148.39,U02067,North,Medium,Completed,1969.28
P007247,Books,79.81,She,79.81,U01859,East,High,Refunded,523.4
P003952,Groceries,178.11,Over,178.11,U01300,East,Low,Completed,364.68
P006175,Sports,172.11,Still,172.11,U02105,West,Medium,Completed,2129.37
P002426,Electronics,52.08,Strategy,52.08,U01081,East,High,Completed,841.38
P007360,Clothing,130.77,Mrs,130.77,U01315,West,High,Pending,1450.69
P007061,Beauty,58.23,Movie,58.23,U00652,East,Medium,Completed,659.76
P007707,Groceries,38.61,Ground,38.61,U02379,West,Low,Completed,987.26
P001239,Home & Kitchen,87.54,Create,87.54,U01011,West,Medium,Pending,790.99
P006855,Clothing,72.7,Understand,72.7,U01432,East,Medium,Completed,1584.1
P003369,Books,88.96,Campaign,88.96,U01521,South,Medium,Pending,1124.11
P006398,Clothing,70.5,Run,70.5,U00015,South,High,Completed,1321.71
P007594,Home & Kitchen,95.26,Range,95.26,U02928,West,Low,Completed,1290.45
P007673,Books,72.06,Job,72.06,U00308,East,Low,Pending,884.63
P001382,Beauty,287.2,Southern,287.2,U01117,East,Medium,Completed,750.71
P001598,Groceries,82.83,Room,82.83,U00154,West,High,Cancelled,241.77
P004962,Clothing,89.31,Find,89.31,U01686,East,Low,Refunded,472.13
P004784,Groceries,30.66,Information,30.66,U02986,South,Medium,Pending,1072.46
P000318,Beauty,146.83,Economy,146.83,U02573,West,Medium,Pending,388.85
P004730,Sports,82.5,Cause,82.5,U00971,West,Medium,Pending,450.78
P003567,Electronics,139.83,Want,139.83,U01894,East,Low,Completed,402.62
P001416,Groceries,75.94,Mission,75.94,U02954,North,Medium,Completed,787.97
P007641,Sports,103.48,Account,103.48,U02284,South,High,Completed,614.08
P002699,Beauty,90.52,Off,90.52,U01603,South,High,Cancelled,905.07
P001242,Home & Kitchen,33.44,Yeah,33.44,U00174,South,High,Completed,1340.86
P002346,Groceries,141.77,Less,141.77,U00860,South,High,Completed,453.29
P001208,Electronics,137.33,Daughter,137.33,U00273,West,High,Completed,1192.21
P004992,Groceries,28.66,Consider,28.66,U00597,South,Low,Completed,430.62
P000983,Books,69.83,Soldier,69.83,U02485,North,Medium,Cancelled,1001.34
P000058,Clothing,99.21,Pm,99.21,U00240,North,High,Completed,771.43
P006853,Clothing,51.01,None,51.01,U00367,North,High,Completed,890.3
P006706,Books,18.38,Nearly,18.38,U02132,North,Medium,Completed,1166.11
P002432,Electronics,90.25,Between,90.25,U01081,East,High,Completed,981.21
P003476,Clothing,75.64,Figure,75.64,U02750,East,Medium,Completed,1089.18
P005184,Books,49.24,Loss,49.24,,South,Medium,Completed,320.44
P005161,Groceries,100.47,Hotel,100.47,U00386,East,Low,Completed,590.78
P005116,Sports,71.23,Especially,71.23,U00134,West,Medium,Completed,2259.76
P006141,Home & Kitchen,113.09,Support,113.09,U01025,West,Low,Refunded,253.87
P007035,Electronics,224.82,Positive,224.82,U00629,South,Low,Completed,588.43
P003692,Electronics,31.99,True,31.99,U00423,South,Low,Completed,485.07
P000913,Sports,57.87,Tough,57.87,U00726,South,High,Pending,1799.04
P000004,Clothing,50.24,Site,50.24,U00953,North,High,Completed,1123.6
P007871,Beauty,101.29,There,101.29,U02542,East,Medium,Completed,1314.9
P005704,Electronics,55.89,Better,55.89,U00789,South,High,Completed,500.28
P006272,Groceries,228.35,Live,228.35,U01596,South,Low,Completed,1191.79
P001424,Sports,116.84,Although,116.84,U00904,North,Low,Completed,504.65
P005397,Electronics,272.13,Shake,272.13,U01405,South,Medium,Completed,703.16
P002005,Beauty,45.81,Military,45.81,,South,High,Completed,2903.29
P001217,Electronics,65.41,Card,65.41,U02564,East,Medium,Cancelled,1333.66
P004635,Beauty,83.5,Spring,83.5,U02079,East,Low,Completed,876.26
P000705,Home & Kitchen,99.24,Right,99.24,U00098,South,High,Completed,424.19
P005559,Sports,119.65,Staff,119.65,U02966,South,High,Completed,446.11
P000168,Books,10.27,Certainly,10.27,U02011,North,Low,Completed,273.18
P002715,Sports,85.48,Heavy,85.48,U02002,West,Medium,Refunded,456.68
P004919,Beauty,62.83,Trade,62.83,U02105,West,Low,Completed,545.31
P006964,Home & Kitchen,41.99,College,41.99,U01629,South,Medium,Completed,1715.63
P006930,Home & Kitchen,67.46,Themselves,67.46,U01920,North,Low,Completed,659.36
P006681,Books,56.01,Look,56.01,U00102,South,High,Completed,1352.81
P001522,Groceries,52.61,Tend,52.61,U02269,West,Low,Pending,1465.82
P002101,Clothing,54.1,He,54.1,U02668,North,Medium,Pending,783.45
P000587,Home & Kitchen,27.18,Way,27.18,U02359,South,Medium,Completed,2008.46
P002280,Groceries,62.37,Born,62.37,U01819,North,Medium,Completed,764.72
P005877,Home & Kitchen,74.8,Nature,74.8,U02475,West,Low,Completed,205.07
P001795,Home & Kitchen,114.97,Building,114.97,U00452,North,Medium,Completed,2961.09
P000351,Home & Kitchen,197.19,Billion,197.19,U01521,North,High,Cancelled,1140.86
P007347,Groceries,66.31,Church,66.31,U02990,South,Medium,Pending,584.9
P000458,Groceries,77.69,Kind,77.69,U01966,East,High,Refunded,282.49
P000322,Beauty,146.6,Difficult,146.6,U01126,North,Medium,Completed,1598.99
P004792,Home & Kitchen,140.87,Them,140.87,U01074,East,Low,Completed,411.79
P003283,Beauty,49.14,Stage,49.14,U00655,West,High,Completed,879.45
P001259,Clothing,95.19,Fly,95.19,U00831,North,High,Pending,695.41
P006226,Groceries,72.68,Argue,72.68,,East,Medium,Completed,133.18
P007915,Groceries,52.65,Clearly,52.65,U00199,North,High,Completed,3268.73
P007647,Home & Kitchen,106.81,How,106.81,U02478,North,High,Pending,1100.61
P001238,Home & Kitchen,118.86,Grow,118.86,U02528,West,High,Completed,344.39
P006266,Electronics,106.68,Program,106.68,U02459,South,Medium,Completed,739.81
P000773,Electronics,62.95,Reason,62.95,U01385,West,High,Completed,257.59
P000013,Beauty,117.53,Wait,117.53,U00414,West,Medium,Completed,900.09
P005571,Sports,57.08,Peace,57.08,U01280,West,High,Completed,760.34
P002871,Home & Kitchen,69.61,Respond,69.61,U02455,East,Medium,Pending,578.0
P007990,Electronics,39.3,Economic,39.3,U00032,North,Medium,Cancelled,1420.62
P005673,Groceries,109.44,Them,109.44,U02377,South,Low,Completed,1567.01
P003319,Clothing,122.84,Option,122.84,U02035,North,Low,Completed,1198.36
P000871,Electronics,58.78,Near,58.78,U02352,West,Low,Refunded,758.42
P004240,Beauty,156.29,Film,156.29,U02255,South,Low,Completed,657.37
P000053,Books,67.76,Husband,67.76,U02215,North,Low,Cancelled,998.02
P005417,Sports,43.95,Practice,43.95,U00180,North,Low,Completed,412.38
P005796,Groceries,217.43,City,217.43,U01745,West,High,Completed,430.25
P005633,Clothing,42.98,Front,42.98,U02979,North,Medium,Pending,578.31
P003709,Home & Kitchen,19.32,Increase,19.32,,West,Low,Completed,1452.74
P001293,Clothing,114.22,Everything,114.22,U02438,North,Medium,Completed,1532.62
P001976,Clothing,17.09,List,17.09,U01205,North,High,Pending,979.35
P003556,Home & Kitchen,68.4,Eat,68.4,U01762,South,Medium,Completed,339.42
P003842,Beauty,95.63,Keep,95.63,U00493,East,Low,Pending,850.91
P001776,Sports,42.35,Under,42.35,U01279,East,High,Completed,1090.74
P004340,Groceries,52.89,Short,52.89,U02521,South,High,Completed,460.59
P007893,Home & Kitchen,54.41,Your,54.41,U01830,East,High,Pending,957.47
P000930,Home & Kitchen,45.46,Small,45.46,U00974,East,High,Completed,726.16
P002486,Clothing,7.84,For,7.84,U00806,West,High,Cancelled,887.61
P000809,Beauty,91.94,Instead,91.94,U01668,West,High,Cancelled,1219.16
P006496,Books,46.25,Together,46.25,U01150,East,High,Completed,308.74
P003903,Home & Kitchen,62.89,Education,62.89,U00376,East,Low,Completed,181.23
P007405,Groceries,27.06,Important,27.06,U01468,East,Low,Completed,813.99
P005958,Electronics,89.55,Center,89.55,U01428,West,Medium,Cancelled,476.68
P003954,Home & Kitchen,45.96,Else,45.96,U01362,North,Low,Refunded,2319.01
P002989,Clothing,36.25,Ok,36.25,U00890,East,Low,Completed,1224.16
P002182,Beauty,71.78,Somebody,71.78,U01638,West,Low,Completed,675.46
P006584,Clothing,89.26,Relationship,89.26,U01508,East,High,Completed,889.19
P006366,Home & Kitchen,18.0,Seek,18.0,U00709,West,Low,Completed,1662.54
P001746,Home & Kitchen,148.5,Speak,148.5,U01244,South,Low,Completed,182.47
P006546,Clothing,76.53,Left,76.53,U02616,East,Low,Refunded,394.02
P001138,Books,150.09,Fact,150.09,U02534,East,High,Completed,474.21
P003744,Electronics,168.29,Space,168.29,,West,Medium,Completed,1228.77
P005376,Sports,50.36,Weight,50.36,U02730,North,Medium,Completed,616.57
P006859,Clothing,140.79,Add,140.79,U01703,North,Medium,Completed,943.85
P007292,Beauty,44.83,Respond,44.83,U00519,South,High,Completed,1985.9
P003722,Electronics,161.82,Off,161.82,U02845,South,Low,Completed,632.04
P001843,Home & Kitchen,47.29,At,47.29,U02277,West,Medium,Completed,2182.18
P000702,Groceries,60.49,Wish,60.49,U00822,East,High,Pending,448.84
P007731,Beauty,29.49,Hospital,29.49,U01765,South,High,Pending,1773.16
P000287,Sports,58.18,Remain,58.18,U00872,South,High,Completed,550.49
P005717,Home & Kitchen,105.79,Voice,105.79,U01520,East,High,Cancelled,1221.69
P003261,Beauty,48.01,Turn,48.01,,South,Medium,Completed,1474.7
P001081,Sports,65.17,Prove,65.17,U02326,North,Medium,Completed,1981.54
P001175,Groceries,114.65,Skill,114.65,U00089,East,High,Completed,896.16
P001812,Sports,18.85,Indicate,18.85,U00737,North,Medium,Pending,460.19
P003600,Electronics,98.37,Sound,98.37,,West,Low,Completed,1034.34
P004582,Electronics,90.01,Wide,90.01,U02262,East,High,Completed,931.57
P002548,Sports,24.26,Still,24.26,U00565,North,Medium,Completed,453.23
P002444,Sports,78.75,Citizen,78.75,U00345,East,Medium,Completed,971.24
P002806,Electronics,37.14,Bar,37.14,U02698,South,Low,Cancelled,679.46
P007101,Books,151.93,Yard,151.93,U02112,South,High,Completed,637.6
P000401,Books,43.65,In,43.65,U02613,South,Medium,Completed,1393.81
P002660,Clothing,44.83,Fish,44.83,U02077,East,Medium,Completed,690.95
P002979,Sports,55.64,Back,55.64,U01392,West,High,Pending,806.17
P005920,Electronics,81.35,Consider,81.35,U00089,East,Medium,Completed,478.65
P003799,Electronics,77.57,Onto,77.57,U02849,East,Low,Completed,219.54
P000309,Books,75.71,Artist,75.71,U01711,East,Low,Completed,320.8
P001870,Sports,33.52,Same,33.52,U00970,North,High,Completed,1107.87
P003079,Home & Kitchen,81.33,Long,81.33,U00117,West,Medium,Completed,1273.89
P002689,Clothing,79.35,Own,79.35,U02195,West,High,Completed,596.14
P001367,Sports,103.85,Visit,103.85,U01151,East,Medium,Completed,809.96
P006900,Home & Kitchen,31.32,Improve,31.32,U02295,South,Medium,Completed,1098.97
P006047,Sports,82.97,Ahead,82.97,U00274,East,High,Completed,333.06
P001059,Sports,65.48,Camera,65.48,U01103,South,High,Completed,620.4
P002135,Books,71.76,Really,71.76,U02654,South,Medium,Pending,1108.93
P004454,Clothing,23.26,Design,23.26,U00582,North,Low,Completed,633.36
P003248,Groceries,165.97,May,165.97,,South,High,Pending,558.15
P004845,Clothing,62.53,Individual,62.53,U01372,East,Medium,Pending,367.38
P002722,Sports,26.24,Production,26.24,U01713,West,Low,Completed,984.72
P007491,Sports,111.57,Animal,111.57,U01112,West,Medium,Completed,980.96
P000362,Books,82.08,Not,82.08,U02552,West,Low,Completed,659.97
P004162,Sports,212.35,Bag,212.35,U01025,South,Low,Completed,977.13
P000894,Groceries,32.56,Difficult,32.56,U00207,South,High,Completed,450.37
P000175,Home & Kitchen,34.48,Break,34.48,U01218,West,Medium,Completed,1041.89
P002590,Groceries,92.45,College,92.45,U01076,South,Low,Completed,467.82
P002151,Beauty,79.4,Character,79.4,U01920,East,Medium,Refunded,201.62
P006130,Beauty,28.47,Seek,28.47,U01083,South,High,Completed,1087.68
P002551,Sports,166.61,Thing,166.61,U02215,East,Low,Completed,231.22
P006022,Books,87.07,Wind,87.07,U02070,West,High,Completed,2770.86
P003909,Home & Kitchen,107.32,Man,107.32,U02072,West,High,Cancelled,1579.14
P004197,Clothing,40.73,Executive,40.73,U00315,North,Low,Refunded,1484.32
P007572,Beauty,150.95,Possible,150.95,U02211,South,Medium,Completed,1032.18
P000820,Books,28.23,Both,28.23,U00847,East,High,Completed,853.08
P006246,Clothing,98.14,Truth,98.14,U02589,East,Medium,Cancelled,320.28
P007806,Clothing,91.37,Draw,91.37,U00895,South,Medium,Completed,333.79
P005536,Sports,38.62,Mean,38.62,U01222,East,Low,Cancelled,560.3
P007726,Clothing,40.19,Learn,40.19,U02816,South,Low,Completed,787.84
P002587,Electronics,90.26,Feel,90.26,,South,Medium,Completed,164.44
P003117,Sports,65.38,Young,65.38,U02856,East,Medium,Completed,378.95
P005039,Home & Kitchen,47.12,They,47.12,U01813,East,Low,Completed,767.37
P003055,Sports,83.73,Part,83.73,U02754,South,Low,Completed,786.48
P001692,Beauty,37.11,Purpose,37.11,U02899,West,Medium,Completed,750.87
P000149,Sports,49.54,Who,49.54,U01981,West,Medium,Pending,833.61
P000361,Clothing,155.98,Customer,155.98,U01234,North,Low,Completed,883.71
P005325,Sports,47.71,Benefit,47.71,U02461,South,High,Cancelled,1549.3
P006348,Beauty,8.25,Yourself,8.25,U00293,West,Low,Completed,1042.15
P006816,Books,72.34,On,72.34,U00915,East,High,Refunded,840.61
P002928,Home & Kitchen,41.17,Occur,41.17,U00477,West,Low,Completed,1622.26
P001582,Home & Kitchen,88.32,Never,88.32,U02009,East,High,Completed,854.05
P002022,Clothing,34.3,Seem,34.3,U00634,South,Low,Completed,1646.24
P002853,Clothing,312.32,Time,312.32,U00077,West,High,Completed,637.04
P002456,Sports,80.29,Including,80.29,U01180,North,Low,Completed,1252.89
P002761,Sports,213.9,Worker,213.9,U02922,South,High,Pending,1747.81
P004022,Books,149.14,Ok,149.14,,North,Low,Completed,501.81
P001068,Home & Kitchen,29.28,Hospital,29.28,U02215,North,High,Completed,635.19
P000489,Groceries,30.33,Note,30.33,U01704,West,High,Pending,1410.84
P000682,Home & Kitchen,48.92,Pick,48.92,U02403,North,Medium,Completed,952.34
P004574,Groceries,17.11,Paper,17.11,U01625,West,Low,Completed,959.59
P005795,Sports,113.6,Assume,113.6,U02447,East,High,Completed,477.61
P006793,Home & Kitchen,156.24,Eye,156.24,U02453,South,High,Completed,484.92
P001914,Beauty,24.87,Difference,24.87,U02643,East,Medium,Completed,2115.33
P005309,Groceries,57.37,Call,57.37,U00993,West,Medium,Completed,542.31
P005291,Groceries,125.44,Boy,125.44,U00124,North,Medium,Completed,1084.77
P007288,Beauty,134.94,Factor,134.94,U01856,West,High,Completed,860.4
P006391,Electronics,11.85,Candidate,11.85,U02092,West,High,Completed,493.81
P004782,Electronics,94.73,Stuff,94.73,U01284,South,Low,Completed,2234.4
P005726,Beauty,39.35,Same,39.35,U02362,East,High,Completed,515.07
P005827,Clothing,100.95,Bar,100.95,U01235,North,High,Completed,1812.76
P006653,Books,141.74,Board,141.74,U02388,West,High,Completed,964.82
P006365,Home & Kitchen,72.0,Hit,72.0,,East,Medium,Completed,616.24
P006536,Beauty,120.05,Three,120.05,U02305,North,High,Completed,321.14
P003433,Home & Kitchen,69.2,Up,69.2,,East,Low,Pending,411.7
P000496,Electronics,170.74,Upon,170.74,U01858,South,High,Completed,1979.13
P004438,Books,29.9,Meeting,29.9,U02436,West,Low,Completed,844.35
P004048,Clothing,60.05,President,60.05,U02804,North,Low,Completed,833.16
P004895,Home & Kitchen,224.72,Two,224.72,U00367,South,Low,Completed,1234.04
P000051,Home & Kitchen,134.82,Blue,134.82,U00575,West,Low,Completed,1041.49
P004049,Beauty,17.67,New,17.67,U01170,North,Low,Completed,338.33
P000024,Clothing,76.26,Play,76.26,U02088,West,Low,Pending,664.48
P006481,Books,71.31,Together,71.31,U00196,East,Low,Completed,316.74
P006469,Clothing,82.34,Quickly,82.34,U02109,West,High,Completed,822.89
P004537,Electronics,49.98,Picture,49.98,,South,Medium,Cancelled,759.06
P007749,Home & Kitchen,119.66,Continue,119.66,U02000,East,High,Completed,1323.65
P003725,Sports,155.7,Hundred,155.7,U00950,South,Low,Cancelled,437.36
P003123,Clothing,91.38,Tree,91.38,U00743,North,High,Cancelled,998.58
P006667,Groceries,18.68,Voice,18.68,U02377,West,High,Pending,444.18
P005695,Home & Kitchen,114.34,Conference,114.34,U00151,North,Medium,Completed,954.6
P006222,Electronics,48.77,Major,48.77,U02803,East,Low,Completed,1018.87
P005937,Books,62.66,Skill,62.66,U00640,North,High,Completed,504.31
P002654,Beauty,27.62,News,27.62,,East,Low,Completed,1010.81
P006638,Sports,59.56,Machine,59.56,U00583,West,Medium,Refunded,1885.88
P003251,Beauty,83.4,Home,83.4,U01888,East,High,Completed,462.99
P007934,Clothing,184.11,Forward,184.11,U02331,East,Low,Completed,811.24
P003082,Books,16.35,As,16.35,U01078,South,Low,Completed,672.78
P003753,Home & Kitchen,70.4,Phone,70.4,U02467,West,High,Completed,563.89
P000731,Electronics,178.64,Interesting,178.64,U00689,West,High,Completed,852.34
P004891,Sports,65.53,Idea,65.53,U02390,North,Low,Completed,459.98
P004881,Groceries,42.89,Behind,42.89,U00321,West,Medium,Pending,258.85
P005651,Beauty,64.26,Author,64.26,U00525,South,High,Completed,390.39
P002217,Sports,52.45,Democratic,52.45,U02854,North,High,Completed,1875.14
P003889,Clothing,36.22,Customer,36.22,U00740,South,High,Completed,123.01
P004505,Books,34.01,Listen,34.01,U00235,East,High,Completed,1007.62
P001816,Electronics,57.22,Candidate,57.22,U02163,East,Medium,Completed,1734.7
P000943,Sports,271.21,Improve,271.21,U02200,West,Low,Completed,618.49
P004387,Sports,34.17,Want,34.17,U00876,East,High,Completed,2225.62
P001207,Groceries,16.1,There,16.1,U00823,East,Low,Completed,560.37
P000887,Home & Kitchen,14.04,Certainly,14.04,U01806,North,Low,Completed,907.79
P006428,Sports,24.26,Decision,24.26,U01516,West,High,Cancelled,346.67
P002249,Beauty,144.82,Least,144.82,U01702,South,Low,Cancelled,795.43
P002530,Sports,54.01,Animal,54.01,U02699,East,Low,Completed,1658.27
P001631,Electronics,19.0,Property,19.0,U00718,South,Medium,Completed,1513.12
P000837,Books,66.95,Suddenly,66.95,U00366,South,Medium,Completed,1716.96
P005405,Electronics,87.52,Health,87.52,U02530,East,High,Completed,380.04
P005388,Beauty,22.83,And,22.83,U00835,South,Medium,Pending,257.21
P000959,Home & Kitchen,225.48,Indeed,225.48,,North,Medium,Completed,902.27
P002165,Groceries,92.05,Kind,92.05,,South,Low,Pending,1122.8
P002376,Clothing,71.05,Maintain,71.05,U01217,South,High,Cancelled,407.83
P002091,Groceries,29.85,Yeah,29.85,U00626,South,High,Refunded,823.79
P007359,Sports,19.17,More,19.17,U00148,South,Low,Completed,2294.19
P003594,Groceries,35.22,Sometimes,35.22,U02207,West,Low,Completed,798.24
P004890,Electronics,91.06,Certain,91.06,U02340,East,Low,Completed,1177.11
P002072,Beauty,42.8,Lay,42.8,U01149,South,High,Completed,140.48
P007037,Beauty,106.12,Pretty,106.12,U02621,East,Low,Refunded,2057.39
P003163,Clothing,90.59,Not,90.59,U02453,South,High,Completed,542.09
P004460,Books,176.14,Left,176.14,U00104,West,Medium,Cancelled,916.7
P000266,Beauty,41.65,Career,41.65,U00106,South,Low,Completed,555.29
P004473,Groceries,192.88,Gun,192.88,U01438,South,High,Pending,1341.31
P006082,Books,58.09,Support,58.09,U00069,South,High,Completed,803.68
P004858,Home & Kitchen,109.15,Different,109.15,,West,Low,Completed,496.28
P002430,Electronics,110.14,Attorney,110.14,U02138,South,High,Completed,443.66
P001939,Clothing,60.31,Choose,60.31,,North,Medium,Pending,1974.95
P003114,Books,83.65,Bill,83.65,U01131,East,High,Completed,826.66
P001955,Groceries,77.9,Agree,77.9,U02407,South,High,Completed,627.04
P006986,Home & Kitchen,7.75,Fish,7.75,U01122,North,Low,Completed,1327.09
P000667,Electronics,60.46,Instead,60.46,U02415,West,Medium,Refunded,424.89
P002947,Home & Kitchen,30.08,Chair,30.08,U01244,East,Low,Completed,1109.8
P003385,Clothing,55.94,Bar,55.94,U02843,South,High,Completed,534.51
P003075,Groceries,81.88,Surface,81.88,U02651,West,Medium,Completed,754.05
P000641,Clothing,76.17,Many,76.17,U02874,South,Low,Completed,463.49
P004547,Home & Kitchen,75.92,Prepare,75.92,U01694,South,Medium,Completed,2766.4
P004986,Home & Kitchen,60.2,Those,60.2,U01439,West,Low,Cancelled,464.98
P005522,Books,11.71,Upon,11.71,U01842,West,Medium,Completed,636.88
P002400,Books,45.69,Gun,45.69,U00264,West,Low,Cancelled,281.34
P007410,Electronics,111.41,Any,111.41,U00813,West,Low,Completed,1708.91
P006394,Books,197.19,Matter,197.19,U02516,North,High,Completed,376.84
P002189,Clothing,169.46,Recently,169.46,U01942,North,High,Pending,143.43
P003430,Sports,66.13,Investment,66.13,U00291,South,High,Completed,1127.87
P001855,Books,99.21,Young,99.21,U02318,South,Low,Completed,500.79
P002373,Sports,39.55,Phone,39.55,U00627,North,High,Completed,1170.19
P006967,Electronics,61.04,Especially,61.04,U00456,North,Low,Pending,430.85
P000116,Clothing,218.02,Hundred,218.02,U01945,West,Medium,Pending,1592.71
P004512,Sports,75.02,Describe,75.02,U02747,North,High,Pending,314.3
P006564,Groceries,210.26,Budget,210.26,U01999,East,High,Completed,521.7
P003368,Groceries,23.25,Field,23.25,U01869,West,High,Completed,761.83
P004391,Books,22.0,Pull,22.0,U02150,North,Low,Completed,1149.01
P000524,Clothing,17.39,Business,17.39,U01353,North,Medium,Cancelled,373.71
P002687,Books,81.85,Head,81.85,U01366,East,High,Completed,749.16
P004689,Books,79.93,Later,79.93,U02222,West,Low,Completed,1083.62
P001114,Electronics,120.87,Either,120.87,U01730,South,High,Pending,472.89
P000975,Books,8.01,Development,8.01,U02685,South,Low,Completed,411.7
P005072,Clothing,80.19,Common,80.19,U02172,North,Low,Cancelled,1589.41
P007301,Electronics,40.13,Focus,40.13,U01217,East,High,Completed,2396.07
P004903,Clothing,61.3,Across,61.3,U01668,North,Low,Pending,294.53
P006641,Books,127.48,Page,127.48,U00568,East,Low,Completed,791.01
P004478,Beauty,185.05,Community,185.05,U01814,South,High,Completed,1661.8
P006070,Beauty,122.88,Act,122.88,U00770,East,High,Completed,291.45
P004934,Sports,60.63,Challenge,60.63,U02126,West,Low,Pending,1210.31
P003877,Clothing,66.66,Operation,66.66,U00308,North,Low,Completed,528.59
P000668,Groceries,14.55,Respond,14.55,U00573,South,Medium,Completed,423.19
P005330,Groceries,132.72,Must,132.72,U02152,South,Low,Completed,518.18
P006741,Groceries,109.47,Property,109.47,U02719,East,High,Completed,481.63
P001578,Electronics,30.89,Two,30.89,U00280,West,High,Completed,620.4
P002884,Groceries,49.15,Rate,49.15,U00544,East,Low,Cancelled,415.65
P006178,Electronics,139.57,Yeah,139.57,U01042,East,Medium,Completed,720.12
P000129,Sports,16.72,Drop,16.72,U02188,North,Medium,Completed,780.07
P002700,Beauty,33.48,Movement,33.48,U01326,West,High,Pending,782.1
P005269,Clothing,51.91,Film,51.91,U01660,East,Low,Completed,347.99
P000832,Home & Kitchen,33.6,Whose,33.6,U01211,East,Medium,Completed,848.95
P000689,Home & Kitchen,143.84,Police,143.84,U01115,North,Medium,Completed,2794.42
P001630,Sports,22.37,Soon,22.37,U01598,South,Medium,Completed,263.81
P006836,Books,101.5,Future,101.5,U01447,West,High,Completed,884.12
P007345,Books,40.69,Ready,40.69,U00970,South,Medium,Completed,1711.53
P002040,Beauty,38.43,Specific,38.43,U02015,North,Low,Completed,656.87
P003741,Sports,157.7,Recent,157.7,U01953,East,Medium,Completed,897.67
P007800,Home & Kitchen,13.15,Who,13.15,,South,High,Completed,428.06
P006963,Home & Kitchen,22.63,Case,22.63,U02850,North,High,Completed,823.72
P001679,Groceries,20.17,Summer,20.17,U02013,South,High,Cancelled,2071.84
P000132,Groceries,68.48,Support,68.48,U00867,West,Medium,Completed,1414.52
P002414,Groceries,58.56,Cold,58.56,U00074,North,Medium,Completed,1358.83
P005982,Home & Kitchen,32.12,Hour,32.12,U01753,West,High,Cancelled,1234.61
P003410,Electronics,98.04,Relationship,98.04,U01587,South,Medium,Completed,1280.16
P006214,Books,165.07,Kitchen,165.07,U01646,West,Medium,Completed,1786.71
P001591,Sports,32.42,Clear,32.42,U01548,East,Medium,Completed,1013.4
P005087,Beauty,98.38,Exist,98.38,U00105,South,Medium,Completed,433.9
P004700,Clothing,128.35,Have,128.35,U00308,South,Medium,Completed,1139.08
P006346,Books,83.25,Cup,83.25,U00986,East,High,Refunded,671.85
P004013,Clothing,43.05,World,43.05,U02990,East,High,Completed,193.7
P005425,Groceries,65.12,Measure,65.12,U01120,South,Low,Completed,644.9
P003080,Books,53.47,Baby,53.47,U01410,East,Low,Completed,1451.6
P007676,Sports,49.35,Onto,49.35,U00620,East,Low,Pending,728.27
P003115,Sports,32.42,Apply,32.42,U02011,West,High,Pending,559.11
P000455,Beauty,57.7,Among,57.7,U02953,East,High,Completed,254.44
P000302,Electronics,18.9,Drug,18.9,U00904,West,High,Completed,1851.73
P007623,Beauty,51.82,Environmental,51.82,U00943,South,Low,Completed,2633.92
P003780,Clothing,139.55,Parent,139.55,U02431,North,High,Completed,1315.79
P001668,Electronics,35.44,Past,35.44,U00391,North,Low,Completed,1345.15
P001237,Clothing,101.89,Let,101.89,U02750,South,Low,Completed,594.69
P000029,Beauty,41.59,Rate,41.59,U01093,East,Low,Completed,651.74
P001829,Electronics,37.99,Box,37.99,U02605,South,Low,Completed,909.26
P001792,Books,14.79,Truth,14.79,U01875,South,High,Completed,1171.99
P000787,Electronics,204.06,Down,204.06,U02737,East,High,Completed,1411.71
P003895,Electronics,117.81,Who,117.81,,East,Low,Completed,1494.53
P006115,Beauty,117.2,Politics,117.2,U02472,South,High,Completed,357.87
P007438,Groceries,88.27,However,88.27,,South,Medium,Completed,814.71
P006718,Beauty,32.47,Set,32.47,U00646,East,High,Completed,441.2
P004217,Sports,11.75,Blue,11.75,U00439,North,High,Completed,355.95
P002802,Sports,61.84,Suddenly,61.84,U00682,East,High,Refunded,1881.59
P003058,Clothing,81.74,Develop,81.74,U02706,West,Medium,Pending,1015.9
P004643,Clothing,31.09,Executive,31.09,U00114,East,High,Pending,2898.86
P006010,Beauty,65.74,Apply,65.74,,South,High,Completed,2170.5
P003781,Home & Kitchen,114.63,From,114.63,U00888,South,Medium,Completed,1541.62
P006229,Sports,61.46,Past,61.46,U00901,West,High,Completed,662.23
P005064,Home & Kitchen,77.25,Sit,77.25,U00078,South,Medium,Pending,526.87
P001258,Beauty,92.67,Order,92.67,U01828,East,High,Completed,1150.95
P006677,Home & Kitchen,210.45,Arm,210.45,U01483,East,High,Pending,426.67
P000138,Beauty,47.85,White,47.85,U01511,South,High,Completed,548.68
P003642,Sports,80.8,Around,80.8,U02829,East,High,Completed,1703.41
P003510,Groceries,52.88,Address,52.88,U01888,West,High,Pending,717.02
P001767,Electronics,48.45,Find,48.45,U02705,South,High,Completed,745.0
P007763,Groceries,48.0,Step,48.0,U02576,North,Medium,Refunded,1514.2
P002110,Groceries,76.39,Throw,76.39,U00048,North,Low,Completed,1407.04
P000223,Home & Kitchen,19.01,Fire,19.01,U00404,North,Medium,Completed,770.63
P004586,Clothing,19.99,One,19.99,U00154,East,Low,Cancelled,536.08
P002612,Beauty,69.59,Hour,69.59,U02790,West,Low,Completed,1119.87
P006618,Clothing,178.84,Mission,178.84,U02219,South,Medium,Completed,741.38
P007704,Groceries,72.65,Movie,72.65,U01111,South,Low,Completed,1597.93
P007166,Groceries,55.15,Allow,55.15,U01404,South,Medium,Completed,1252.02
P001569,Electronics,34.48,Civil,34.48,U01624,West,High,Completed,812.13
P001978,Home & Kitchen,40.37,High,40.37,U01467,South,Low,Completed,440.41
P001048,Sports,67.32,Then,67.32,U00020,East,Low,Completed,733.5
P007354,Clothing,177.77,Significant,177.77,U00162,North,Medium,Completed,1302.5
P000163,Groceries,52.58,Water,52.58,U00490,South,Low,Completed,1030.24
P007992,Home & Kitchen,21.16,Market,21.16,U02372,North,Medium,Completed,543.85
P007368,Clothing,135.79,Thus,135.79,U00094,South,Medium,Refunded,1698.89
P004532,Groceries,212.81,Travel,212.81,U01159,West,Medium,Completed,1035.3
P004135,Electronics,72.49,Commercial,72.49,U01400,South,Low,Completed,227.58
P002617,Beauty,106.59,Door,106.59,U01283,East,Low,Completed,605.47
P003762,Sports,187.65,Sit,187.65,U02643,East,Medium,Completed,2147.84
P000086,Groceries,106.9,Base,106.9,U01687,South,Medium,Completed,962.5
P007468,Home & Kitchen,21.95,Play,21.95,U02956,West,Medium,Completed,837.34
P000043,Electronics,123.12,Save,123.12,U02900,North,Low,Completed,334.54
P005259,Books,148.35,Ten,148.35,U01866,North,Medium,Completed,608.33
P006243,Electronics,26.31,Fire,26.31,U01144,West,Medium,Refunded,549.92
P002630,Books,122.8,Few,122.8,U00566,East,Medium,Completed,1636.87
P007702,Groceries,36.9,Black,36.9,U01457,South,High,Pending,589.1
P002234,Home & Kitchen,30.8,Husband,30.8,U00384,West,Low,Completed,1333.1
P006152,Beauty,74.81,Agree,74.81,U00410,South,Low,Completed,681.89
P002153,Electronics,96.3,Really,96.3,U01252,West,Medium,Cancelled,2087.47
P000624,Sports,129.2,Word,129.2,U00220,East,Low,Completed,815.71
P001673,Clothing,139.43,Environmental,139.43,U02064,West,Medium,Cancelled,998.06
P006612,Electronics,146.52,World,146.52,U00845,North,High,Completed,1092.8
P006764,Beauty,38.7,Meeting,38.7,U02771,North,Low,Completed,667.48
P007282,Clothing,204.45,Stock,204.45,U00026,West,Medium,Completed,432.3
P004617,Electronics,46.54,Computer,46.54,U00353,North,Low,Completed,437.35
P000542,Beauty,85.65,Middle,85.65,U00305,North,Low,Completed,1075.7
P005517,Sports,35.35,Change,35.35,U00989,North,High,Cancelled,611.78
P003749,Beauty,90.46,Effect,90.46,U01104,South,Medium,Completed,1160.41
P007778,Beauty,36.64,Before,36.64,,East,High,Completed,891.4
P006403,Electronics,24.03,Kitchen,24.03,U01263,West,Medium,Completed,321.11
P001246,Sports,114.06,Term,114.06,U00224,South,Medium,Pending,953.57
P005790,Sports,172.27,Everyone,172.27,U02718,West,High,Completed,729.69
P003813,Clothing,64.15,Question,64.15,U01954,South,Medium,Completed,948.41
P005410,Groceries,68.64,Far,68.64,U00068,South,Medium,Completed,2318.47
P006517,Clothing,144.15,Loss,144.15,U00806,East,High,Completed,1559.65
P001363,Sports,88.7,Left,88.7,U01246,East,Low,Completed,1062.97
P000383,Electronics,119.06,Administration,119.06,U00328,East,High,Completed,548.41
P002623,Beauty,219.88,Send,219.88,U02357,East,Low,Completed,1441.81
P002755,Groceries,163.95,Animal,163.95,U01040,North,High,Completed,1093.49
P003791,Books,34.46,Character,34.46,U00876,West,Medium,Completed,857.75
P000799,Clothing,45.8,Lose,45.8,U02321,North,Low,Completed,420.95
P006198,Home & Kitchen,142.43,Operation,142.43,U01006,West,High,Completed,618.01
P001235,Home & Kitchen,95.65,Manager,95.65,U01941,South,Low,Completed,987.32
P000237,Beauty,178.41,Why,178.41,U01173,South,High,Pending,611.8
P007861,Home & Kitchen,39.97,Science,39.97,U02458,West,Low,Completed,1070.88
P000202,Sports,25.68,Specific,25.68,U00057,West,Low,Completed,569.65
P000655,Electronics,10.84,Receive,10.84,U01524,South,Low,Completed,1525.64
P003610,Clothing,327.86,News,327.86,U02987,South,Medium,Completed,537.59
P003635,Electronics,73.15,Past,73.15,U02175,East,Low,Completed,1384.12
P006728,Groceries,58.41,Increase,58.41,U02171,West,High,Completed,718.5
P004740,Home & Kitchen,193.96,Increase,193.96,U00664,West,High,Pending,955.99
P007413,Groceries,65.18,Game,65.18,U01553,East,Medium,Completed,1159.05
P003878,Home & Kitchen,67.7,Director,67.7,U02413,South,Low,Completed,933.41
P002473,Electronics,112.39,Your,112.39,U00794,West,High,Completed,258.37
P003295,Beauty,37.23,Cut,37.23,U02592,South,High,Completed,1500.74
P003265,Electronics,140.09,Picture,140.09,U00253,North,Medium,Completed,1046.78
P004132,Clothing,117.67,Woman,117.67,U00463,South,Medium,Completed,413.57
P007798,Beauty,71.61,Themselves,71.61,U00120,West,Low,Completed,478.67
P006067,Clothing,65.56,Statement,65.56,U01325,East,High,Completed,1034.42
P005525,Clothing,97.74,For,97.74,U01044,West,Medium,Completed,566.9
P005393,Electronics,91.0,Window,91.0,U02784,North,High,Completed,1074.73
P004291,Beauty,126.93,Summer,126.93,U01805,North,High,Completed,495.47
P001743,Beauty,179.72,Resource,179.72,U00664,South,Medium,Completed,345.38
P001084,Groceries,36.86,Machine,36.86,U01476,East,Medium,Completed,764.17
P002505,Clothing,64.62,Thing,64.62,U02303,West,Low,Completed,974.99
P002876,Books,100.09,Source,100.09,U00403,West,High,Completed,914.6
P000948,Groceries,24.72,Interview,24.72,U01563,North,Medium,Completed,565.88
P006050,Beauty,63.09,Commercial,63.09,U00362,North,Medium,Completed,587.62
P005647,Electronics,116.59,Evidence,116.59,U02285,South,Medium,Completed,335.44
P003063,Beauty,67.87,Purpose,67.87,U01996,East,Low,Completed,1041.85
P001133,Clothing,157.92,Far,157.92,U01477,North,High,Completed,391.25
P003018,Sports,42.69,Bar,42.69,U02738,North,Medium,Completed,732.98
P005080,Electronics,50.32,Event,50.32,U02894,South,Medium,Completed,1763.16
P000384,Home & Kitchen,7.42,Better,7.42,U02469,West,Low,Completed,560.29
P006854,Clothing,118.97,Feeling,118.97,U02411,South,Low,Completed,329.87
P002455,Beauty,109.31,Recognize,109.31,U00834,East,High,Completed,408.26
P003004,Clothing,67.5,Fly,67.5,U02848,West,Low,Completed,225.4
P003326,Books,100.72,Consumer,100.72,U02285,North,Low,Completed,1857.51
P001979,Books,111.92,Must,111.92,U02181,South,Medium,Completed,1583.05
P003424,Clothing,58.53,Spend,58.53,U02874,West,Low,Completed,244.54
P003693,Electronics,95.68,Whose,95.68,U00840,West,Medium,Completed,744.69
P005107,Electronics,132.69,Much,132.69,U00249,West,High,Completed,789.99
P005449,Groceries,21.61,Station,21.61,U02943,West,High,Completed,702.84
P006607,Groceries,89.3,Wait,89.3,U01547,East,High,Completed,1641.41
P003174,Home & Kitchen,6.03,Interesting,6.03,U00828,North,High,Cancelled,459.57
P006976,Groceries,19.06,Without,19.06,U02168,North,Medium,Completed,249.1
P005800,Sports,191.26,Bill,191.26,U01214,South,Low,Completed,1619.88
P006628,Clothing,38.15,Apply,38.15,U02750,South,Medium,Cancelled,143.65
P004852,Clothing,46.67,Laugh,46.67,U00089,West,High,Pending,809.43
P006057,Home & Kitchen,109.52,Radio,109.52,U01962,North,High,Completed,402.64
P004776,Sports,44.93,Prove,44.93,U00892,West,Low,Cancelled,870.24
P002379,Beauty,139.59,Strong,139.59,U00424,North,Medium,Cancelled,922.43
P007445,Books,18.65,Trip,18.65,U02107,West,High,Completed,839.39
P003528,Electronics,33.35,Generation,33.35,U00598,East,Low,Completed,215.9
P004243,Electronics,70.85,Start,70.85,U01873,West,Low,Completed,518.71
P007853,Clothing,114.89,But,114.89,U00106,North,Low,Cancelled,111.5
P001605,Beauty,66.33,Represent,66.33,U00309,South,Medium,Completed,1102.67
P006315,Home & Kitchen,41.04,Rule,41.04,U01483,East,Low,Completed,613.51
P000105,Books,63.74,Result,63.74,U00876,West,High,Completed,798.84
P001003,Books,117.25,End,117.25,U01151,South,Low,Completed,405.4
P000570,Books,41.84,You,41.84,,West,Medium,Completed,616.42
P001204,Beauty,107.11,Picture,107.11,U01060,West,High,Pending,1215.53
P003354,Beauty,12.69,Sea,12.69,U00839,North,High,Pending,442.1
P002568,Sports,124.38,Decision,124.38,,East,Low,Completed,1017.09
P006118,Groceries,311.23,Return,311.23,U02732,North,Low,Completed,1025.36
P000963,Beauty,11.33,Agreement,11.33,U01793,West,Medium,Pending,1571.42
P004487,Books,12.58,Opportunity,12.58,U02268,South,High,Completed,859.86
P007816,Groceries,78.81,Investment,78.81,U01832,East,Medium,Completed,1641.61
P006707,Groceries,82.83,Hour,82.83,U01274,South,High,Pending,979.62
P001572,Clothing,167.0,Card,167.0,U01388,South,High,Cancelled,523.67
P000291,Beauty,110.14,We,110.14,U02841,East,Low,Completed,1709.65
P000759,Groceries,233.05,Real,233.05,U00522,South,High,Completed,810.24
P002190,Sports,290.82,Language,290.82,U00743,South,High,Completed,178.53
P002412,Groceries,20.68,Necessary,20.68,,North,Low,Completed,877.91
P006666,Beauty,105.0,Fly,105.0,U00969,North,Low,Completed,377.1
P006075,Beauty,126.96,Consumer,126.96,U01444,West,Medium,Pending,447.09
P003584,Home & Kitchen,43.14,Claim,43.14,,East,High,Cancelled,313.62
P000252,Home & Kitchen,213.91,Effect,213.91,U00478,South,Low,Refunded,571.7
P006670,Groceries,109.15,Design,109.15,U02185,North,High,Completed,922.86
P005263,Clothing,49.8,Out,49.8,U02367,North,Medium,Completed,1960.54
P002086,Sports,126.3,Can,126.3,U01161,South,High,Completed,952.8
P003420,Sports,81.01,Series,81.01,U00766,South,Medium,Completed,1680.89
P005984,Groceries,150.13,Arrive,150.13,U00838,South,Medium,Completed,371.45
P006955,Books,43.44,My,43.44,,West,Low,Pending,1046.44
P006096,Home & Kitchen,79.91,Discover,79.91,U01048,North,High,Completed,343.0
P003311,Home & Kitchen,121.17,Thus,121.17,U01287,North,Medium,Completed,818.16
P007050,Clothing,95.98,Now,95.98,U01212,North,Low,Completed,737.56
P002494,Beauty,57.28,Draw,57.28,U01790,North,Low,Completed,271.85
P003468,Sports,194.44,Industry,194.44,U02948,East,Medium,Completed,1800.22
P006693,Sports,189.23,Build,189.23,U01719,South,Low,Completed,600.86
P006100,Books,51.09,Near,51.09,,East,High,Completed,1371.65
P006127,Books,82.65,Factor,82.65,,North,Low,Completed,280.35
P006307,Books,119.1,Cut,119.1,U02220,South,High,Completed,1015.74
P001041,Sports,242.49,Industry,242.49,U02092,South,High,Completed,960.39
P001438,Groceries,43.94,True,43.94,U01425,West,Low,Completed,787.26
P000312,Home & Kitchen,56.4,Western,56.4,,North,Medium,Cancelled,2460.29
P000207,Clothing,79.73,Learn,79.73,U00286,East,Medium,Completed,978.22
P002385,Books,85.56,Take,85.56,U01847,South,Low,Completed,178.81
P000853,Groceries,114.22,Then,114.22,U00685,North,Low,Completed,917.42
P005073,Groceries,18.38,Model,18.38,U00299,East,High,Cancelled,769.82
P006196,Beauty,144.26,Share,144.26,U02610,West,Low,Completed,916.95
P002493,Books,83.49,Dark,83.49,U01889,South,Medium,Pending,971.08
P007525,Books,55.82,Market,55.82,U00596,West,Low,Completed,1364.94
P004647,Home & Kitchen,82.6,Hit,82.6,U02738,South,High,Completed,478.38
P000722,Groceries,68.44,Capital,68.44,U01624,North,High,Completed,786.48
P003341,Clothing,129.68,Everything,129.68,U00820,East,High,Completed,536.32
P006191,Home & Kitchen,34.36,Bill,34.36,U00247,North,High,Completed,1202.48
P000671,Sports,47.23,Glass,47.23,U00773,West,Medium,Completed,676.81
P003996,Clothing,56.54,Itself,56.54,U01803,North,Low,Completed,816.63
P000403,Electronics,54.54,With,54.54,U01479,East,Medium,Pending,452.94
P004600,Groceries,37.36,Memory,37.36,U02629,East,Low,Completed,379.57
P007335,Sports,299.61,Performance,299.61,U02993,South,Medium,Refunded,1904.73
P007602,Sports,151.47,Next,151.47,U00475,South,Medium,Completed,1211.37
P007544,Sports,56.63,Shake,56.63,U01184,North,Low,Completed,327.29
P005697,Beauty,20.2,How,20.2,U01646,West,Low,Completed,703.51
P006748,Sports,97.82,Little,97.82,U02652,South,Medium,Completed,829.05
P001833,Beauty,8.83,Ago,8.83,U02786,West,Medium,Cancelled,911.98
P004716,Books,45.06,Teacher,45.06,U02531,East,Medium,Completed,1067.52
P006800,Home & Kitchen,164.95,Certainly,164.95,U00953,East,Medium,Completed,1263.42
P005391,Sports,25.17,Apply,25.17,U00219,West,Medium,Completed,1554.13
P004541,Books,35.01,People,35.01,U01582,East,High,Completed,1397.58
P004090,Clothing,107.67,Still,107.67,,East,Medium,Completed,1670.28
P006317,Clothing,72.4,Guy,72.4,U02272,East,Medium,Completed,1197.25
P007257,Books,20.13,Feel,20.13,U00535,West,High,Cancelled,374.42
P005627,Electronics,39.59,Chance,39.59,U01358,East,High,Completed,945.94
P004935,Books,70.22,End,70.22,U02926,West,Medium,Completed,502.82
P001465,Beauty,34.6,Professor,34.6,U02854,North,Medium,Completed,850.07
P007111,Home & Kitchen,111.53,Begin,111.53,U02081,South,Medium,Completed,1062.2
P007312,Electronics,145.15,The,145.15,U02842,North,Low,Pending,235.33
P003266,Books,31.78,Matter,31.78,U00248,West,Low,Completed,722.74
P003582,Home & Kitchen,37.8,Cell,37.8,U02697,West,High,Cancelled,641.99
P003540,Electronics,18.96,Every,18.96,U01088,West,Low,Completed,365.27
P003105,Books,41.02,Born,41.02,,East,High,Completed,1287.81
P006430,Groceries,78.42,Everyone,78.42,U00634,West,Low,Completed,484.43
P003003,Clothing,34.35,Claim,34.35,U00727,North,Low,Completed,565.33
P002536,Home & Kitchen,91.21,Life,91.21,U01721,North,Low,Completed,1908.13
P007192,Home & Kitchen,100.35,Two,100.35,U01856,South,High,Cancelled,201.45
P007333,Clothing,43.17,Interview,43.17,U00166,South,Medium,Completed,334.06
P005933,Beauty,101.28,Glass,101.28,U02129,East,High,Completed,510.71
P005562,Beauty,58.49,Never,58.49,U00901,South,Medium,Completed,128.22
P006058,Home & Kitchen,25.7,Down,25.7,U00514,South,Medium,Cancelled,301.9
P004616,Home & Kitchen,52.62,Middle,52.62,U02349,North,Low,Completed,391.59
P001107,Groceries,92.08,Else,92.08,U00638,East,Low,Completed,817.65
P001580,Sports,108.58,Less,108.58,U00395,North,High,Pending,838.8
P007073,Beauty,36.51,Big,36.51,U00362,North,High,Completed,535.75
P005941,Beauty,34.84,Watch,34.84,U02131,West,Low,Completed,257.29
P006673,Clothing,21.81,Loss,21.81,U01982,North,Medium,Completed,282.09
P004853,Home & Kitchen,61.18,Reality,61.18,U02029,West,Medium,Completed,727.44
P003211,Clothing,102.45,Interest,102.45,U01581,South,Medium,Refunded,599.91
P003993,Groceries,167.11,Anything,167.11,U01040,West,High,Completed,1401.96
P005090,Books,177.65,Buy,177.65,U01318,West,Medium,Completed,2485.44
P007105,Home & Kitchen,50.09,Class,50.09,U02728,North,Medium,Completed,321.32
P001050,Electronics,47.09,Eight,47.09,,East,High,Pending,905.49
P005131,Clothing,45.13,Actually,45.13,U00319,East,Medium,Cancelled,311.15
P007866,Beauty,77.03,Head,77.03,U00539,East,Low,Completed,1218.62
P004312,Beauty,85.02,Information,85.02,U01820,East,High,Completed,531.57
P003518,Beauty,72.41,Data,72.41,U02616,South,Medium,Cancelled,910.61
P002183,Electronics,50.73,Prepare,50.73,U00087,South,Low,Completed,505.83
P007053,Clothing,42.87,Ago,42.87,U00501,East,Low,Completed,751.19
P003037,Clothing,131.55,Congress,131.55,U01874,North,Low,Completed,874.23
P004270,Clothing,66.48,Ball,66.48,U00667,South,High,Refunded,571.14
P002848,Beauty,28.75,So,28.75,U00785,East,Medium,Completed,599.01
P000457,Groceries,88.31,Beat,88.31,U01184,South,High,Completed,483.22
P003477,Sports,201.06,Under,201.06,U01584,West,Low,Completed,1135.47
P006450,Clothing,132.57,Add,132.57,U02587,East,Medium,Completed,787.29
P004720,Beauty,51.43,Stock,51.43,,North,Medium,Completed,2154.27
P003772,Groceries,39.92,Arrive,39.92,U00989,South,Medium,Completed,274.41
P004199,Sports,95.5,Husband,95.5,,West,High,Refunded,1801.71
P002226,Groceries,20.28,Generation,20.28,U01330,North,High,Pending,1445.66
P002841,Home & Kitchen,122.92,Bad,122.92,U01766,East,Medium,Refunded,1628.78
P001224,Books,10.09,Yet,10.09,U02146,South,Medium,Refunded,557.59
P007355,Groceries,14.57,Tough,14.57,U02296,North,Low,Completed,1009.27
P000984,Clothing,303.65,Theory,303.65,U02207,South,Medium,Pending,200.5
P006548,Groceries,106.26,Popular,106.26,U01682,South,Low,Pending,711.4
P004803,Sports,59.83,Wall,59.83,U00456,North,Low,Completed,1881.05
P003472,Sports,118.65,Write,118.65,U00072,South,Low,Completed,1653.64
P001455,Sports,28.58,Often,28.58,,East,Low,Completed,241.03
P006098,Groceries,178.63,Five,178.63,U00897,East,Medium,Pending,501.36
P003665,Beauty,94.78,Answer,94.78,U00505,East,Medium,Refunded,485.9
P002873,Home & Kitchen,85.49,Hospital,85.49,U00923,West,Medium,Pending,904.57
P001404,Beauty,60.95,Many,60.95,U02981,North,High,Completed,1167.69
P005153,Home & Kitchen,38.84,Keep,38.84,U01526,South,High,Completed,438.46
P004059,Groceries,127.88,Machine,127.88,U00369,West,Low,Completed,443.96
P004875,Clothing,45.02,Rule,45.02,U01109,East,Low,Cancelled,745.19
P002196,Electronics,76.49,Dinner,76.49,U01103,East,Medium,Refunded,628.73
P000779,Home & Kitchen,70.06,President,70.06,U00359,East,High,Completed,449.84
P000210,Home & Kitchen,39.01,About,39.01,U01414,East,High,Pending,913.77
P004516,Clothing,63.67,Table,63.67,U02731,North,Low,Completed,826.39
P005029,Clothing,54.69,Will,54.69,U02773,West,Medium,Completed,629.15
P005858,Sports,19.97,Product,19.97,U00118,West,Low,Pending,377.69
P005922,Sports,134.69,Interesting,134.69,U01716,East,Medium,Completed,380.36
P000326,Beauty,153.89,Worry,153.89,,West,High,Completed,335.41
P001945,Groceries,28.75,Town,28.75,U02333,West,High,Cancelled,300.3
P002898,Groceries,13.92,Stage,13.92,U00582,South,Medium,Completed,776.77
P006632,Beauty,22.64,Question,22.64,U00945,North,Medium,Pending,912.84
P002111,Home & Kitchen,47.01,Box,47.01,U02628,South,Low,Completed,401.86
P004999,Books,54.28,Author,54.28,,West,Low,Completed,418.72
P004298,Sports,116.48,Than,116.48,U01054,East,Medium,Pending,447.2
P000242,Groceries,93.43,After,93.43,U01339,West,Low,Completed,897.36
P007855,Groceries,18.92,Author,18.92,U00018,North,Medium,Completed,879.53
P004435,Home & Kitchen,123.88,City,123.88,U01645,East,High,Pending,817.24
P002945,Clothing,48.82,Deep,48.82,U01334,West,High,Completed,1502.79
P007601,Books,67.95,Save,67.95,U00372,East,High,Completed,1167.71
P006195,Beauty,91.67,Evening,91.67,U02753,West,High,Completed,951.11
P004887,Home & Kitchen,35.79,Hold,35.79,U01838,South,Low,Refunded,187.16
P007694,Clothing,128.18,Receive,128.18,U02214,West,Medium,Completed,477.03
P001615,Home & Kitchen,29.38,Turn,29.38,,South,Low,Pending,1314.49
P003316,Home & Kitchen,27.56,Certainly,27.56,U02648,East,Medium,Completed,1699.41
P003534,Home & Kitchen,80.46,Challenge,80.46,U01353,West,High,Pending,275.62
P002609,Beauty,117.66,Argue,117.66,U01448,North,High,Completed,529.47
P004406,Sports,79.26,Research,79.26,U00894,North,Low,Completed,1231.57
P003011,Electronics,52.78,Half,52.78,U00592,West,Low,Completed,2217.29
P004154,Beauty,221.45,Month,221.45,U01957,East,Low,Completed,1168.3
P006349,Groceries,27.05,What,27.05,U02347,South,High,Completed,809.79
P005186,Clothing,38.55,Home,38.55,U02647,North,Low,Cancelled,615.24
P003239,Sports,75.25,Great,75.25,U00129,South,High,Completed,1312.63
P004346,Books,110.63,Subject,110.63,U01800,West,Medium,Completed,480.44
P007743,Groceries,181.67,Seek,181.67,U02374,East,Medium,Pending,1854.27
P005928,Sports,47.39,Interest,47.39,U00452,East,Medium,Cancelled,616.82
P007711,Sports,119.16,Same,119.16,U02872,East,High,Completed,825.67
P002839,Books,93.66,Yourself,93.66,U00150,West,Low,Completed,860.5
P007738,Groceries,81.7,Institution,81.7,U00743,North,Low,Cancelled,785.1
P006656,Electronics,193.47,Also,193.47,U01415,West,High,Completed,632.21
P000852,Groceries,89.69,Last,89.69,U00529,North,Medium,Completed,930.41
P003026,Beauty,103.43,Floor,103.43,U00141,West,High,Completed,1406.21
P006271,Beauty,53.73,Above,53.73,U00852,East,Medium,Completed,1113.37
P004844,Electronics,22.75,Area,22.75,U02554,West,Medium,Completed,244.19
P005065,Home & Kitchen,48.08,Continue,48.08,U01515,East,Medium,Pending,1059.36
P003546,Groceries,90.02,Girl,90.02,U02085,East,Medium,Refunded,890.83
P000087,Books,44.4,Top,44.4,U00443,West,Low,Cancelled,543.42
P003338,Home & Kitchen,50.78,Question,50.78,U00489,East,Medium,Completed,1097.84
P005424,Home & Kitchen,20.81,Oil,20.81,U01429,West,Medium,Completed,910.98
P003001,Books,70.14,Capital,70.14,U00346,West,Medium,Completed,1111.97
P006133,Clothing,79.14,Fire,79.14,U02270,East,Medium,Completed,573.92
P002264,Home & Kitchen,47.47,Building,47.47,U01972,West,High,Pending,465.83
P007062,Home & Kitchen,68.58,Like,68.58,U00744,West,Medium,Completed,1340.89
P003103,Home & Kitchen,87.25,Myself,87.25,U01072,East,Medium,Completed,1306.13
P002303,Clothing,54.06,Western,54.06,U02792,South,High,Completed,983.1
P003193,Groceries,163.48,Price,163.48,U02809,West,Medium,Cancelled,239.02
P005249,Beauty,22.64,War,22.64,U01658,West,High,Pending,860.19
P005019,Groceries,136.42,Push,136.42,U02801,North,High,Completed,814.73
P007289,Electronics,126.21,Though,126.21,U00230,East,Medium,Completed,961.58
P001706,Electronics,44.8,Owner,44.8,U02103,East,Medium,Completed,727.92
P006305,Clothing,63.13,These,63.13,U02335,East,Low,Completed,695.29
P005422,Beauty,17.03,Its,17.03,U00765,West,Low,Completed,1154.2
P001589,Sports,62.31,Truth,62.31,U02344,West,Medium,Completed,1147.68
P001470,Clothing,157.83,Cold,157.83,U02881,West,Low,Pending,517.83
P004513,Sports,80.03,Family,80.03,U00867,East,Medium,Completed,1741.55
P002059,Beauty,30.81,Form,30.81,U02174,East,High,Pending,532.89
P004018,Electronics,78.35,Method,78.35,U00595,West,Low,Completed,389.48
P000646,Electronics,56.44,Magazine,56.44,U00382,West,High,Completed,2160.14
P005664,Clothing,73.4,Usually,73.4,U02619,South,Medium,Completed,1225.81
P005732,Books,151.32,Evidence,151.32,U01758,South,High,Completed,443.07
P000406,Home & Kitchen,126.7,Look,126.7,U02355,North,Low,Refunded,545.86
P003330,Groceries,38.07,Guess,38.07,,North,High,Completed,778.91
P005991,Beauty,162.95,Move,162.95,,West,Low,Completed,1718.61
P007805,Groceries,133.98,Factor,133.98,U02834,West,Medium,Pending,480.34
P005328,Books,237.22,Heart,237.22,U02030,West,High,Completed,408.85
P004994,Home & Kitchen,159.77,Market,159.77,,South,Low,Completed,489.75
P007978,Home & Kitchen,54.74,Develop,54.74,U00315,North,High,Pending,427.9
P002837,Groceries,32.86,Purpose,32.86,U01462,West,Low,Completed,2255.74
P001433,Electronics,28.73,Treatment,28.73,U02895,East,Medium,Completed,614.15
P001061,Beauty,152.33,Others,152.33,U01088,South,Low,Completed,1594.73
P002348,Groceries,51.74,Manager,51.74,U02057,North,High,Completed,934.09
P002450,Clothing,54.27,Whom,54.27,U00455,South,Low,Completed,2102.35
P000969,Books,54.89,Main,54.89,U02974,East,Low,Completed,831.87
P006585,Home & Kitchen,97.13,Tv,97.13,U00187,West,Low,Completed,684.53
P006623,Sports,42.24,Million,42.24,U01529,North,Medium,Completed,1586.3
P007348,Books,90.8,History,90.8,,West,Low,Completed,217.85
P005421,Sports,77.14,Moment,77.14,U01502,South,Low,Completed,497.41
P005837,Groceries,52.17,Such,52.17,U01360,East,Medium,Cancelled,257.76
P006423,Beauty,132.72,Still,132.72,U00398,South,Medium,Completed,609.81
P003493,Groceries,65.98,Wrong,65.98,U00197,South,Low,Completed,878.15
P005690,Electronics,251.33,From,251.33,U00757,South,Low,Completed,1135.52
P004315,Beauty,61.55,Simple,61.55,U00040,North,High,Refunded,739.54
P003195,Books,65.64,Popular,65.64,U01864,West,Low,Completed,369.23
P002461,Clothing,94.08,Become,94.08,U01081,North,Low,Completed,374.65
P004959,Home & Kitchen,45.87,Current,45.87,U00577,North,High,Completed,1523.57
P006252,Clothing,79.98,It,79.98,,North,Medium,Completed,493.75
P004272,Books,55.11,Enter,55.11,U01083,East,Medium,Cancelled,2318.99
P003342,Sports,152.44,Poor,152.44,U01243,East,Medium,Completed,569.24
P000008,Home & Kitchen,47.32,Chair,47.32,U00397,East,Medium,Completed,866.93
P007713,Electronics,96.5,Seat,96.5,U02911,South,Low,Completed,474.82
P003122,Clothing,78.8,Energy,78.8,U00798,South,High,Pending,1212.4
P006664,Groceries,90.99,Present,90.99,U01330,West,High,Completed,762.02
P005127,Sports,73.42,Able,73.42,U02237,West,Medium,Pending,1022.6
P007737,Beauty,37.85,Word,37.85,U01774,East,Low,Completed,1275.81
P004198,Clothing,156.14,Class,156.14,U02921,West,Medium,Pending,424.73
P005679,Beauty,78.55,Son,78.55,U01532,North,Low,Completed,668.53
P005344,Groceries,73.12,Enjoy,73.12,U02544,South,Low,Completed,2653.97
P007989,Home & Kitchen,145.44,Everyone,145.44,U00236,South,Medium,Pending,2677.54
P000677,Electronics,19.74,Could,19.74,U01074,South,Low,Cancelled,1105.32
P005062,Groceries,75.5,Site,75.5,U01064,South,Medium,Cancelled,2075.28
P000472,Beauty,34.48,Individual,34.48,U00721,North,Medium,Pending,1624.12
P003689,Sports,152.51,Vote,152.51,U00804,South,Medium,Completed,385.36
P005265,Electronics,76.16,Learn,76.16,U02757,South,Medium,Completed,1079.19
P007442,Beauty,29.25,Into,29.25,U01166,East,High,Completed,319.31
P005810,Clothing,144.06,On,144.06,U00032,West,Medium,Completed,872.69
P004691,Beauty,65.05,Power,65.05,U00446,North,Low,Completed,654.22
P003291,Home & Kitchen,239.58,Page,239.58,U00259,North,Medium,Completed,831.18
P002320,Groceries,30.6,Soon,30.6,U01540,South,High,Completed,950.77
P003863,Clothing,36.32,Executive,36.32,U01287,East,High,Refunded,544.35
P006520,Home & Kitchen,40.89,Image,40.89,,East,Medium,Completed,1207.66
P002843,Sports,107.64,Public,107.64,U01878,North,Low,Completed,906.17
P000251,Electronics,38.36,Article,38.36,U02603,West,High,Completed,791.39
P004592,Clothing,49.31,Forward,49.31,U02555,South,Low,Completed,1029.59
P003853,Beauty,299.33,Win,299.33,U02386,West,High,Completed,580.04
P006414,Clothing,121.29,Then,121.29,,West,Medium,Completed,932.49
P005528,Groceries,76.17,Always,76.17,U00293,West,Medium,Completed,349.13
P000973,Sports,99.35,Hundred,99.35,U00300,East,High,Completed,467.88
P000732,Electronics,174.25,Same,174.25,U01568,West,Low,Completed,1785.44
P003784,Electronics,8.84,Spring,8.84,U01892,West,High,Pending,1229.3
P002955,Beauty,41.37,Home,41.37,U01123,North,Low,Completed,605.56
P005846,Home & Kitchen,48.54,Computer,48.54,U00382,South,Medium,Completed,508.21
P003669,Groceries,286.18,Attack,286.18,U01792,North,Medium,Completed,1451.56
P006918,Books,75.01,Old,75.01,U01657,East,Low,Completed,995.78
P006829,Electronics,137.35,See,137.35,U00448,North,Low,Cancelled,807.66
P006501,Books,65.38,Get,65.38,U00264,East,High,Completed,621.25
P006432,Electronics,87.7,Necessary,87.7,U01362,East,Medium,Completed,1270.52
P005721,Groceries,27.15,Blood,27.15,U00898,South,Medium,Cancelled,543.64
P003699,Sports,25.32,Recently,25.32,U00487,North,Medium,Pending,1582.68
P003798,Groceries,52.99,Ask,52.99,U01384,West,Low,Completed,1260.67
P005308,Books,100.91,Together,100.91,U01839,North,Low,Cancelled,569.99
P002068,Electronics,98.42,Benefit,98.42,U01235,West,Low,Cancelled,680.13
P000617,Home & Kitchen,71.63,Itself,71.63,U02529,South,High,Completed,329.33
P003031,Home & Kitchen,96.61,Put,96.61,U02545,East,High,Completed,1515.48
P004297,Home & Kitchen,47.96,Team,47.96,U02430,South,Medium,Completed,817.22
P002185,Groceries,152.27,Represent,152.27,U01760,North,Medium,Completed,327.71
P005212,Books,104.49,Agent,104.49,,East,Medium,Refunded,522.87
P003312,Clothing,48.21,Simply,48.21,U02893,West,Medium,Completed,1186.92
P006183,Sports,38.51,Through,38.51,U01638,West,Medium,Completed,740.1
P000725,Beauty,83.18,First,83.18,U00573,North,Low,Completed,194.2
P000512,Books,41.0,Across,41.0,U00200,South,High,Completed,742.7
P002651,Beauty,185.46,Yard,185.46,U00435,South,High,Completed,285.23
P002953,Electronics,118.3,Once,118.3,U01319,West,Medium,Completed,713.11
P004877,Sports,56.23,Mean,56.23,U01268,North,High,Cancelled,1546.31
P001156,Sports,87.1,Military,87.1,U02873,East,Low,Completed,575.08
P002960,Groceries,79.35,Population,79.35,U01131,East,Medium,Cancelled,2043.1
P003425,Sports,90.05,Certain,90.05,U00050,North,High,Completed,979.09
P001910,Beauty,74.55,Than,74.55,,East,Low,Completed,634.45
P000847,Beauty,55.77,Position,55.77,U00361,South,High,Completed,298.45
P005172,Sports,90.08,Institution,90.08,U01762,East,Low,Completed,997.05
P006921,Books,86.51,Six,86.51,U02646,North,Medium,Completed,821.68
P005169,Electronics,41.06,Summer,41.06,U01240,West,Medium,Completed,751.02
P005952,Groceries,80.93,Toward,80.93,U00384,South,Medium,Completed,2220.66
P004434,Home & Kitchen,113.08,Month,113.08,U02826,East,Medium,Completed,376.59
P001726,Clothing,135.3,Skill,135.3,U02662,South,Medium,Cancelled,481.74
P007195,Electronics,25.41,Candidate,25.41,U00435,West,High,Pending,886.78
P006210,Home & Kitchen,39.05,Dog,39.05,,West,Low,Completed,1759.57
P006894,Books,40.24,Or,40.24,U01560,North,Medium,Pending,1984.59
P000158,Home & Kitchen,46.09,Nothing,46.09,U00071,North,Medium,Completed,1115.34
P001731,Beauty,88.5,Few,88.5,U01605,North,Medium,Completed,1773.29
P004613,Electronics,149.13,See,149.13,,East,Medium,Completed,1415.59
P006463,Groceries,69.76,Bad,69.76,U01231,West,Medium,Completed,1573.74
P006108,Books,52.46,Recognize,52.46,U01674,South,High,Pending,984.08
P005338,Sports,122.23,Interview,122.23,U00290,South,Medium,Completed,399.07
P003049,Books,161.2,Treat,161.2,U01277,South,High,Completed,652.0
P005367,Home & Kitchen,63.3,Pass,63.3,U01317,North,High,Completed,787.65
P003887,Beauty,12.79,Development,12.79,U00601,North,Medium,Pending,1746.3
P006831,Sports,79.28,Could,79.28,U00610,West,High,Completed,314.33
P007712,Books,88.26,Return,88.26,U00282,North,Medium,Completed,456.24
P003671,Sports,49.5,As,49.5,U01185,South,Medium,Completed,554.73
P002673,Home & Kitchen,57.26,Money,57.26,U01211,North,Low,Completed,695.54
P007404,Sports,108.97,Herself,108.97,U01812,West,Medium,Completed,1580.26
P005054,Sports,151.71,Leader,151.71,U01352,South,Medium,Completed,938.95
P002783,Groceries,45.86,Successful,45.86,U02371,East,Medium,Pending,159.02
P007967,Sports,54.57,Contain,54.57,U00393,North,Medium,Completed,654.91
P007396,Clothing,160.7,Hope,160.7,U02244,West,Low,Completed,172.28
P002475,Books,43.1,Reveal,43.1,U01429,East,Medium,Completed,1719.44
P007775,Clothing,77.16,Real,77.16,U02562,South,High,Pending,1506.11
P003227,Clothing,36.81,Challenge,36.81,U01833,North,Medium,Refunded,2108.48
P007177,Books,111.22,Offer,111.22,U02938,West,High,Completed,681.44
P004109,Groceries,63.82,Window,63.82,,West,Low,Pending,1229.49
P002717,Sports,43.71,Author,43.71,U00334,North,Medium,Completed,446.72
P001212,Sports,79.48,Country,79.48,U02178,North,Low,Completed,1151.6
P003670,Home & Kitchen,160.7,Number,160.7,U00650,North,Low,Pending,473.01
P007638,Electronics,80.5,Security,80.5,U01655,North,High,Completed,588.45
P004756,Books,111.31,Interesting,111.31,U01425,South,Low,Completed,1072.69
P001337,Groceries,127.35,Exactly,127.35,U00366,North,High,Refunded,346.64
P006849,Home & Kitchen,88.59,Represent,88.59,U01841,East,Low,Cancelled,319.86
P004149,Sports,10.8,Challenge,10.8,U01020,West,High,Completed,1602.04
P000909,Clothing,169.02,Pattern,169.02,U02936,East,Low,Pending,1585.07
P004662,Clothing,117.04,Society,117.04,U02335,West,Medium,Completed,353.86
P005661,Clothing,81.42,Significant,81.42,U02006,South,Medium,Completed,557.37
P006948,Groceries,90.25,List,90.25,U02075,West,High,Pending,276.56
P002940,Home & Kitchen,45.2,Student,45.2,U01403,South,Low,Pending,441.7
P004360,Books,32.11,Floor,32.11,U02216,West,High,Completed,552.2
P002785,Sports,66.27,Leave,66.27,U01580,South,High,Completed,503.14
P001248,Books,45.64,Institution,45.64,U02239,South,Medium,Completed,421.24
P004846,Electronics,49.38,Process,49.38,U01530,North,Low,Completed,973.35
P004819,Groceries,156.55,Loss,156.55,U02067,North,High,Completed,510.53
P005284,Groceries,119.11,Bad,119.11,U00007,South,Medium,Pending,1194.1
P000670,Beauty,82.95,Not,82.95,U02697,East,Low,Completed,844.62
P000015,Books,50.6,Begin,50.6,U01094,North,High,Completed,1493.73
P000522,Clothing,59.57,Center,59.57,U01897,North,High,Completed,741.22
P006598,Books,110.83,Half,110.83,U01701,South,High,Completed,525.01
P001421,Electronics,70.93,Teach,70.93,U00706,North,Medium,Pending,888.04
P007470,Home & Kitchen,42.89,Technology,42.89,U02296,North,High,Completed,647.27
P001844,Beauty,25.26,Prove,25.26,U02659,North,High,Completed,1906.97
P003871,Groceries,66.08,Cup,66.08,U01084,North,High,Refunded,705.13
P005018,Electronics,125.68,Beautiful,125.68,U00430,West,Low,Pending,699.43
P004768,Electronics,31.97,Able,31.97,U01059,West,Medium,Completed,1537.71
P005866,Books,21.36,Who,21.36,U02529,North,Medium,Completed,667.46
P002980,Books,204.2,Listen,204.2,U01772,North,Medium,Completed,1016.63
P002653,Electronics,14.18,Politics,14.18,U02212,South,Low,Completed,1460.95
P007907,Home & Kitchen,23.77,Design,23.77,U00364,East,Medium,Completed,761.29
P004687,Clothing,55.14,Poor,55.14,U00879,West,Medium,Cancelled,936.45
P004185,Groceries,92.31,Pay,92.31,U01819,North,Medium,Completed,2034.35
P004477,Clothing,97.54,Such,97.54,U00608,South,Low,Completed,617.66
P007358,Beauty,263.42,Majority,263.42,U02345,North,High,Completed,2128.01
P000836,Clothing,100.05,Cell,100.05,U01060,South,High,Cancelled,257.88
P004800,Beauty,47.15,Memory,47.15,U02745,West,High,Completed,584.3
P002175,Sports,58.76,Out,58.76,,North,Medium,Completed,344.48
P004123,Sports,64.04,Admit,64.04,U01280,South,Low,Completed,841.94
P003517,Groceries,45.73,Sometimes,45.73,U01996,South,Low,Completed,848.56
P005023,Sports,31.47,Claim,31.47,U00679,North,Low,Completed,575.7
P005092,Groceries,56.13,We,56.13,U01044,South,Medium,Cancelled,1825.55
P000618,Groceries,108.01,Ago,108.01,U02517,North,High,Completed,591.04
P006944,Groceries,34.19,Stand,34.19,U00879,West,High,Completed,430.34
P002482,Groceries,151.93,Movie,151.93,U02430,North,Low,Completed,1956.34
P003169,Clothing,95.81,Us,95.81,U02716,South,Low,Completed,2229.86
P001381,Books,196.84,Against,196.84,U01450,West,High,Cancelled,911.95
P007643,Sports,151.64,Necessary,151.64,U01124,North,Medium,Completed,656.01
P004906,Clothing,17.17,Community,17.17,,East,Low,Completed,491.73
P006499,Books,82.02,Radio,82.02,U01351,South,High,Completed,1028.18
P000323,Groceries,196.59,Notice,196.59,U01892,West,Low,Completed,357.8
P006181,Sports,63.28,Movement,63.28,U00141,South,High,Refunded,511.17
P001909,Books,28.8,Thus,28.8,U01002,North,High,Completed,1408.18
P000330,Home & Kitchen,43.82,Material,43.82,U01800,South,Medium,Completed,310.53
P001394,Books,287.5,Letter,287.5,U01325,East,Low,Pending,2582.98
P001784,Books,129.91,Even,129.91,U01015,North,Medium,Completed,478.18
P000275,Sports,98.14,Policy,98.14,U02594,East,Medium,Refunded,1189.99
P001251,Books,49.52,Part,49.52,U02657,South,High,Pending,1507.39
P002468,Electronics,61.91,Tax,61.91,U01445,East,High,Completed,907.59
P007858,Beauty,96.89,Story,96.89,U00510,North,High,Completed,293.96
P000073,Electronics,65.92,Present,65.92,U02267,South,Medium,Completed,1099.38
P005447,Electronics,69.41,Media,69.41,U02346,North,High,Refunded,1564.57
P002618,Sports,20.49,Ahead,20.49,U00134,South,Medium,Pending,1690.46
P007605,Home & Kitchen,43.05,Writer,43.05,U00334,West,High,Completed,144.33
P004884,Electronics,178.8,Blue,178.8,U02186,North,Low,Completed,1219.7
P007686,Home & Kitchen,186.44,Guy,186.44,U02567,South,Medium,Completed,2543.97
P001192,Clothing,73.98,Sound,73.98,U01970,South,Medium,Completed,217.66
P002518,Electronics,37.83,Class,37.83,U01901,West,Medium,Completed,1626.96
P006230,Books,34.27,Partner,34.27,U00934,West,High,Completed,924.6
P006988,Clothing,51.7,Strategy,51.7,U02698,South,Medium,Completed,360.62
P000181,Electronics,48.6,Knowledge,48.6,U02816,South,Medium,Pending,404.22
P003197,Clothing,30.06,Career,30.06,U01592,East,Low,Completed,321.19
P004169,Clothing,129.24,Staff,129.24,U02075,North,Medium,Completed,452.75
P004177,Home & Kitchen,154.59,Drive,154.59,U01273,West,Low,Pending,1225.9
P007904,Sports,126.84,Effort,126.84,U02510,East,Low,Completed,1486.2
P002760,Beauty,73.83,Four,73.83,U02235,North,Low,Completed,496.47
P001918,Clothing,126.14,Against,126.14,U01852,South,Medium,Completed,1357.28
P004851,Electronics,9.71,East,9.71,U02167,South,High,Completed,537.37
P000031,Groceries,22.03,Offer,22.03,U02051,South,High,Cancelled,611.61
P002907,Beauty,86.84,Military,86.84,U01574,East,High,Completed,679.42
P007339,Sports,38.91,Ok,38.91,U00821,West,Low,Completed,74.51
P001694,Books,39.02,Road,39.02,U02550,West,Medium,Refunded,460.79
P003108,Beauty,253.9,Man,253.9,U02475,South,High,Completed,647.83
P001774,Electronics,88.78,Stop,88.78,U00152,East,Medium,Pending,1058.03
P005136,Beauty,17.12,Identify,17.12,,East,Medium,Cancelled,1429.79
P005506,Books,29.35,Save,29.35,U01246,West,Medium,Completed,508.92
P007764,Home & Kitchen,140.1,Place,140.1,U00919,North,Medium,Completed,816.12
P006081,Home & Kitchen,39.02,Political,39.02,U01432,West,Low,Completed,359.79
P004265,Groceries,138.02,Fact,138.02,U00483,West,Medium,Completed,2050.65
P000591,Beauty,289.98,Among,289.98,U01194,North,Medium,Completed,1288.62
P001666,Clothing,77.87,Modern,77.87,U01325,West,High,Completed,179.56
P004863,Sports,36.76,Draw,36.76,U01925,West,High,Pending,1124.41
P001995,Beauty,146.7,Low,146.7,U02842,South,Medium,Completed,136.46
P003910,Beauty,64.07,None,64.07,U00531,East,High,Completed,1239.98
P002314,Home & Kitchen,94.27,Child,94.27,U00163,East,Medium,Completed,749.56
P003866,Clothing,87.57,Point,87.57,U02778,North,Low,Completed,451.08
P006566,Sports,91.9,Its,91.9,U01076,North,Low,Completed,658.08
P001460,Home & Kitchen,114.66,Up,114.66,U01144,North,High,Completed,275.03
P007156,Books,162.59,Policy,162.59,U01146,South,Medium,Pending,838.01
P004703,Books,37.56,Picture,37.56,U01012,East,Medium,Completed,276.63
P002531,Sports,47.74,Item,47.74,U02379,East,High,Completed,760.36
P000422,Beauty,19.84,Simply,19.84,U02943,East,High,Refunded,1662.5
P006621,Home & Kitchen,136.17,Bad,136.17,U02710,West,Medium,Completed,1595.96
P003984,Clothing,71.93,Artist,71.93,U00120,East,Low,Completed,1898.54
P001993,Electronics,24.75,Near,24.75,U02919,South,Medium,Refunded,617.4
P005875,Home & Kitchen,246.27,Tough,246.27,U00391,North,Low,Completed,753.37
P005191,Electronics,36.96,Fly,36.96,U01075,East,Low,Refunded,463.57
P002819,Clothing,43.55,Follow,43.55,U02048,South,Low,Completed,587.54
P004238,Clothing,72.67,Image,72.67,U02266,East,Medium,Completed,804.26
P001873,Books,245.17,Kind,245.17,U00267,South,Low,Cancelled,892.73
P001427,Beauty,61.34,Forward,61.34,U00874,North,High,Completed,2688.87
P002667,Electronics,65.97,Prevent,65.97,U02115,South,Low,Completed,627.81
P001596,Groceries,73.2,Ground,73.2,U02428,North,High,Completed,1106.86
P004950,Clothing,87.48,Thus,87.48,U02605,East,High,Completed,1561.1
P004636,Beauty,37.76,Space,37.76,U01283,South,High,Completed,267.8
P000079,Books,120.2,Sea,120.2,U01752,North,Low,Completed,64.27
P007278,Home & Kitchen,229.42,Concern,229.42,U01564,West,Medium,Completed,882.39
P004690,Electronics,115.89,Company,115.89,U01016,West,High,Completed,686.33
P003126,Home & Kitchen,67.7,Teach,67.7,U00568,East,Low,Completed,572.56
P006113,Groceries,99.91,Radio,99.91,U01643,West,Low,Pending,874.11
P006299,Clothing,39.24,Side,39.24,U01580,North,High,Cancelled,1548.7
P003828,Electronics,76.55,Material,76.55,U02286,West,Low,Completed,620.49
P001344,Home & Kitchen,103.02,Food,103.02,U01476,West,Low,Completed,887.65
P007207,Groceries,182.36,Smile,182.36,U02945,South,Medium,Completed,903.11
P001509,Beauty,36.68,Century,36.68,U01139,South,Low,Completed,562.37
P003411,Clothing,42.25,West,42.25,U00916,East,High,Completed,637.1
P003733,Beauty,42.31,Current,42.31,U00048,North,High,Completed,516.95
P000042,Electronics,38.85,Collection,38.85,U02410,South,High,Completed,654.22
P005366,Groceries,31.44,Become,31.44,U00270,North,High,Pending,738.97
P000580,Groceries,108.79,Old,108.79,U01031,South,High,Completed,1613.01
P003140,Sports,108.05,Foot,108.05,U00636,East,Medium,Cancelled,672.91
P007199,Clothing,80.31,Pick,80.31,,North,Low,Refunded,1728.83
P001640,Home & Kitchen,94.74,Air,94.74,U01047,East,Low,Refunded,862.6
P005601,Beauty,47.3,Similar,47.3,U00923,South,Medium,Completed,2277.21
P001091,Clothing,39.2,Rather,39.2,U01285,East,High,Completed,540.48
P002291,Groceries,40.92,Group,40.92,U00115,South,Medium,Completed,882.14
P007295,Groceries,79.14,Understand,79.14,U01402,East,Medium,Cancelled,776.32
P003234,Groceries,66.21,Practice,66.21,U00787,East,High,Cancelled,750.09
P002712,Groceries,142.3,Environment,142.3,U01687,East,High,Completed,401.37
P000286,Groceries,42.29,Inside,42.29,U02460,East,Medium,Completed,400.51
P001634,Books,62.98,Black,62.98,U01010,East,Low,Completed,1099.86
P003279,Home & Kitchen,15.11,Need,15.11,U01935,South,Medium,Completed,505.63
P001063,Electronics,21.88,Analysis,21.88,U00322,West,High,Completed,1641.36
P000011,Beauty,123.8,Require,123.8,U01482,South,High,Completed,337.23
P004648,Beauty,69.44,Occur,69.44,U02550,East,High,Pending,187.53
P004855,Sports,19.12,Score,19.12,U02198,East,High,Completed,930.15
P001712,Sports,161.89,Age,161.89,,West,Low,Completed,1514.3
P005560,Books,29.55,Bring,29.55,U02130,West,High,Completed,690.4
P004822,Beauty,47.31,Degree,47.31,U02395,North,Low,Completed,1091.79
P005921,Groceries,161.8,Fact,161.8,U00024,West,High,Completed,923.06
P006068,Home & Kitchen,78.99,Speak,78.99,U00624,West,Medium,Refunded,927.17
P001713,Books,30.1,Themselves,30.1,U02329,East,Medium,Completed,93.52
P007012,Clothing,109.25,Different,109.25,U01604,West,Low,Completed,2384.52
P005043,Home & Kitchen,102.34,Attorney,102.34,U00298,North,Medium,Cancelled,810.62
P007899,Electronics,49.47,Moment,49.47,U01389,East,Medium,Completed,1418.68
P001385,Books,117.12,Exist,117.12,U00737,East,High,Completed,323.07
P006427,Beauty,189.74,Politics,189.74,U00709,East,Low,Completed,3843.95
P002720,Electronics,30.19,Significant,30.19,U00160,West,Medium,Completed,986.37
P007506,Sports,37.63,Win,37.63,U01454,West,Low,Pending,1783.24
P007179,Books,32.25,Protect,32.25,U01645,West,Medium,Refunded,303.28
P005603,Electronics,83.95,Financial,83.95,U00700,South,Low,Completed,333.53
P003864,Clothing,163.28,Huge,163.28,U01413,West,Low,Completed,474.87
P000997,Sports,20.74,Authority,20.74,U02596,East,High,Completed,409.28
P002610,Electronics,84.26,Individual,84.26,U00318,West,Low,Completed,1286.31
P001000,Clothing,71.7,Amount,71.7,U02116,West,Medium,Pending,473.34
P004773,Books,171.63,Better,171.63,U02340,West,Low,Completed,574.01
P007729,Books,107.08,Everyone,107.08,U00883,South,Low,Cancelled,492.76
P005111,Electronics,61.64,Town,61.64,U01193,South,Low,Completed,760.95
P002745,Home & Kitchen,31.24,Talk,31.24,U01580,West,Medium,Completed,379.67
P006965,Sports,26.43,Pattern,26.43,U02657,North,Medium,Completed,1171.37
P003632,Beauty,121.05,Response,121.05,U01744,East,Low,Cancelled,1153.94
P002290,Electronics,62.46,Skill,62.46,U00319,East,High,Pending,1474.45
P001500,Groceries,48.01,Ok,48.01,U00606,East,Medium,Completed,569.31
P006169,Clothing,17.19,She,17.19,U02086,North,Medium,Completed,601.37
P000052,Clothing,59.78,Best,59.78,U00309,West,High,Completed,482.53
P001907,Clothing,470.4,Customer,470.4,U00536,South,Low,Completed,330.9
P000629,Sports,131.48,Simple,131.48,U02029,North,High,Completed,279.48
P002649,Clothing,69.75,Citizen,69.75,U00486,East,Medium,Completed,146.14
P005360,Groceries,151.69,Institution,151.69,U02548,North,High,Completed,729.72
P000749,Electronics,108.56,Official,108.56,U00231,South,High,Completed,395.89
P000267,Beauty,93.1,Receive,93.1,U00975,East,Low,Completed,1934.59
P006381,Books,137.37,Box,137.37,U01079,East,Low,Completed,540.11
P005659,Beauty,86.39,Imagine,86.39,U01620,East,Medium,Cancelled,739.23
P005399,Electronics,88.82,Model,88.82,U01210,West,High,Completed,831.34
P006389,Sports,77.39,Life,77.39,U00881,West,Medium,Completed,468.55
P002581,Clothing,111.91,Board,111.91,U00503,East,High,Pending,1262.33
P005972,Books,99.5,Letter,99.5,U02920,South,High,Completed,311.38
P004070,Home & Kitchen,40.64,Toward,40.64,U02442,East,Medium,Completed,616.78
P000521,Home & Kitchen,131.29,Unit,131.29,U00988,South,Medium,Cancelled,1775.7
P001488,Sports,191.99,Worker,191.99,U02570,North,Medium,Completed,372.17
P001520,Groceries,76.03,Movement,76.03,U01698,South,High,Completed,827.44
P004500,Books,33.41,Air,33.41,U00470,North,Medium,Completed,548.98
P001563,Home & Kitchen,84.36,I,84.36,U01480,East,High,Pending,1289.91
P003335,Electronics,64.22,Trip,64.22,U02571,East,Medium,Completed,1537.83
P002316,Beauty,113.05,Decade,113.05,U02559,East,Medium,Completed,789.08
P007488,Books,79.65,Item,79.65,U01102,East,Medium,Completed,1378.5
P002464,Electronics,81.22,However,81.22,,East,Low,Completed,1179.31
P005636,Sports,32.81,Value,32.81,U00471,West,Low,Completed,850.13
P003085,Sports,169.97,Just,169.97,U02205,South,Medium,Pending,784.63
P005584,Groceries,42.66,Free,42.66,U02089,West,Low,Completed,374.86
P005119,Clothing,28.3,Wall,28.3,U02021,South,High,Cancelled,1198.06
P005496,Groceries,208.03,Worry,208.03,U02453,West,Low,Completed,652.15
P006991,Sports,97.64,Help,97.64,U02559,East,Low,Refunded,1309.59
P000637,Beauty,113.26,Idea,113.26,U00244,East,High,Completed,357.11
P003545,Clothing,62.3,Example,62.3,U00927,North,Medium,Completed,968.57
P001848,Clothing,93.64,School,93.64,U01821,North,Low,Pending,1230.99
P000059,Electronics,36.8,Everything,36.8,U02393,West,High,Cancelled,265.01
P005719,Clothing,46.42,Close,46.42,U02620,North,High,Cancelled,1762.73
P001071,Electronics,61.14,Raise,61.14,U02762,South,Medium,Completed,985.15
P000262,Clothing,257.39,Soon,257.39,U00516,South,Low,Pending,944.2
P004706,Beauty,57.55,Game,57.55,U01636,West,Low,Completed,1171.04
P006006,Books,38.76,Article,38.76,U01502,South,Low,Refunded,359.61
P002274,Books,83.27,Road,83.27,U00587,West,High,Completed,803.01
P006982,Home & Kitchen,36.77,Process,36.77,U00259,South,Low,Completed,1209.54
P001103,Books,11.59,Person,11.59,U02209,South,High,Completed,2293.56
P004380,Clothing,47.09,Role,47.09,U02884,North,Medium,Completed,1594.68
P005957,Electronics,144.55,Drive,144.55,U00251,East,Low,Completed,403.91
P002818,Electronics,62.57,Find,62.57,U02501,West,Low,Completed,2050.49
P003948,Groceries,73.92,Deal,73.92,U02391,West,Medium,Completed,974.76
P005990,Electronics,32.56,Security,32.56,U02193,West,Low,Cancelled,508.36
P007399,Home & Kitchen,51.51,Relate,51.51,U01046,West,Medium,Completed,1207.43
P003832,Sports,69.27,First,69.27,U01482,South,High,Completed,482.72
P003572,Home & Kitchen,60.56,Road,60.56,U01713,South,Medium,Completed,933.98
P003097,Groceries,83.37,Traditional,83.37,U00108,West,Low,Pending,759.75
P007886,Electronics,119.89,Former,119.89,U00070,West,Low,Completed,605.92
P006088,Electronics,86.94,Face,86.94,,North,Medium,Completed,566.36
P000625,Clothing,33.54,Its,33.54,U01573,West,Medium,Completed,617.37
P003259,Sports,91.03,Way,91.03,,South,High,Completed,2242.75
P004510,Books,135.14,Sea,135.14,U01097,North,Low,Completed,718.41
P002214,Home & Kitchen,252.13,Place,252.13,U02805,North,Low,Completed,1431.9
P001927,Electronics,82.26,Authority,82.26,U01476,North,High,Completed,1120.31
P003462,Home & Kitchen,60.34,Third,60.34,U02573,West,High,Completed,613.04
P001503,Clothing,131.83,Cut,131.83,U00018,East,High,Completed,762.37
P003307,Home & Kitchen,27.38,Population,27.38,U02870,North,Medium,Completed,757.63
P003352,Books,67.82,Spend,67.82,U00092,East,Low,Cancelled,850.47
P006575,Electronics,64.24,Trouble,64.24,U00783,West,Low,Completed,556.98
P007376,Electronics,10.08,Like,10.08,U00381,North,Medium,Pending,437.68
P001221,Clothing,10.2,On,10.2,U01747,East,High,Completed,1656.4
P000040,Books,19.37,Song,19.37,,East,Medium,Cancelled,844.21
P003755,Groceries,53.09,Likely,53.09,U00193,North,Medium,Completed,1681.6
P003623,Home & Kitchen,35.02,Page,35.02,U02402,North,High,Completed,460.91
P005149,Electronics,31.82,Kind,31.82,U01573,South,High,Pending,493.33
P005374,Electronics,90.36,Attention,90.36,U01315,West,Medium,Completed,861.96
P006256,Electronics,120.2,Lot,120.2,U01594,South,High,Completed,870.74
P005168,Beauty,114.4,Dog,114.4,,South,High,Cancelled,1549.96
P005260,Sports,24.94,Indeed,24.94,U01731,North,High,Cancelled,1062.37
P002069,Electronics,39.15,Theory,39.15,U01975,South,Low,Completed,383.07
P002820,Home & Kitchen,102.0,Like,102.0,U00381,East,Medium,Completed,1988.36
P005378,Sports,113.53,Life,113.53,U01007,North,High,Completed,1030.29
P006406,Groceries,67.33,Recognize,67.33,U01239,South,Low,Completed,1900.59
P003698,Home & Kitchen,43.14,Result,43.14,U00857,North,Medium,Cancelled,1480.73
P006897,Sports,47.1,Situation,47.1,U00509,North,High,Pending,1087.3
P006808,Home & Kitchen,78.18,Threat,78.18,U02903,North,Medium,Refunded,836.66
P007742,Sports,11.27,Few,11.27,U00389,North,High,Completed,1568.55
P005662,Sports,89.18,Kind,89.18,U02395,East,High,Cancelled,700.02
P007844,Books,112.98,Stand,112.98,U01523,West,Low,Cancelled,742.33
P000089,Beauty,88.83,Trial,88.83,U00933,South,Low,Completed,456.41
P001390,Books,40.45,Continue,40.45,U00492,North,High,Completed,2690.37
P003539,Groceries,256.63,According,256.63,U00863,North,Low,Completed,827.35
P007284,Electronics,42.78,Seem,42.78,U01666,South,High,Completed,1275.25
P003557,Beauty,80.58,Assume,80.58,U00676,East,Low,Completed,499.39
P005178,Electronics,138.53,Staff,138.53,U02081,East,Medium,Completed,633.67
P004188,Clothing,103.81,Bed,103.81,U00220,South,High,Completed,794.3
P005750,Beauty,101.62,Financial,101.62,U02346,East,High,Cancelled,129.01
P000324,Beauty,68.41,Cause,68.41,U01176,North,High,Cancelled,990.63
P003071,Sports,130.64,Five,130.64,U01540,West,Low,Completed,336.45
P000872,Beauty,45.13,Memory,45.13,U02096,North,High,Pending,499.07
P005942,Electronics,33.7,Hotel,33.7,U00567,South,Low,Pending,228.59
P001042,Electronics,70.52,Year,70.52,U01474,South,High,Completed,461.86
P002009,Electronics,81.57,Back,81.57,,North,Low,Completed,454.62
P004228,Sports,80.89,Agree,80.89,U00423,South,Low,Refunded,879.31
P006462,Beauty,40.64,Much,40.64,U00746,East,Low,Completed,1150.12
P006170,Sports,11.23,Sell,11.23,,North,High,Completed,1350.2
P006380,Books,118.1,Recently,118.1,U02074,South,Low,Pending,842.77
P005681,Clothing,95.36,Down,95.36,U02386,North,Medium,Completed,1155.59
P000026,Books,38.03,Option,38.03,U01730,North,Medium,Completed,578.09
P002247,Groceries,34.9,Site,34.9,U02571,North,Low,Pending,1164.08
P007882,Home & Kitchen,69.94,Once,69.94,U01113,East,High,Cancelled,369.75
P001739,Groceries,62.63,Provide,62.63,U01795,South,High,Completed,340.39
P005258,Books,52.11,Public,52.11,U01240,South,Low,Pending,1633.32
P005932,Home & Kitchen,90.59,Until,90.59,U02962,West,Low,Completed,214.69
P004542,Clothing,41.81,Build,41.81,U01903,West,Low,Completed,419.53
P007334,Beauty,40.2,Specific,40.2,U02552,East,Medium,Completed,861.5
P007196,Electronics,29.87,Analysis,29.87,U02976,South,Low,Completed,427.16
P006642,Electronics,120.43,Line,120.43,U00576,South,Low,Completed,1129.16
P007930,Books,64.21,Thus,64.21,,North,High,Completed,1163.68
P007924,Sports,110.97,Positive,110.97,U02865,North,Low,Completed,1292.78
P000046,Sports,102.42,Fall,102.42,,West,Low,Pending,971.86
P000219,Books,78.17,While,78.17,,North,Medium,Cancelled,1567.89
P005299,Clothing,29.63,Camera,29.63,U01726,South,High,Cancelled,1241.06
P002732,Groceries,174.59,Office,174.59,U02607,South,Medium,Completed,495.37
P005804,Electronics,171.25,System,171.25,U00340,East,High,Cancelled,131.76
P000697,Home & Kitchen,121.38,Another,121.38,U02951,East,Medium,Pending,997.36
P003739,Sports,96.28,Almost,96.28,U02645,East,Medium,Completed,426.06
P001975,Groceries,168.79,Maybe,168.79,U00661,South,Low,Completed,826.13
P003574,Electronics,102.6,Purpose,102.6,U00326,North,High,Cancelled,439.81
P006686,Home & Kitchen,12.81,Plan,12.81,U02245,West,Low,Completed,641.88
P005981,Electronics,47.49,Trip,47.49,U02791,East,High,Pending,822.47
P000172,Electronics,49.92,Someone,49.92,U00622,South,High,Refunded,1478.29
P001371,Beauty,23.77,Pm,23.77,U00136,East,Low,Refunded,938.94
P007098,Beauty,61.31,Learn,61.31,U01407,East,High,Completed,360.12
P001262,Books,30.27,By,30.27,U01949,West,Medium,Completed,2083.46
P000392,Groceries,45.02,Medical,45.02,U01524,West,Low,Completed,1696.09
P002410,Home & Kitchen,14.08,Leg,14.08,U02795,West,Medium,Pending,920.13
P005502,Electronics,144.87,Person,144.87,U01350,East,High,Refunded,626.96
P002164,Books,43.4,However,43.4,U01024,North,Medium,Completed,652.19
P004624,Sports,66.77,Final,66.77,U01304,North,Medium,Completed,1382.7
P005943,Beauty,25.45,Again,25.45,U00201,East,High,Cancelled,949.01
P003444,Home & Kitchen,27.97,Artist,27.97,U02820,South,Medium,Completed,480.86
P007732,Home & Kitchen,34.08,Base,34.08,U01643,West,Low,Cancelled,956.58
P005373,Groceries,130.1,Age,130.1,U02231,North,High,Pending,1938.53
P007783,Home & Kitchen,18.36,Relationship,18.36,U02019,West,Medium,Completed,437.63
P002567,Sports,103.24,Technology,103.24,U00565,North,Medium,Completed,213.42
P002697,Books,19.43,Author,19.43,U01702,North,Low,Pending,918.33
P004064,Home & Kitchen,85.4,First,85.4,,South,Low,Completed,735.01
P005451,Groceries,52.94,Guy,52.94,U02923,West,Medium,Completed,854.38
P002793,Groceries,62.86,Culture,62.86,U00033,South,Medium,Completed,1266.1
P001935,Beauty,106.88,True,106.88,U02264,West,High,Pending,1420.01
P000425,Home & Kitchen,139.76,Small,139.76,U01016,South,Low,Completed,1156.39
P007178,Beauty,147.3,Find,147.3,U00825,North,High,Pending,1538.61
P005409,Electronics,18.52,Face,18.52,U00565,West,Low,Pending,770.88
P007469,Beauty,55.39,Series,55.39,U02982,West,Medium,Completed,658.09
P003663,Electronics,130.41,Particular,130.41,U02852,North,Medium,Completed,1217.08
P004588,Beauty,60.9,Might,60.9,U01502,North,Low,Completed,864.56
P000744,Sports,106.47,Contain,106.47,U00230,South,High,Cancelled,398.38
P002258,Groceries,118.9,Painting,118.9,U02045,East,Medium,Pending,685.49
P005894,Home & Kitchen,77.78,Per,77.78,U02243,North,Medium,Completed,1999.66
P002774,Electronics,96.67,Heavy,96.67,,West,Low,Completed,603.11
P007979,Clothing,39.29,Hundred,39.29,U00446,West,High,Completed,320.13
P001203,Groceries,94.79,Network,94.79,U00857,South,Low,Completed,1240.16
P005599,Electronics,147.71,Human,147.71,U00994,East,Low,Completed,327.79
P007071,Electronics,51.04,Beautiful,51.04,U01336,East,High,Completed,317.53
P005237,Home & Kitchen,56.12,Change,56.12,U01915,South,High,Cancelled,784.08
P006143,Home & Kitchen,35.0,Suffer,35.0,,South,Medium,Completed,356.08
P002288,Groceries,67.21,Truth,67.21,U02674,West,Medium,Completed,2612.56
P005313,Groceries,186.53,Rich,186.53,U02784,North,Low,Cancelled,444.77
P002914,Groceries,29.77,Consider,29.77,U00921,East,Low,Completed,3360.73
P006635,Groceries,70.75,Technology,70.75,U02712,North,High,Refunded,807.5
P007940,Sports,80.13,Trouble,80.13,U00746,South,High,Pending,438.31
P004767,Sports,46.34,Party,46.34,U02609,North,Medium,Completed,209.97
P005588,Sports,95.51,Rule,95.51,U01635,North,Low,Completed,697.46
P000724,Sports,9.93,We,9.93,U02254,South,Low,Completed,536.75
P000946,Books,42.53,Respond,42.53,U00037,North,High,Completed,619.05
P000466,Sports,153.7,Democratic,153.7,U00925,South,Low,Completed,912.95
P004418,Home & Kitchen,202.03,Mrs,202.03,U00686,West,Low,Completed,171.13
P005280,Electronics,48.18,Friend,48.18,U01583,West,High,Completed,456.67
P004160,Home & Kitchen,86.4,Each,86.4,U00032,North,Low,Completed,591.91
P004823,Beauty,83.44,Risk,83.44,U02182,South,High,Refunded,1055.67
P004174,Electronics,78.38,Step,78.38,U02846,West,Low,Cancelled,1100.44
P000429,Home & Kitchen,67.49,Pattern,67.49,U00095,North,Medium,Completed,747.32
P001533,Home & Kitchen,165.29,Church,165.29,,East,Low,Completed,922.03
P000068,Electronics,14.26,Bar,14.26,U00301,South,High,Completed,590.26
P005274,Home & Kitchen,15.22,Suddenly,15.22,U02453,South,Low,Completed,867.69
P007048,Home & Kitchen,40.86,Imagine,40.86,U01668,East,Low,Completed,1595.22
P000566,Beauty,24.35,Option,24.35,U01846,West,Low,Completed,907.05
P003945,Clothing,42.22,Key,42.22,U01958,North,Medium,Completed,203.07
P000094,Home & Kitchen,72.76,Prove,72.76,U01416,East,Medium,Completed,987.9
P004712,Clothing,100.52,Toward,100.52,U02529,West,Medium,Completed,793.54
P001895,Books,222.48,Top,222.48,U00944,West,High,Completed,449.01
P006567,Clothing,106.77,Let,106.77,,East,Medium,Completed,420.86
P001365,Beauty,64.54,Piece,64.54,U02558,North,Medium,Completed,1525.15
P002869,Electronics,142.44,Point,142.44,U02338,East,Low,Cancelled,1032.12
P000879,Books,52.41,Feeling,52.41,U00381,East,Medium,Completed,312.04
P004474,Clothing,105.39,Raise,105.39,U02953,North,High,Completed,1423.49
P003375,Beauty,284.0,Indicate,284.0,U02787,South,Low,Completed,1340.38
P000593,Clothing,115.85,Help,115.85,U02930,West,Medium,Completed,1241.77
P003622,Home & Kitchen,67.54,Degree,67.54,U00870,South,Low,Completed,634.71
P000495,Sports,113.16,Happy,113.16,U02003,North,High,Completed,1103.36
P007091,Sports,145.12,Describe,145.12,U01058,South,High,Completed,440.33
P000260,Electronics,53.35,Team,53.35,U01863,North,High,Completed,911.11
P004515,Beauty,38.35,Score,38.35,U00562,North,Medium,Completed,278.09
P003145,Books,185.06,Increase,185.06,U01313,West,High,Completed,523.29
P000300,Sports,141.67,Per,141.67,,East,Medium,Completed,1510.86
P004789,Clothing,89.32,Miss,89.32,U02427,West,High,Refunded,1344.8
P002512,Beauty,186.24,Under,186.24,U00963,East,High,Completed,1046.28
P000993,Groceries,26.36,Area,26.36,U00166,South,Medium,Completed,845.64
P000442,Home & Kitchen,128.53,Physical,128.53,U02526,East,High,Completed,843.37
P003681,Electronics,44.23,Specific,44.23,U02324,North,Low,Cancelled,925.96
P006928,Electronics,47.97,Truth,47.97,U01915,North,High,Completed,250.11
P003848,Beauty,96.24,Especially,96.24,U01586,South,Low,Completed,518.63
P005905,Clothing,24.77,Feeling,24.77,U02334,South,Low,Completed,1613.01
P005792,Groceries,27.66,Third,27.66,U00719,West,High,Completed,1213.98
P005644,Books,121.98,Government,121.98,U02609,South,Low,Pending,133.17
P005602,Home & Kitchen,85.98,Risk,85.98,U00055,West,Medium,Completed,1399.03
P007556,Sports,137.31,Boy,137.31,U02128,West,Medium,Completed,410.48
P006320,Home & Kitchen,40.02,Board,40.02,U02587,North,Low,Completed,742.93
P001025,Books,90.36,Small,90.36,U00030,North,High,Completed,1500.11
P007253,Clothing,19.08,Remain,19.08,U02889,South,High,Cancelled,1103.92
P007106,Groceries,36.51,Agent,36.51,U00894,East,High,Completed,437.42
P004544,Home & Kitchen,89.0,He,89.0,U00913,East,Low,Completed,880.81
P006265,Beauty,35.35,Go,35.35,U01401,North,Medium,Pending,354.33
P007705,Beauty,45.91,Institution,45.91,U02509,West,Low,Pending,2005.82
P007752,Sports,38.66,Leg,38.66,U00299,East,Low,Pending,1694.28
P002681,Home & Kitchen,72.91,Serious,72.91,,West,Medium,Cancelled,483.63
P000193,Groceries,183.4,Activity,183.4,U01316,North,Low,Completed,1648.49
P007080,Books,30.8,Attorney,30.8,U02137,West,Low,Completed,727.52
P005109,Beauty,52.6,Around,52.6,U00330,West,Low,Completed,252.34
P002838,Groceries,33.21,Strong,33.21,U02605,North,High,Completed,815.93
P000912,Books,183.34,Again,183.34,U00199,West,High,Completed,528.73
P001705,Sports,127.56,I,127.56,U00764,West,High,Completed,1947.78
P001992,Clothing,25.23,Reason,25.23,U01684,East,High,Completed,1572.33
P006421,Beauty,35.27,Fear,35.27,U00454,West,Medium,Completed,923.93
P006079,Clothing,196.47,Door,196.47,U01073,East,High,Completed,665.84
P003960,Clothing,68.9,Green,68.9,U02595,West,High,Pending,317.2
P006832,Sports,74.47,Most,74.47,U00403,South,Low,Completed,1395.51
P007180,Beauty,142.97,Charge,142.97,U02365,East,High,Completed,1389.74
P005884,Beauty,64.22,Price,64.22,U01410,South,Low,Pending,1214.82
P004893,Home & Kitchen,159.57,Tax,159.57,,South,Medium,Refunded,389.59
P001904,Books,57.31,Ask,57.31,U00455,East,Low,Completed,491.37
P001620,Electronics,108.55,Easy,108.55,U01006,East,Medium,Completed,407.65
P002131,Home & Kitchen,41.17,Onto,41.17,U00305,East,Medium,Completed,1591.86
P006016,Electronics,30.62,Home,30.62,U00552,West,Medium,Completed,729.77
P004028,Electronics,70.07,Face,70.07,U02705,South,Medium,Completed,289.55
P004264,Clothing,87.05,Learn,87.05,U00299,West,Medium,Completed,682.26
P000757,Books,109.47,Particularly,109.47,U02302,East,Low,Completed,1361.93
P000436,Sports,211.45,Art,211.45,U02787,North,Low,Refunded,538.47
P001400,Electronics,28.9,Prove,28.9,U02341,East,Medium,Completed,739.19
P003590,Electronics,114.88,Science,114.88,U00429,West,High,Completed,1728.06
P003189,Electronics,98.91,South,98.91,U02803,South,Low,Completed,743.03
P003976,Home & Kitchen,42.79,Service,42.79,U01902,East,Medium,Pending,146.28
P007401,Home & Kitchen,71.83,National,71.83,U02916,East,Low,Completed,807.97
P007812,Groceries,291.95,Paper,291.95,U00471,West,Medium,Refunded,762.01
P004813,Home & Kitchen,114.27,Admit,114.27,U02207,North,Medium,Refunded,348.25
P000740,Home & Kitchen,126.25,Hundred,126.25,U01108,South,Low,Completed,900.35
P003129,Books,23.62,Participant,23.62,U02593,North,Medium,Completed,1120.97
P001919,Home & Kitchen,99.69,Apply,99.69,U01545,South,Medium,Completed,607.83
P007969,Electronics,76.58,Camera,76.58,U00157,East,Low,Completed,553.57
P004251,Sports,69.39,Near,69.39,U01102,West,Low,Completed,726.19
P003837,Sports,36.18,Major,36.18,U02772,South,Medium,Completed,1002.73
P007270,Clothing,198.87,Pattern,198.87,U02715,West,Medium,Completed,236.24
P003617,Sports,65.96,Assume,65.96,U01026,North,High,Pending,816.11
P007730,Groceries,180.17,Doctor,180.17,U02957,East,High,Completed,641.26
P002868,Electronics,161.33,Alone,161.33,U00398,West,Low,Completed,925.94
P001134,Electronics,107.39,Up,107.39,U00967,West,Medium,Completed,543.22
P007500,Home & Kitchen,143.37,Vote,143.37,U01638,West,Medium,Completed,423.63
P002719,Electronics,243.94,Effect,243.94,U00681,South,Medium,Cancelled,1115.98
P005956,Clothing,132.41,Trouble,132.41,U02146,North,Medium,Completed,640.64
P007744,Beauty,20.44,Picture,20.44,U02263,East,High,Refunded,1339.95
P000962,Beauty,30.53,Recognize,30.53,U02810,East,High,Completed,1431.87
P001877,Home & Kitchen,10.21,Clear,10.21,U00955,North,Medium,Completed,351.67
P007212,Books,90.6,Development,90.6,U02770,West,Low,Pending,586.09
P007558,Books,340.55,Degree,340.55,U00632,West,Medium,Completed,2266.77
P004145,Clothing,194.78,Glass,194.78,U00397,East,Low,Completed,226.98
P002591,Beauty,208.64,Explain,208.64,U02546,West,Medium,Pending,748.34
P006107,Sports,68.89,Much,68.89,U01191,South,Low,Pending,629.61
P006363,Home & Kitchen,261.79,Condition,261.79,U02784,West,Low,Completed,869.92
P003701,Groceries,74.94,Notice,74.94,U02217,South,High,Pending,997.05
P003803,Electronics,76.1,Which,76.1,U00528,West,Low,Refunded,470.07
P005881,Groceries,64.95,Actually,64.95,U02868,West,Low,Completed,1655.14
P006416,Beauty,163.68,Book,163.68,U02204,East,High,Completed,717.89
P001775,Books,66.72,Notice,66.72,U00517,East,Low,Completed,1012.08
P000062,Home & Kitchen,74.72,Show,74.72,U00492,South,High,Completed,358.75
P006368,Sports,20.09,Structure,20.09,,West,Medium,Completed,469.38
P004363,Groceries,12.43,Reason,12.43,U02779,East,Medium,Completed,919.77
P007107,Beauty,83.17,Machine,83.17,U02841,South,Low,Refunded,506.87
P005414,Clothing,40.96,Already,40.96,U01778,North,Medium,Completed,281.42
P001508,Electronics,90.92,Until,90.92,U02491,South,High,Completed,777.82
P006925,Electronics,67.11,Trouble,67.11,U01592,East,Low,Completed,424.15
P004459,Clothing,174.41,Bill,174.41,U02633,South,High,Refunded,591.44
P002972,Sports,67.58,It,67.58,U01530,North,High,Completed,682.68
P003809,Home & Kitchen,64.28,Mission,64.28,U02566,West,Medium,Pending,1083.86
P003292,Clothing,37.5,Yourself,37.5,U00858,East,High,Completed,342.67
P006788,Books,44.69,Politics,44.69,U00228,West,Medium,Cancelled,709.51
P002578,Groceries,73.28,Hot,73.28,U01307,North,Low,Completed,728.01
P000505,Electronics,77.78,Of,77.78,U00732,West,High,Completed,923.56
P003777,Books,42.84,Team,42.84,U00909,South,Low,Completed,500.52
P004993,Groceries,40.79,Source,40.79,U00859,East,Low,Completed,1414.16
P000110,Sports,100.83,Congress,100.83,U00797,West,Medium,Completed,2546.42
P003192,Electronics,33.14,That,33.14,U02658,West,High,Completed,2757.11
P001756,Groceries,65.97,Among,65.97,U02901,West,High,Completed,736.7
P002706,Books,147.9,Tv,147.9,U00444,West,Low,Completed,868.76
P000490,Beauty,204.76,Different,204.76,U00895,South,High,Pending,755.79
P005332,Sports,56.37,Research,56.37,U02163,South,High,Completed,313.19
P002318,Books,168.73,Play,168.73,U00175,North,High,Pending,125.98
P001197,Beauty,113.41,Single,113.41,U01249,South,Medium,Completed,355.73
P003045,Sports,258.39,Window,258.39,,South,Medium,Completed,1822.36
P000982,Groceries,89.18,Fall,89.18,U01252,West,High,Completed,367.72
P003072,Sports,8.12,Meeting,8.12,U02633,North,High,Completed,619.16
P000174,Sports,32.82,Traditional,32.82,U02442,South,High,Completed,1269.0
P004445,Beauty,79.82,Theory,79.82,,South,Low,Completed,506.95
P000379,Groceries,57.24,Apply,57.24,U01790,West,High,Completed,894.1
P004572,Home & Kitchen,22.04,Pick,22.04,U00324,South,Low,Completed,2636.78
P004449,Clothing,43.05,Happen,43.05,U01702,North,Medium,Pending,473.48
P004752,Groceries,54.36,Study,54.36,U02217,East,High,Pending,1958.62
P005142,Clothing,80.31,Also,80.31,U00030,North,Medium,Completed,799.01
P002823,Home & Kitchen,39.34,Last,39.34,U00736,South,Medium,Completed,1219.42
P006689,Sports,58.01,Realize,58.01,U01665,South,Medium,Completed,457.07
P002524,Sports,84.39,Probably,84.39,U00864,East,High,Completed,666.26
P006316,Books,115.86,Understand,115.86,U02303,South,Medium,Refunded,746.77
P004815,Sports,48.26,Woman,48.26,U02690,South,Low,Completed,909.62
P007264,Clothing,103.5,Little,103.5,U02284,West,High,Pending,483.36
P005371,Home & Kitchen,73.8,Tax,73.8,U00789,East,Low,Completed,2212.13
P006259,Beauty,47.57,Travel,47.57,U00186,East,High,Completed,820.47
P006809,Groceries,114.45,Science,114.45,U02189,West,Low,Pending,1005.08
P006556,Sports,87.67,Up,87.67,U01982,South,Low,Completed,2173.43
P002225,Groceries,81.57,Figure,81.57,U02958,South,Medium,Cancelled,403.63
P004450,Groceries,21.18,Forget,21.18,U00875,North,Medium,Completed,2090.38
P000729,Books,28.48,Issue,28.48,U01817,South,Low,Cancelled,1160.55
P002813,Groceries,129.5,Full,129.5,U00547,West,Medium,Cancelled,1708.59
P006756,Sports,156.03,Nice,156.03,U02235,South,High,Completed,936.59
P005287,Electronics,131.45,Century,131.45,U00834,North,High,Completed,572.81
P002228,Clothing,73.46,Account,73.46,U01049,North,High,Completed,636.49
P005170,Home & Kitchen,114.63,Name,114.63,U02598,West,High,Completed,235.53
P006526,Clothing,75.07,Range,75.07,U02911,East,Medium,Completed,1719.17
P002931,Home & Kitchen,70.23,First,70.23,U02633,South,High,Pending,1503.37
P004101,Sports,68.6,Wear,68.6,U02564,East,High,Completed,397.66
P006739,Beauty,11.62,Any,11.62,U01064,East,Medium,Refunded,1210.7
P007788,Groceries,75.63,National,75.63,,North,High,Completed,447.73
P003390,Beauty,113.45,Establish,113.45,U02788,North,Low,Completed,1481.58
P004178,Sports,30.57,Heart,30.57,U00276,West,Low,Completed,148.28
P006357,Beauty,95.2,Catch,95.2,U01945,North,Low,Completed,346.4
P002344,Electronics,302.79,Four,302.79,U00150,South,High,Refunded,598.64
P003718,Sports,128.5,Fire,128.5,U02183,South,Medium,Completed,728.62
P004077,Groceries,86.32,Huge,86.32,U02568,North,Low,Pending,605.04
P006895,Sports,96.28,Treatment,96.28,U01019,West,Low,Completed,693.23
P005620,Home & Kitchen,83.48,Population,83.48,U01222,North,Low,Completed,1427.2
P001142,Electronics,88.85,Yourself,88.85,U02824,West,Medium,Pending,372.38
P007984,Groceries,73.38,Position,73.38,U01631,North,Low,Completed,365.22
P006960,Sports,86.25,Family,86.25,U02843,West,Low,Completed,457.73
P002161,Clothing,114.99,Skin,114.99,U02763,South,Low,Completed,768.94
P005873,Clothing,31.98,Old,31.98,U02402,South,High,Completed,302.68
P001040,Beauty,51.1,How,51.1,U02691,East,Low,Completed,862.88
P003835,Sports,38.8,Charge,38.8,U02499,West,Medium,Completed,1169.45
P002103,Home & Kitchen,80.43,Participant,80.43,U02784,South,Low,Completed,1868.74
P000907,Home & Kitchen,110.93,West,110.93,U00439,East,High,Completed,1359.09
P003770,Electronics,88.16,Treat,88.16,U01925,West,Medium,Completed,412.93
P005238,Beauty,87.27,Seek,87.27,U00958,West,High,Cancelled,762.54
P003187,Home & Kitchen,42.49,Mother,42.49,U02122,North,High,Pending,611.95
P002364,Groceries,97.44,Home,97.44,U02126,East,Medium,Completed,222.12
P005788,Groceries,77.2,Less,77.2,U01164,North,Low,Completed,887.15
P000364,Clothing,38.76,Challenge,38.76,U02944,South,Medium,Completed,308.48
P004134,Electronics,156.79,Firm,156.79,U00953,South,Medium,Completed,362.01
P001043,Clothing,123.86,Senior,123.86,U00356,East,Medium,Completed,408.66
P004002,Beauty,79.19,Second,79.19,U02975,North,High,Completed,575.7
P000481,Home & Kitchen,225.77,Would,225.77,U01326,South,Low,Completed,1533.63
P007845,Beauty,33.53,Low,33.53,U01402,South,Medium,Completed,1122.39
P007933,Electronics,63.23,Pressure,63.23,U01254,East,Medium,Pending,552.25
P007480,Home & Kitchen,144.34,Republican,144.34,U00040,North,Medium,Completed,1535.48
P004372,Beauty,24.84,Measure,24.84,U02256,North,Low,Completed,2647.43
P004490,Sports,73.65,Each,73.65,U01058,West,Medium,Completed,884.99
P001330,Home & Kitchen,175.87,Large,175.87,U00286,North,High,Pending,612.12
P007903,Books,90.64,Simply,90.64,U01982,West,Medium,Completed,834.65
P004294,Groceries,54.8,Less,54.8,U02870,North,High,Completed,751.95
P007532,Home & Kitchen,164.16,Plant,164.16,U01415,East,Low,Completed,300.5
P003153,Electronics,96.26,Apply,96.26,,North,Low,Refunded,625.27
P006405,Books,65.2,Blood,65.2,U02050,East,Low,Completed,1604.28
P004659,Electronics,113.1,Simply,113.1,U02175,East,Medium,Completed,1358.8
P000078,Books,41.39,Dark,41.39,U01073,South,High,Completed,1060.73
P005277,Sports,86.81,Theory,86.81,U01139,South,Low,Completed,272.38
P000552,Books,53.55,Factor,53.55,U00926,East,High,Pending,475.78
P000498,Books,18.44,Until,18.44,U00090,West,Medium,Pending,721.28
P000596,Groceries,80.54,Enjoy,80.54,U02874,North,Low,Pending,834.85
P002075,Groceries,212.62,Single,212.62,U00917,North,High,Completed,687.91
P004964,Electronics,38.91,Arm,38.91,U00654,North,High,Refunded,1223.18
P007454,Clothing,50.98,Us,50.98,U02763,West,High,Completed,1527.1
P005630,Books,111.26,Bank,111.26,U01042,South,High,Completed,299.07
P005315,Electronics,56.14,The,56.14,U01443,West,Medium,Completed,1000.89
P007804,Groceries,242.88,Team,242.88,U01617,West,Medium,Completed,431.23
P003207,Home & Kitchen,150.17,Charge,150.17,U00579,West,Low,Completed,775.4
P006541,Sports,88.84,Performance,88.84,U02757,South,High,Pending,602.56
P001730,Beauty,138.33,Weight,138.33,U01842,South,Low,Completed,3140.8
P005514,Books,20.01,Yourself,20.01,U02356,East,Medium,Completed,2615.57
P006511,Groceries,23.84,Teacher,23.84,U02358,West,High,Completed,1055.0
P002831,Home & Kitchen,153.9,True,153.9,U02178,West,High,Completed,1481.94
P001600,Home & Kitchen,97.84,Rate,97.84,,North,Medium,Completed,639.33
P002543,Books,86.55,East,86.55,U02739,North,Low,Completed,432.69
P005963,Electronics,141.31,That,141.31,U00423,West,High,Refunded,831.46
P005538,Beauty,50.77,Glass,50.77,U02842,East,High,Completed,596.24
P004804,Home & Kitchen,103.41,Rest,103.41,U02392,West,High,Completed,2020.08
P001943,Groceries,74.56,Able,74.56,U02328,West,Medium,Completed,556.14
P001680,Books,39.26,Make,39.26,U02608,West,Low,Completed,307.14
P001693,Groceries,79.59,Language,79.59,U02434,North,Medium,Refunded,1901.53
P006578,Home & Kitchen,17.57,Speak,17.57,,East,High,Completed,1625.04
P002631,Electronics,123.62,Whose,123.62,U00334,West,Medium,Completed,591.98
P003437,Clothing,80.01,Rather,80.01,U00522,West,High,Refunded,1003.97
P003334,Sports,115.4,Sport,115.4,U00673,West,Low,Completed,895.02
P000183,Clothing,145.64,Attack,145.64,U02653,South,Medium,Pending,729.81
P002347,Electronics,71.82,Author,71.82,U01517,East,Low,Completed,1151.16
P007336,Clothing,142.58,Difference,142.58,U02986,East,High,Cancelled,2109.38
P006408,Books,144.47,Expect,144.47,U02754,South,High,Completed,1058.65
P003022,Electronics,93.13,Ok,93.13,U01024,South,Medium,Completed,718.36
P005645,Electronics,64.1,Likely,64.1,U00621,West,High,Completed,1559.69
P003405,Home & Kitchen,102.34,Sit,102.34,U01126,West,High,Completed,581.69
P000154,Beauty,105.69,Chair,105.69,U01059,East,Medium,Cancelled,240.92
P000918,Groceries,210.24,Me,210.24,U02916,South,Low,Completed,808.17
P001858,Electronics,154.03,Mind,154.03,U02839,East,High,Completed,735.16
P000933,Sports,15.31,Such,15.31,U01815,South,High,Completed,302.44
P001356,Beauty,71.16,Scene,71.16,U01145,West,High,Completed,1209.15
P001814,Sports,58.21,Everything,58.21,U01313,West,High,Completed,290.89
P002478,Sports,60.69,Better,60.69,U01422,East,Low,Refunded,2031.82
P001087,Books,55.76,Learn,55.76,U02091,West,High,Completed,1418.46
P002662,Electronics,101.09,Anyone,101.09,U01776,North,High,Pending,793.58
P001751,Beauty,71.27,Production,71.27,,East,Low,Cancelled,582.23
P003014,Electronics,8.02,Natural,8.02,U01949,West,Medium,Cancelled,1201.61
P003971,Groceries,85.21,Significant,85.21,U02557,North,Low,Completed,498.87
P000064,Sports,101.96,Not,101.96,U01296,East,Low,Completed,1105.02
P003508,Books,123.21,Serious,123.21,U00451,South,Low,Completed,661.52
P003844,Beauty,59.37,Next,59.37,U01273,East,High,Cancelled,1254.81
P003959,Electronics,178.15,Reveal,178.15,U01328,East,Medium,Completed,366.12
P007408,Clothing,156.95,Look,156.95,U02880,West,Low,Completed,1083.43
P001702,Groceries,36.05,Meeting,36.05,U02726,North,Medium,Completed,1246.24
P006552,Home & Kitchen,68.4,Population,68.4,U01912,North,Low,Completed,1112.12
P002733,Clothing,121.79,Ground,121.79,U01125,East,Medium,Completed,1708.45
P001579,Clothing,40.12,Through,40.12,,East,Low,Completed,755.53
P005739,Home & Kitchen,121.74,Increase,121.74,U00536,West,Low,Completed,1630.68
P001491,Electronics,46.84,Mr,46.84,U00952,East,Medium,Completed,429.89
P004633,Groceries,139.19,Others,139.19,U00049,East,Medium,Completed,2413.82
P000143,Groceries,43.54,Forward,43.54,U02803,North,High,Pending,376.46
P001570,Electronics,20.75,Mission,20.75,U00489,South,Medium,Completed,1224.95
P002666,Books,55.39,Student,55.39,U02035,East,Low,Completed,931.41
P006577,Beauty,50.18,Network,50.18,U00430,West,High,Completed,306.82
P004599,Beauty,85.52,Act,85.52,U01292,South,High,Completed,1488.98
P000340,Clothing,77.26,Lawyer,77.26,U01400,West,Low,Completed,307.78
P005692,Groceries,142.85,Book,142.85,U02849,North,High,Completed,2270.22
P000164,Home & Kitchen,52.2,Past,52.2,U01133,East,Low,Pending,1351.48
P007741,Books,44.84,Near,44.84,U00924,West,Medium,Completed,749.76
P002263,Clothing,262.85,Figure,262.85,,West,Medium,Completed,850.11
P005869,Sports,85.37,Begin,85.37,U00725,North,Medium,Completed,898.47
P000157,Clothing,74.14,Option,74.14,U02829,West,High,Completed,1453.87
P006235,Books,159.99,Visit,159.99,,South,High,Completed,495.1
P006979,Sports,39.7,Approach,39.7,U00568,South,Low,Pending,617.71
P005404,Electronics,76.05,Consider,76.05,U01818,North,Medium,Completed,1047.25
P007238,Home & Kitchen,44.86,Quite,44.86,U00322,West,Low,Completed,672.3
P007772,Home & Kitchen,77.74,Also,77.74,U02532,South,Low,Pending,981.78
P002036,Books,48.82,Tonight,48.82,U01568,East,High,Completed,623.16
P007293,Beauty,74.52,Significant,74.52,U01836,North,Medium,Completed,328.01
P000115,Books,100.43,Maintain,100.43,U02068,West,High,Completed,311.25
P005691,Sports,34.63,Every,34.63,U01769,East,High,Completed,533.75
P005005,Beauty,106.07,As,106.07,U00075,East,Low,Pending,1782.34
P007171,Sports,102.25,Century,102.25,U02106,West,Low,Completed,762.64
P002335,Home & Kitchen,107.95,Window,107.95,U01973,West,High,Completed,1783.77
P006436,Books,112.91,It,112.91,U01669,East,High,Completed,800.82
P003173,Beauty,120.98,South,120.98,U02336,East,Low,Pending,1708.74
P001288,Home & Kitchen,256.35,Yourself,256.35,,North,High,Completed,942.31
P004873,Groceries,166.95,Trade,166.95,U01145,North,Low,Completed,344.61
P004455,Sports,61.48,Near,61.48,U01830,North,High,Completed,564.22
P004475,Sports,57.49,Boy,57.49,U02975,West,Low,Completed,401.89
P006694,Electronics,43.0,Bill,43.0,U01667,South,Medium,Completed,1426.06
P003240,Sports,68.11,Movement,68.11,U00079,East,Medium,Completed,1246.81
P000803,Groceries,172.13,Parent,172.13,,South,Low,Pending,883.46
P007597,Beauty,68.33,Kitchen,68.33,U01974,South,High,Completed,2058.62
P000882,Clothing,102.0,Government,102.0,U00464,South,High,Pending,370.01
P005847,Electronics,46.38,Development,46.38,U01225,North,Low,Completed,600.03
P000133,Home & Kitchen,47.86,Four,47.86,U01140,West,Medium,Pending,468.81
P006762,Beauty,228.77,This,228.77,U01542,East,Medium,Completed,1085.96
P003408,Sports,88.08,Eight,88.08,U01358,West,Low,Completed,711.9
P000567,Home & Kitchen,83.09,Act,83.09,U01769,South,High,Completed,582.2
P003388,Groceries,39.0,Letter,39.0,U00858,North,Low,Completed,1190.9
P001665,Books,94.48,Effect,94.48,,West,Low,Completed,656.12
P003078,Electronics,132.42,Finish,132.42,U02583,East,Low,Completed,636.83
P007191,Sports,67.44,On,67.44,U02372,East,High,Completed,726.93
P007807,Beauty,86.78,Police,86.78,U02337,West,Medium,Completed,622.15
P001999,Beauty,59.25,Measure,59.25,U00509,East,Low,Pending,960.5
P002790,Electronics,89.86,Want,89.86,U02118,South,Medium,Completed,389.93
P002611,Clothing,74.41,Morning,74.41,U00836,East,High,Completed,1022.19
P006233,Home & Kitchen,166.05,Avoid,166.05,U00237,West,Medium,Completed,715.73
P002416,Electronics,54.09,Hotel,54.09,U01382,North,Low,Completed,579.89
P005318,Home & Kitchen,98.56,Player,98.56,U01899,West,Medium,Completed,639.18
P004980,Groceries,151.75,Herself,151.75,U02045,South,High,Completed,1615.59
P007848,Sports,52.08,Watch,52.08,U02697,West,Medium,Completed,854.49
P000772,Clothing,61.59,Condition,61.59,U02999,North,High,Refunded,485.07
P007819,Beauty,77.0,Operation,77.0,U01915,North,High,Completed,1022.35
P000468,Clothing,165.48,Sense,165.48,U00022,South,Medium,Completed,1709.41
P001065,Groceries,41.32,No,41.32,,East,Medium,Completed,1975.78
P000153,Beauty,118.48,Evidence,118.48,U01332,South,Medium,Completed,515.62
P005223,Electronics,71.9,Song,71.9,U00678,East,Medium,Pending,1227.35
P006046,Electronics,62.54,Feel,62.54,U00575,South,High,Completed,1525.19
P004088,Home & Kitchen,129.45,Leader,129.45,U00408,South,Low,Completed,856.45
P002451,Electronics,96.36,Hard,96.36,U02357,East,Low,Completed,996.59
P003302,Electronics,110.67,Rock,110.67,U01341,East,High,Completed,1243.48
P006250,Sports,44.99,Deep,44.99,U01682,South,Medium,Cancelled,1234.77
P003310,Clothing,69.85,Turn,69.85,U01830,West,High,Completed,534.9
P006387,Sports,45.73,Business,45.73,U02824,West,Medium,Refunded,1213.84
P000941,Sports,67.92,Mention,67.92,U01467,North,High,Completed,770.02
P007414,Home & Kitchen,15.85,Board,15.85,U02052,South,Medium,Completed,327.81
P002836,Books,190.52,Face,190.52,U01214,North,High,Completed,2276.66
P007936,Clothing,96.28,Water,96.28,U00803,East,Low,Refunded,1160.01
P006173,Beauty,75.66,Nor,75.66,U01320,West,Low,Completed,2177.45
P007857,Books,84.68,Property,84.68,U01575,South,Low,Completed,1124.82
P004871,Beauty,20.82,Technology,20.82,U00953,North,High,Completed,418.09
P006708,Groceries,13.0,Science,13.0,U01015,West,Medium,Pending,1118.78
P006804,Sports,27.66,Various,27.66,U02207,East,Low,Completed,886.54
P007122,Books,178.51,Whether,178.51,,East,Medium,Completed,302.73
P001105,Sports,11.78,Future,11.78,,East,Medium,Completed,823.09
P007498,Electronics,54.93,Music,54.93,U01561,South,Medium,Completed,388.13
P003838,Electronics,336.26,Who,336.26,U02256,West,High,Completed,1140.72
P001309,Beauty,27.19,Alone,27.19,U01161,South,Low,Completed,782.92
P000763,Groceries,188.44,Letter,188.44,U01309,South,High,Cancelled,1338.86
P001062,Clothing,99.71,Stay,99.71,U02534,East,Low,Pending,1477.15
P005171,Clothing,57.02,Any,57.02,,South,High,Completed,1646.68
P006842,Clothing,46.75,Media,46.75,U01877,South,Medium,Completed,266.61
P002537,Electronics,174.6,Popular,174.6,U00154,North,Medium,Pending,2029.4
P003229,Electronics,102.91,Word,102.91,,South,High,Completed,1743.5
P000019,Home & Kitchen,37.04,All,37.04,U01097,North,Low,Cancelled,659.93
P003219,Electronics,147.31,Summer,147.31,U01487,East,High,Cancelled,87.16
P004429,Groceries,147.75,Major,147.75,U01888,South,Medium,Completed,2624.78
P000103,Electronics,22.2,Science,22.2,U01245,East,Low,Completed,495.15
P001329,Home & Kitchen,59.0,Decade,59.0,U01333,North,Medium,Completed,247.49
P007220,Groceries,118.99,Create,118.99,U00998,East,Low,Refunded,705.23
P007390,Electronics,98.3,Discuss,98.3,U02367,West,Low,Completed,386.1
P005467,Books,59.7,Fast,59.7,U00001,North,Medium,Completed,762.45
P003569,Books,34.01,Score,34.01,U01163,North,Medium,Cancelled,1966.08
P007814,Home & Kitchen,72.73,Every,72.73,U00829,South,Low,Cancelled,915.36
P006916,Clothing,38.37,Reveal,38.37,U01012,North,High,Completed,1279.5
P007501,Groceries,188.13,Page,188.13,U02901,South,Medium,Pending,285.19
P006581,Books,22.5,Shake,22.5,U01496,South,High,Completed,523.45
P001752,Beauty,22.09,Bill,22.09,U02112,North,High,Completed,1775.32
P007007,Groceries,180.93,International,180.93,U02695,West,Medium,Pending,1257.84
P000709,Clothing,291.9,Since,291.9,U02915,East,Low,Completed,1053.97
P006497,Clothing,160.52,Certainly,160.52,U00326,South,Medium,Completed,235.5
P003740,Electronics,184.62,Table,184.62,U02236,South,High,Completed,252.93
P003562,Groceries,44.32,Collection,44.32,U02781,East,High,Completed,1555.17
P002545,Beauty,19.76,Edge,19.76,U00295,East,Low,Completed,582.24
P007671,Clothing,83.71,Someone,83.71,U02371,East,Medium,Cancelled,586.84
P003585,Clothing,55.55,Look,55.55,U00031,South,Medium,Completed,684.99
P004349,Beauty,47.87,Room,47.87,U01184,East,High,Completed,619.19
P001269,Groceries,83.08,Present,83.08,U00147,North,Medium,Completed,405.8
P004825,Books,186.89,Cause,186.89,,North,High,Completed,1381.35
P005988,Beauty,218.28,Attorney,218.28,U02122,East,Medium,Completed,1095.88
P005443,Groceries,74.41,Idea,74.41,U01260,West,High,Completed,1579.55
P003250,Books,51.29,Adult,51.29,U01398,North,Low,Completed,286.31
P002520,Sports,47.82,Course,47.82,U01241,North,High,Completed,535.1
P005099,Home & Kitchen,132.08,Attack,132.08,U02486,North,Medium,Completed,272.19
P004509,Books,72.25,Above,72.25,U00276,East,Low,Completed,258.68
P005459,Books,87.34,Agree,87.34,U01963,South,High,Completed,427.45
P002890,Beauty,29.79,Cultural,29.79,,West,Medium,Completed,507.62
P005304,Groceries,88.78,Live,88.78,U00881,West,High,Completed,682.23
P006358,Home & Kitchen,117.47,Development,117.47,U00601,North,Low,Pending,2354.35
P005200,Electronics,22.2,Stand,22.2,U01313,West,Medium,Completed,655.77
P005217,Electronics,71.97,Those,71.97,U00355,West,High,Completed,855.71
P000600,Sports,72.75,State,72.75,U02125,South,Medium,Completed,933.5
P003947,Clothing,104.75,Claim,104.75,U01356,West,Medium,Completed,1169.93
P000025,Beauty,60.95,Agreement,60.95,U00450,South,High,Completed,1007.59
P003595,Electronics,64.07,Note,64.07,U01669,North,Medium,Pending,1044.29
P005712,Home & Kitchen,120.94,Lawyer,120.94,U02608,West,High,Cancelled,717.92
P007994,Electronics,191.9,Gun,191.9,U01570,West,High,Completed,545.66
P005489,Electronics,74.88,Yourself,74.88,U00164,South,High,Completed,226.72
P001321,Clothing,110.87,Everything,110.87,U02081,North,Medium,Pending,818.36
P003927,Sports,183.8,Who,183.8,U00436,West,Medium,Completed,1103.5
P003158,Books,20.14,Threat,20.14,,North,High,Completed,652.59
P002521,Books,121.82,Theory,121.82,,West,Low,Cancelled,943.92
P001007,Electronics,44.04,Pretty,44.04,U00999,North,Low,Completed,693.15
P007869,Sports,79.02,Act,79.02,U00169,South,Low,Refunded,888.12
P003523,Clothing,54.38,Watch,54.38,U02622,North,Medium,Completed,1407.52
P006148,Beauty,44.71,Front,44.71,U00963,East,Low,Completed,724.49
P007146,Clothing,67.98,Thus,67.98,U00159,North,Low,Completed,368.14
P005748,Clothing,83.54,Late,83.54,U02449,North,Medium,Completed,683.54
P005123,Home & Kitchen,21.75,Business,21.75,U02646,East,Low,Completed,1120.23
P001849,Beauty,92.6,Five,92.6,U01152,East,Low,Completed,874.18
P005728,Clothing,48.82,Seven,48.82,U01220,North,Medium,Completed,900.89
P006418,Beauty,21.83,Serve,21.83,U02540,North,High,Completed,298.82
P000246,Clothing,46.32,Unit,46.32,U00925,West,High,Completed,557.93
P004578,Home & Kitchen,49.71,Message,49.71,U01200,South,Medium,Completed,967.65
P004404,Books,122.46,Order,122.46,U00304,West,Medium,Completed,1887.61
P000980,Books,37.9,Until,37.9,U02625,West,Medium,Cancelled,991.87
P002324,Electronics,108.63,Cost,108.63,U01626,West,Low,Completed,791.71
P007159,Electronics,163.74,Southern,163.74,U01640,South,Low,Completed,692.86
P001214,Sports,35.13,Address,35.13,U01249,East,Medium,Completed,412.16
P007236,Home & Kitchen,72.96,Often,72.96,U00425,West,High,Completed,1314.02
P006942,Groceries,195.44,Player,195.44,U00999,North,Low,Completed,1137.67
P002424,Beauty,83.99,Piece,83.99,U01511,North,High,Cancelled,1214.89
P006881,Groceries,69.02,Find,69.02,,North,Medium,Completed,417.82
P001384,Books,52.09,Term,52.09,U00991,South,High,Completed,597.9
P005505,Clothing,39.85,Sing,39.85,U00564,South,High,Refunded,848.22
P003962,Sports,36.58,Source,36.58,U02150,West,Medium,Completed,1558.91
P007184,Beauty,8.94,Who,8.94,U00074,North,High,Completed,1695.99
P004561,Clothing,121.07,Buy,121.07,U00472,West,Low,Completed,1013.15
P001372,Sports,159.57,Enough,159.57,U00632,West,Medium,Pending,989.5
P003906,Home & Kitchen,51.37,Stand,51.37,U01126,West,Low,Refunded,291.73
P006698,Groceries,51.38,Able,51.38,U02899,South,High,Cancelled,1395.05
P002721,Beauty,77.87,Realize,77.87,U02149,West,Low,Pending,838.93
P006045,Sports,120.52,Believe,120.52,U02633,North,High,Pending,795.15
P007838,Electronics,91.89,Order,91.89,U01851,South,High,Pending,187.49
P006447,Beauty,153.93,Give,153.93,U02063,South,Low,Completed,1400.66
P007880,Books,206.98,Guess,206.98,U00550,South,Medium,Completed,1526.63
P000938,Beauty,257.62,Discuss,257.62,U01045,North,Medium,Completed,1601.91
P001949,Books,52.5,Enough,52.5,U02148,North,Medium,Completed,1071.36
P004671,Sports,105.92,Technology,105.92,U02328,North,Low,Completed,176.26
P005649,Electronics,17.44,Enjoy,17.44,U00007,South,Medium,Pending,1405.32
P006980,Sports,60.04,Staff,60.04,U02241,South,Low,Completed,768.6
P007583,Sports,129.26,Receive,129.26,U00185,South,Medium,Cancelled,784.33
P004244,Beauty,106.77,Become,106.77,U01143,East,High,Completed,344.1
P005531,Sports,154.18,Early,154.18,U02506,West,Medium,Completed,380.86
P002353,Books,35.71,Face,35.71,U02821,West,High,Completed,281.45
P001788,Books,53.87,Meet,53.87,U02156,West,High,Completed,324.32
P001412,Clothing,28.9,College,28.9,U00574,North,Low,Completed,477.89
P003062,Home & Kitchen,53.79,Prepare,53.79,U02397,South,High,Completed,1058.66
P001834,Clothing,43.26,President,43.26,U02397,East,Low,Completed,166.7
P002987,Electronics,53.85,Them,53.85,U01342,East,Low,Completed,706.54
P000027,Home & Kitchen,130.99,Decide,130.99,U02168,East,High,Cancelled,990.62
P005688,Books,189.32,Financial,189.32,U00811,South,High,Completed,851.18
P005684,Sports,201.14,Back,201.14,U00318,West,Low,Completed,425.65
P002778,Groceries,24.37,Tree,24.37,U02789,South,High,Pending,1160.74
P005948,Electronics,36.3,Foreign,36.3,U01375,East,High,Cancelled,866.34
P005224,Groceries,40.78,Really,40.78,U00924,West,Low,Completed,789.32
P002650,Clothing,160.99,Official,160.99,U00694,East,Medium,Refunded,1341.19
P002668,Home & Kitchen,81.8,Lot,81.8,U02285,South,High,Completed,1026.56
P001213,Home & Kitchen,89.86,Five,89.86,U02297,North,Low,Completed,565.66
P006467,Books,206.19,West,206.19,U01064,South,Low,Completed,725.55
P002506,Books,241.7,Single,241.7,U02621,South,Medium,Completed,2367.24
P000108,Clothing,94.64,Politics,94.64,U00101,North,Low,Refunded,929.74
P001092,Groceries,8.74,Expect,8.74,U02480,West,Medium,Cancelled,1120.4
P002032,Clothing,152.95,Bit,152.95,,South,Low,Completed,977.24
P003047,Home & Kitchen,46.28,Analysis,46.28,U01917,East,Low,Pending,1310.7
P006529,Books,42.47,Compare,42.47,U02659,South,High,Completed,1499.14
P003124,Books,21.83,Week,21.83,U00490,East,Low,Completed,408.94
P005992,Books,15.0,International,15.0,U00684,West,Medium,Completed,1226.36
P006735,Beauty,96.46,Ground,96.46,U00773,South,Low,Completed,638.29
P005720,Home & Kitchen,238.41,Argue,238.41,U01230,North,Medium,Completed,286.83
P002048,Home & Kitchen,94.53,Drive,94.53,U00511,East,Low,Completed,1286.78
P007237,Groceries,129.41,Main,129.41,U02795,West,Low,Completed,1654.81
P002749,Groceries,107.96,Stand,107.96,U02808,North,High,Cancelled,2039.26
P007782,Electronics,54.91,Head,54.91,U00690,West,Low,Completed,1066.77
P007692,Clothing,115.69,Top,115.69,U00030,East,Medium,Completed,796.85
P002929,Electronics,77.28,Fill,77.28,U02222,South,High,Completed,979.83
P004233,Electronics,121.73,Picture,121.73,U00067,North,High,Completed,526.16
P001376,Home & Kitchen,60.22,Represent,60.22,U01235,West,High,Refunded,666.52
P005743,Clothing,174.53,Military,174.53,U00502,East,Medium,Pending,985.7
P007370,Home & Kitchen,89.63,Positive,89.63,U00314,East,High,Completed,918.87
P004963,Clothing,120.99,Race,120.99,U01411,West,Low,Completed,986.52
P004508,Groceries,42.6,Improve,42.6,U01030,North,Low,Refunded,1890.98
P001069,Beauty,64.15,Authority,64.15,U02812,South,Medium,Refunded,493.15
P007430,Beauty,18.29,History,18.29,U02840,East,Low,Completed,724.93
P001759,Home & Kitchen,31.15,Let,31.15,U00027,South,Medium,Completed,162.66
P006154,Beauty,80.54,Modern,80.54,U00371,East,High,Completed,1079.71
P000386,Groceries,106.28,Some,106.28,U02519,West,Medium,Completed,1606.92
P001903,Groceries,23.49,Her,23.49,U00415,North,High,Completed,433.14
P006943,Books,91.49,Debate,91.49,U02399,South,Medium,Completed,868.05
P000675,Beauty,104.39,Understand,104.39,U02329,West,Medium,Completed,997.68
P001335,Home & Kitchen,68.48,Church,68.48,U00802,South,High,Cancelled,939.53
P004866,Electronics,175.38,Light,175.38,U00953,North,High,Completed,912.69
P003875,Groceries,170.65,Shake,170.65,U00417,West,Medium,Completed,324.51
P002810,Groceries,71.64,Couple,71.64,U00410,West,High,Completed,1606.97
P005985,Beauty,136.63,Myself,136.63,U01574,West,High,Completed,288.48
P003160,Clothing,65.44,Remember,65.44,U02824,North,Medium,Completed,593.36
P005812,Beauty,31.78,Though,31.78,U02702,South,Low,Completed,899.58
P005290,Sports,94.85,Pattern,94.85,U00713,East,Medium,Cancelled,410.56
P002571,Clothing,58.02,Certainly,58.02,U00233,North,Low,Completed,401.85
P004843,Books,53.11,Company,53.11,U02798,West,Low,Completed,1033.9
P003077,Home & Kitchen,56.26,Into,56.26,U02741,North,Low,Completed,951.49
P000152,Sports,118.78,Character,118.78,U02500,West,Medium,Completed,860.67
P004304,Beauty,45.84,Full,45.84,U02984,East,Medium,Completed,1343.39
P004239,Books,119.64,Actually,119.64,U00349,North,Medium,Completed,464.99
P003287,Groceries,86.08,Term,86.08,U02587,South,Medium,Completed,1293.73
P006032,Sports,191.85,Truth,191.85,U01385,East,Low,Pending,548.77
P005789,Electronics,35.8,Make,35.8,U01375,South,Medium,Completed,1442.08
P006950,Groceries,108.92,Result,108.92,U02709,South,High,Completed,1207.06
P005234,Clothing,32.4,Kind,32.4,U01867,East,Medium,Completed,492.99
P004221,Home & Kitchen,53.43,Lawyer,53.43,U02402,South,High,Completed,436.37
P004136,Groceries,36.8,Organization,36.8,U01316,North,Medium,Completed,912.63
P005098,Beauty,117.31,Need,117.31,U01904,East,High,Cancelled,172.41
P005038,Home & Kitchen,14.76,Source,14.76,U01064,West,High,Completed,432.39
P000305,Home & Kitchen,152.41,Account,152.41,U00720,South,Medium,Completed,1279.43
P006263,Beauty,139.94,Be,139.94,U00961,North,Low,Completed,395.05
P005997,Clothing,38.75,Until,38.75,U02935,East,Low,Completed,821.41
P005174,Sports,30.82,Understand,30.82,U02726,East,Medium,Completed,955.67
P003697,Sports,32.3,Be,32.3,U01676,North,Medium,Completed,383.65
P001260,Electronics,127.66,Bed,127.66,U01879,West,Medium,Completed,411.54
P004820,Books,31.42,A,31.42,U00049,East,Low,Completed,844.31
P002405,Groceries,105.42,Consider,105.42,,North,Medium,Completed,1191.06
P005157,Home & Kitchen,32.21,Experience,32.21,U00937,North,Low,Completed,1709.64
P003220,Home & Kitchen,46.29,Matter,46.29,U01946,East,High,Completed,2126.95
P004191,Sports,269.3,Find,269.3,U01436,South,Medium,Refunded,894.18
P006533,Sports,181.42,She,181.42,U01519,West,Medium,Completed,1283.77
P002965,Groceries,96.65,Information,96.65,U02825,North,Low,Pending,1926.0
P002336,Clothing,67.83,Us,67.83,U02854,West,Medium,Cancelled,1908.28
P003515,Clothing,16.13,Out,16.13,U00301,East,Medium,Completed,620.76
P007734,Groceries,33.29,Always,33.29,U02677,East,Low,Refunded,1654.19
P005783,Home & Kitchen,34.37,Hope,34.37,U01952,East,Medium,Completed,930.02
P001117,Clothing,6.27,Over,6.27,U00560,East,Low,Completed,1107.05
P004379,Groceries,70.77,True,70.77,U02331,West,High,Refunded,878.77
P007138,Sports,90.05,Service,90.05,U00253,East,High,Pending,270.6
P002861,Home & Kitchen,64.92,Eat,64.92,U00133,North,High,Completed,2176.85
P000433,Books,79.21,Tonight,79.21,U01499,West,Medium,Completed,592.69
P004546,Groceries,61.15,Lot,61.15,U01433,North,Low,Completed,1136.92
P001001,Groceries,144.6,Somebody,144.6,U01995,West,High,Completed,826.0
P007176,Electronics,119.33,Time,119.33,U02644,West,Low,Completed,323.74
P001722,Sports,70.01,Size,70.01,U02974,West,Medium,Completed,1109.5
P006294,Groceries,139.91,Identify,139.91,U01707,East,Low,Completed,1641.48
P005652,Clothing,18.68,Hard,18.68,U01101,North,Low,Cancelled,1314.09
P007234,Books,68.55,Society,68.55,U02212,East,Medium,Completed,1245.74
P005282,Sports,180.79,Expert,180.79,U02376,North,Low,Completed,958.98
P000619,Electronics,86.36,Country,86.36,U00978,East,Low,Completed,2485.97
P005579,Books,224.94,Leave,224.94,U01063,North,High,Pending,889.06
P005146,Home & Kitchen,27.6,Send,27.6,U01283,South,Low,Completed,217.09
P002674,Beauty,38.4,Picture,38.4,U01177,West,Medium,Completed,1612.76
P007828,Sports,210.53,Even,210.53,U00048,West,High,Completed,793.54
P000263,Sports,190.81,No,190.81,U00849,South,Low,Completed,1166.6
P006011,Home & Kitchen,49.92,Why,49.92,U00088,East,High,Completed,833.43
P006763,Home & Kitchen,66.78,Pay,66.78,U02913,East,Low,Cancelled,868.8
P006288,Groceries,83.29,Leader,83.29,U01100,South,Medium,Pending,764.08
P000547,Books,45.4,Approach,45.4,U01126,East,Low,Completed,1759.68
P004210,Beauty,5.54,Accept,5.54,U02868,North,High,Completed,600.48
P002397,Books,82.64,Talk,82.64,U01999,West,Medium,Completed,790.67
P004786,Beauty,52.03,Laugh,52.03,U00440,East,Medium,Completed,629.36
P005785,Sports,127.8,Like,127.8,U00327,North,High,Completed,2036.71
P000645,Books,108.16,Why,108.16,,West,Medium,Completed,717.81
P005677,Groceries,12.94,Participant,12.94,U00999,West,Medium,Completed,550.76
P006344,Clothing,52.57,Her,52.57,U01357,West,Low,Completed,483.23
P007922,Home & Kitchen,15.58,Record,15.58,U01656,South,High,Cancelled,708.54
P002632,Clothing,24.79,Themselves,24.79,U02360,West,High,Cancelled,663.33
P005053,Books,66.22,Window,66.22,U01004,South,High,Cancelled,1160.08
P004328,Groceries,22.47,His,22.47,U00879,South,Medium,Refunded,861.39
P002428,Clothing,129.6,Radio,129.6,U02390,West,Low,Completed,1657.07
P006782,Sports,65.99,Us,65.99,U01710,West,High,Completed,1220.21
P001493,Books,72.87,Explain,72.87,U02172,West,Medium,Completed,1739.02
P007947,Electronics,68.91,Far,68.91,U01088,East,Medium,Completed,996.43
P000974,Electronics,96.07,Generation,96.07,U00809,West,Medium,Completed,1097.95
P001641,Beauty,9.35,Any,9.35,U00965,East,Low,Cancelled,1632.41
P007637,Groceries,101.85,Accept,101.85,U01080,East,High,Cancelled,429.01
P000936,Clothing,178.17,Discussion,178.17,U02105,North,Medium,Completed,2172.38
P003464,Electronics,55.18,World,55.18,U01481,North,Low,Cancelled,379.82
P003225,Electronics,237.69,Walk,237.69,U00556,West,Medium,Completed,831.26
P000093,Groceries,123.12,Long,123.12,U00732,East,Low,Completed,1699.32
P003737,Electronics,14.65,Southern,14.65,U02584,North,High,Completed,325.52
P003761,Sports,48.43,Election,48.43,U02777,East,High,Completed,2120.81
P002678,Books,113.16,Myself,113.16,U00962,North,Medium,Completed,1067.54
P006911,Beauty,39.19,With,39.19,U00625,West,Medium,Completed,1826.86
P000412,Sports,84.89,Only,84.89,U01125,South,High,Completed,3093.46
P007897,Beauty,207.28,Where,207.28,U01507,North,High,Completed,1222.62
P001584,Electronics,94.41,Loss,94.41,U01572,West,Medium,Cancelled,1064.9
P003057,Sports,80.47,Rather,80.47,U01275,North,High,Completed,314.59
P003897,Clothing,82.72,Safe,82.72,U00520,North,Medium,Pending,599.0
P005886,Sports,65.27,Necessary,65.27,U00310,East,Medium,Completed,252.08
P005452,Sports,79.75,While,79.75,,West,High,Refunded,477.12
P002663,Groceries,148.14,Edge,148.14,U00780,North,High,Completed,1213.31
P003008,Electronics,195.75,Worry,195.75,U00666,North,Medium,Completed,300.9
P007846,Beauty,112.7,Responsibility,112.7,,North,High,Completed,648.78
P006465,Electronics,76.63,Several,76.63,U01054,North,High,Completed,738.99
P003786,Electronics,52.2,Tell,52.2,U00121,North,Medium,Pending,855.67
P006550,Electronics,75.95,Start,75.95,U01995,West,High,Completed,559.08
P000420,Books,206.52,Article,206.52,U00246,South,Medium,Completed,620.52
P003852,Home & Kitchen,60.74,Bar,60.74,U01671,South,High,Completed,704.82
P002604,Groceries,37.33,Usually,37.33,,East,Medium,Completed,1912.96
P000321,Home & Kitchen,288.73,Mention,288.73,U00280,West,Medium,Completed,779.03
P003299,Sports,33.19,Kid,33.19,U02982,East,Low,Completed,462.15
P002434,Home & Kitchen,86.45,Resource,86.45,U00247,South,Low,Completed,953.31
P000203,Beauty,141.83,Put,141.83,U00465,West,Low,Completed,255.86
P005458,Clothing,109.7,Couple,109.7,U00777,South,High,Completed,783.11
P000527,Beauty,172.83,Situation,172.83,U02407,South,Medium,Completed,229.66
P004147,Sports,68.14,Someone,68.14,,West,High,Completed,120.51
P007121,Groceries,100.11,Drive,100.11,U01737,East,Low,Completed,780.61
P005042,Books,172.36,Question,172.36,U00473,West,Medium,Pending,656.85
P002549,Home & Kitchen,26.61,Manager,26.61,U00291,North,Low,Pending,801.4
P004604,Home & Kitchen,18.3,If,18.3,U00279,North,Low,Completed,1198.96
P002707,Electronics,71.76,Many,71.76,U01628,South,Medium,Completed,970.81
P004548,Electronics,91.55,Consider,91.55,U01287,East,High,Completed,703.49
P003650,Home & Kitchen,67.48,Operation,67.48,U00895,South,Low,Pending,1574.06
P007044,Electronics,121.61,Whole,121.61,U00078,West,Low,Completed,369.4
P000343,Beauty,103.84,Item,103.84,U02532,South,High,Completed,501.12
P007148,Home & Kitchen,25.37,Help,25.37,U02455,West,Low,Cancelled,1628.7
P007524,Clothing,70.85,Policy,70.85,U01783,East,Low,Completed,323.27
P001518,Beauty,63.27,World,63.27,U02152,East,Low,Refunded,2002.71
P002936,Sports,178.52,Within,178.52,U02061,East,High,Completed,1812.99
P007635,Books,107.66,Even,107.66,U02504,West,Low,Completed,2009.2
P005851,Beauty,29.6,And,29.6,U02044,South,Medium,Pending,518.99
P005708,Groceries,137.06,Walk,137.06,U00761,West,Medium,Pending,2418.1
P004894,Sports,175.42,Some,175.42,U00051,North,Medium,Completed,1087.85
P001008,Clothing,117.95,Claim,117.95,U00552,North,High,Completed,646.7
P006759,Home & Kitchen,153.93,On,153.93,U00704,East,Medium,Completed,1959.07
P003854,Clothing,37.99,Listen,37.99,U00207,East,Low,Completed,2270.77
P006329,Sports,94.32,Fire,94.32,U01058,West,Low,Completed,712.87
P003680,Beauty,9.88,Couple,9.88,U02697,East,High,Completed,698.26
P004918,Sports,87.19,Level,87.19,U01695,East,Medium,Completed,1249.91
P006168,Beauty,16.41,Gun,16.41,U01392,North,Medium,Completed,1189.77
P004585,Home & Kitchen,82.39,Consumer,82.39,U01795,East,Low,Completed,912.2
P006382,Beauty,40.01,Ready,40.01,U01367,West,Medium,Completed,744.8
P003409,Beauty,36.87,Apply,36.87,U00315,South,Medium,Completed,840.58
P006542,Groceries,97.72,Meeting,97.72,U02716,West,Medium,Completed,726.87
P001393,Books,103.52,Reach,103.52,U01858,East,Medium,Completed,1240.06
P005612,Beauty,17.49,Spend,17.49,U00202,South,Medium,Completed,353.09
P005025,Home & Kitchen,123.3,Because,123.3,U00564,West,High,Pending,946.24
P007688,Groceries,71.65,Season,71.65,U00479,North,Medium,Refunded,741.67
P003944,Home & Kitchen,100.47,Service,100.47,U02300,North,High,Pending,967.66
P007539,Sports,36.66,Price,36.66,U01372,South,Medium,Completed,627.41
P002041,Books,89.25,Ok,89.25,U01712,West,High,Completed,1679.78
P006003,Home & Kitchen,57.1,There,57.1,U01865,West,Medium,Completed,346.35
P002004,Beauty,116.13,Box,116.13,U00163,West,High,Pending,2185.28
P005106,Groceries,123.47,Lose,123.47,U00756,West,Medium,Completed,730.18
P006626,Sports,184.34,Give,184.34,U02115,West,High,Completed,151.44
P002758,Sports,38.9,Various,38.9,U00125,West,High,Completed,1389.37
P002071,Books,206.39,Better,206.39,U00120,South,Medium,Cancelled,872.85
P004946,Home & Kitchen,105.08,Start,105.08,U00487,North,High,Pending,1486.29
P001790,Home & Kitchen,36.71,Find,36.71,U01803,West,High,Refunded,585.73
P005139,Sports,67.52,Country,67.52,U02066,East,High,Pending,2308.39
P004280,Beauty,87.55,Deal,87.55,U01926,South,High,Completed,208.43
P003286,Beauty,259.15,Choose,259.15,U00887,West,Medium,Completed,630.68
P002522,Groceries,53.44,Room,53.44,U00571,West,High,Completed,687.63
P004780,Beauty,57.04,To,57.04,U00714,West,High,Completed,532.69
P003166,Beauty,81.43,Box,81.43,U01695,West,Medium,Cancelled,931.13
P007235,Electronics,107.84,Work,107.84,U01208,South,High,Completed,649.93
P003631,Electronics,32.11,But,32.11,U02614,East,Low,Completed,272.29
P001057,Home & Kitchen,122.91,Plan,122.91,U02760,East,Low,Completed,447.13
P007427,Electronics,71.23,However,71.23,U02399,South,Medium,Completed,1345.12
P005736,Beauty,67.89,Economy,67.89,,North,Low,Completed,446.92
P002317,Home & Kitchen,84.49,Consumer,84.49,U02073,West,Medium,Cancelled,1580.79
P008000,Sports,44.5,Kind,44.5,U01216,South,Low,Cancelled,2819.72
P005162,Clothing,107.57,Call,107.57,U00412,North,Medium,Completed,1693.88
P000308,Electronics,69.27,Program,69.27,,West,High,Completed,1081.6
P002705,Home & Kitchen,61.63,In,61.63,U02981,West,Medium,Pending,1024.6
P000767,Books,67.92,Material,67.92,U01719,South,Medium,Completed,598.63
P002915,Groceries,49.54,Way,49.54,U02493,North,High,Completed,143.55
P002743,Electronics,163.91,Program,163.91,U00562,West,Medium,Completed,436.07
P002351,Home & Kitchen,16.06,Floor,16.06,U01755,East,Low,Completed,384.23
P003764,Books,127.12,Interest,127.12,U02971,West,Low,Completed,640.28
P005322,Home & Kitchen,84.76,Tough,84.76,U02309,South,Low,Completed,1482.47
P006249,Books,152.26,Certain,152.26,U01698,North,Medium,Completed,786.38
P007259,Books,122.98,Available,122.98,U00722,West,Low,Completed,666.91
P007614,Home & Kitchen,11.92,Site,11.92,U02032,East,High,Completed,1661.02
P005349,Groceries,64.27,Student,64.27,U01648,South,Low,Completed,798.34
P001964,Electronics,60.94,Admit,60.94,U00982,South,Medium,Cancelled,744.57
P000576,Beauty,93.93,Also,93.93,U00347,South,High,Completed,756.39
P000585,Books,112.63,Foot,112.63,U00823,West,Medium,Completed,379.32
P003013,Groceries,113.8,Yeah,113.8,U00913,North,Medium,Refunded,621.08
P007425,Clothing,39.09,Over,39.09,U01600,South,High,Completed,471.98
P002102,Sports,38.05,Body,38.05,U00418,South,Medium,Refunded,623.96
P004772,Beauty,75.89,Significant,75.89,U01890,North,Medium,Completed,669.41
P006780,Sports,56.08,Plan,56.08,U02161,East,Medium,Pending,357.54
P000915,Home & Kitchen,201.11,Southern,201.11,U02495,South,Medium,Completed,418.08
P000967,Sports,61.24,Central,61.24,U00580,North,Low,Completed,1103.55
P001281,Groceries,119.99,Focus,119.99,U02296,South,Low,Completed,513.92
P003647,Electronics,76.8,Loss,76.8,U01083,South,High,Refunded,430.09
P005048,Groceries,41.03,Throughout,41.03,U02062,North,Low,Completed,533.42
P003807,Clothing,72.88,Late,72.88,U00896,East,Medium,Completed,1470.17
P006134,Electronics,61.56,Cup,61.56,U01064,West,Low,Pending,491.8
P001985,Clothing,33.23,Young,33.23,U00396,South,High,Completed,982.14
P000793,Home & Kitchen,47.52,Election,47.52,U00709,South,Low,Pending,369.66
P006647,Home & Kitchen,46.08,Four,46.08,U00981,East,Low,Completed,398.65
P005940,Home & Kitchen,140.61,Exist,140.61,U02582,South,High,Completed,713.52
P006923,Electronics,120.1,Degree,120.1,U00110,West,High,Completed,645.21
P007541,Groceries,103.46,Much,103.46,U02319,West,Low,Cancelled,617.5
P002889,Electronics,31.98,Simply,31.98,U00029,North,High,Completed,852.96
P005160,Electronics,59.43,Owner,59.43,U01450,South,Medium,Completed,341.92
P005924,Home & Kitchen,84.53,Present,84.53,U00518,West,Medium,Completed,1162.07
P005006,Electronics,64.64,Strategy,64.64,U00745,North,Low,Pending,1105.24
P005918,Home & Kitchen,53.94,Material,53.94,U02095,East,High,Completed,725.11
P001747,Electronics,136.03,Receive,136.03,U01470,East,Medium,Completed,773.61
P003512,Books,154.22,Green,154.22,U02129,East,High,Completed,672.49
P006651,Beauty,86.67,Ready,86.67,U00363,South,High,Completed,2016.78
P005552,Groceries,66.41,Artist,66.41,U02173,South,Medium,Completed,1001.01
P003199,Home & Kitchen,99.5,Indeed,99.5,U02911,South,Medium,Completed,427.14
P003233,Home & Kitchen,26.29,Increase,26.29,U00066,West,Low,Completed,879.92
P003252,Electronics,25.68,Glass,25.68,U00231,South,Low,Cancelled,671.14
P000870,Groceries,97.26,Star,97.26,U00961,North,Low,Completed,1079.35
P001550,Sports,93.44,Owner,93.44,U02430,North,Medium,Completed,1039.43
P007462,Electronics,79.91,Fast,79.91,U00312,East,Medium,Completed,99.8
P001968,Groceries,33.7,Card,33.7,U01680,West,Low,Completed,2117.61
P007344,Beauty,77.66,Marriage,77.66,U01960,East,Low,Completed,867.16
P000114,Books,223.06,Common,223.06,U02176,East,Medium,Completed,433.26
P005725,Books,25.46,It,25.46,U02824,West,Low,Pending,1226.19
P002156,Sports,51.08,Change,51.08,U02019,North,Medium,Completed,935.54
P001874,Home & Kitchen,123.59,People,123.59,U00225,East,High,Completed,712.02
P001890,Clothing,118.33,Hospital,118.33,U02624,South,Low,Completed,540.29
P001538,Groceries,166.45,Go,166.45,U00589,North,Low,Completed,722.83
P003654,Clothing,59.97,Foot,59.97,U02162,East,Medium,Completed,608.02
P006528,Electronics,80.41,Subject,80.41,U00700,North,Medium,Refunded,611.98
P005473,Home & Kitchen,147.42,Speak,147.42,U01326,West,High,Completed,1790.88
P001432,Home & Kitchen,64.19,International,64.19,U00331,North,Low,Completed,478.15
P000672,Beauty,24.56,Wrong,24.56,U00981,West,Medium,Completed,1321.15
P004117,Books,56.51,Really,56.51,U02831,South,Medium,Pending,284.03
P002099,Books,65.23,Plan,65.23,U00671,South,Medium,Completed,575.13
P003156,Beauty,108.35,Picture,108.35,U00731,East,High,Completed,486.76
P007067,Home & Kitchen,85.12,Reach,85.12,U00483,West,Low,Pending,1022.48
P004854,Beauty,74.98,Benefit,74.98,U02701,North,High,Completed,939.92
P001086,Books,83.93,Claim,83.93,U02206,South,Medium,Completed,680.9
P004916,Sports,116.87,Power,116.87,U02382,North,Low,Pending,295.35
P006933,Electronics,38.03,Property,38.03,U01820,North,Low,Refunded,539.41
P006743,Electronics,67.23,Remember,67.23,U02959,North,High,Completed,906.16
P003888,Home & Kitchen,31.65,Write,31.65,U02215,South,Low,Completed,1059.77
P001898,Electronics,72.83,Rich,72.83,U02273,North,Low,Completed,2058.21
P007040,Home & Kitchen,96.04,Rest,96.04,U02906,West,Low,Completed,1754.58
P001564,Electronics,46.75,Imagine,46.75,U01344,West,Low,Completed,1271.49
P001169,Groceries,15.17,Home,15.17,U01523,West,High,Completed,805.47
P003121,Electronics,98.33,Kid,98.33,U02515,North,High,Completed,1383.11
P006097,Home & Kitchen,13.88,Man,13.88,,East,High,Completed,1550.12
P000332,Electronics,136.3,Still,136.3,U02585,East,Low,Completed,652.99
P002692,Beauty,89.91,Red,89.91,U02157,North,High,Completed,1397.76
P005581,Sports,90.7,Purpose,90.7,U00318,North,Medium,Pending,501.92
P004902,Electronics,126.95,Order,126.95,U01942,North,Medium,Completed,650.2
P006187,Sports,86.52,Under,86.52,U02913,South,Low,Pending,614.93
P007508,Beauty,39.56,Nation,39.56,U00898,West,High,Completed,599.41
P001760,Sports,60.24,Along,60.24,U00702,North,Medium,Completed,176.98
P004788,Books,132.22,Development,132.22,U01963,West,High,Completed,171.68
P001755,Books,51.23,Race,51.23,U00484,South,Medium,Completed,424.35
P002310,Groceries,62.6,Teacher,62.6,U00696,East,Low,Completed,707.15
P004693,Books,73.3,Still,73.3,U02494,South,Low,Completed,841.54
P000960,Sports,23.72,Person,23.72,U00025,North,High,Completed,597.43
P005548,Books,176.86,Suffer,176.86,U02618,South,High,Completed,355.47
P007690,Electronics,121.51,Simply,121.51,U01023,East,Medium,Completed,730.02
P000526,Books,120.58,Both,120.58,U02478,North,Low,Completed,1703.5
P006277,Books,33.78,Concern,33.78,U00132,South,High,Completed,2551.94
P002240,Electronics,33.27,These,33.27,U02472,North,Medium,Completed,184.95
P002233,Books,97.09,Carry,97.09,U02975,West,Medium,Completed,570.36
P001128,Beauty,53.56,Difference,53.56,U01815,South,High,Refunded,661.53
P001648,Books,107.88,Lawyer,107.88,U00558,North,Medium,Completed,462.02
P006056,Books,220.82,Do,220.82,U00118,North,Medium,Pending,1271.35
P003212,Books,187.81,Month,187.81,,South,High,Completed,528.46
P002756,Books,110.79,Strong,110.79,,West,Medium,Completed,540.33
P003978,Clothing,79.24,Middle,79.24,U02340,North,Medium,Completed,745.36
P007435,Beauty,58.46,Bank,58.46,,East,Medium,Completed,691.81
P001149,Electronics,40.06,One,40.06,U02539,East,High,Completed,1113.23
P007797,Home & Kitchen,37.73,She,37.73,U01241,North,High,Cancelled,766.79
P006160,Groceries,74.29,Important,74.29,U02419,North,High,Completed,1132.26
P001225,Beauty,114.44,Card,114.44,U00595,South,Medium,Completed,646.05
P000952,Electronics,271.33,Manage,271.33,U00686,North,High,Completed,1364.75
P000083,Books,98.49,Drive,98.49,U00422,East,High,Cancelled,844.87
P000034,Beauty,13.56,List,13.56,U02173,North,High,Completed,794.76
P005967,Books,20.19,Keep,20.19,U00421,West,High,Completed,329.04
P006402,Electronics,116.42,Fish,116.42,U00886,North,High,Completed,639.22
P001196,Clothing,45.4,Direction,45.4,U01314,East,High,Completed,1373.32
P007057,Groceries,84.59,Speech,84.59,U00963,East,Medium,Pending,898.59
P003625,Groceries,45.76,Citizen,45.76,U00816,North,Low,Completed,1101.98
P000986,Books,78.23,Entire,78.23,U00128,West,High,Completed,934.7
P006153,Clothing,27.07,Reality,27.07,U02176,North,Medium,Completed,2035.79
P006866,Clothing,21.46,Religious,21.46,U02132,West,Low,Completed,736.96
P001880,Clothing,113.63,Real,113.63,U00443,North,Low,Completed,611.38
P006008,Books,81.8,Alone,81.8,U01494,South,Medium,Completed,1152.48
P002315,Beauty,37.1,Establish,37.1,U02539,South,Medium,Completed,1369.78
P001449,Groceries,59.26,Process,59.26,U00943,North,Medium,Completed,292.1
P003522,Home & Kitchen,94.52,Purpose,94.52,U00535,West,Low,Completed,508.9
P004669,Electronics,74.44,Happen,74.44,U01165,South,High,Completed,763.82
P007162,Books,114.43,I,114.43,U01717,East,High,Completed,875.15
P001745,Clothing,45.76,Set,45.76,U02482,West,Low,Pending,1417.32
P003367,Books,133.2,Eye,133.2,U00194,East,Medium,Completed,1062.06
P002292,Electronics,124.48,Do,124.48,U00268,South,High,Completed,1298.29
P002696,Groceries,50.72,Herself,50.72,U00348,North,Low,Completed,1505.12
P005384,Books,60.87,Themselves,60.87,U02841,North,High,Completed,2095.19
P005703,Clothing,16.27,Water,16.27,U01049,East,Low,Completed,463.9
P005663,Home & Kitchen,81.43,Compare,81.43,U02509,East,Medium,Completed,1159.15
P000863,Books,105.81,Event,105.81,U00039,East,Medium,Completed,353.46
P000348,Sports,95.4,Report,95.4,U01805,West,Medium,Pending,831.13
P000041,Home & Kitchen,34.57,Sure,34.57,U00496,South,Low,Completed,1919.9
P006285,Groceries,123.13,Behavior,123.13,U00386,South,Low,Completed,535.65
P007518,Home & Kitchen,132.74,Term,132.74,U00414,East,High,Completed,674.87
P001257,Books,14.91,Talk,14.91,U00211,West,Medium,Completed,540.22
P006617,Groceries,13.41,Together,13.41,U00245,North,Low,Completed,1087.88
P000949,Books,96.16,Shake,96.16,U01159,North,High,Pending,1044.84
P000553,Electronics,94.97,Another,94.97,U02678,North,Low,Completed,529.11
P001802,Sports,26.35,Require,26.35,U01853,East,Medium,Completed,1804.53
P000561,Sports,83.3,Site,83.3,U00985,West,High,Cancelled,1201.19
P006466,Books,55.25,Blood,55.25,U02394,East,Medium,Completed,673.94
P006588,Sports,83.93,Necessary,83.93,U00030,North,Medium,Completed,598.56
P006353,Home & Kitchen,44.03,After,44.03,U02463,East,Low,Refunded,1405.74
P001078,Beauty,106.5,Born,106.5,U01561,South,Low,Pending,623.33
P004356,Sports,74.34,Report,74.34,U02878,South,Low,Pending,448.23
P006714,Books,75.92,Challenge,75.92,U01336,West,Medium,Cancelled,1989.33
P002709,Books,50.65,Prove,50.65,U00343,North,High,Completed,228.76
P004307,Books,129.84,Run,129.84,U01759,West,Low,Completed,1604.9
P006185,Books,96.72,Though,96.72,U00843,East,Medium,Completed,1835.99
P005060,Home & Kitchen,59.97,For,59.97,U02019,East,Low,Completed,668.99
P003634,Home & Kitchen,118.16,Series,118.16,U00627,East,Medium,Cancelled,311.01
P000028,Electronics,76.81,Sense,76.81,U02787,North,High,Cancelled,1424.83
P006054,Electronics,86.66,Difficult,86.66,U01264,South,High,Completed,823.43
P005878,Electronics,51.97,Low,51.97,U00239,North,Low,Completed,980.34
P000897,Electronics,227.1,Involve,227.1,U02038,North,Low,Completed,1454.77
P007299,Home & Kitchen,46.62,Her,46.62,U02612,East,Medium,Cancelled,1157.92
P006893,Beauty,31.58,Sister,31.58,U00451,North,High,Completed,375.07
P003343,Books,31.01,Member,31.01,U00942,East,Low,Completed,1014.8
P004511,Books,107.5,Difficult,107.5,U01402,East,Medium,Completed,1440.12
P002209,Home & Kitchen,69.98,Region,69.98,U02255,East,High,Refunded,577.33
P007005,Clothing,100.42,Of,100.42,U00598,South,Medium,Completed,410.66
P000486,Books,144.94,Order,144.94,U01274,North,High,Cancelled,1013.73
P002640,Books,77.15,List,77.15,U01785,East,Medium,Completed,2550.04
P003974,Clothing,69.03,Condition,69.03,U01932,West,High,Completed,441.71
P002357,Sports,74.86,Movement,74.86,U00134,East,Medium,Completed,2296.58
P002739,Sports,40.89,Reveal,40.89,U02478,East,High,Cancelled,980.73
P002281,Electronics,124.86,Either,124.86,U02632,North,High,Pending,380.54
P003346,Home & Kitchen,55.07,Family,55.07,U02466,South,Medium,Completed,1229.82
P003355,Books,71.69,Despite,71.69,U00125,West,Low,Completed,975.37
P004062,Sports,103.97,Same,103.97,U00125,North,Medium,Completed,1363.2
P003323,Sports,46.09,Never,46.09,U01706,West,High,Completed,309.58
P006862,Beauty,210.46,Ago,210.46,U01189,East,Medium,Completed,1081.91
P000700,Home & Kitchen,99.77,Ability,99.77,U00283,West,Medium,Pending,1126.66
P007250,Groceries,155.48,Give,155.48,U02163,East,Medium,Completed,1060.76
P004868,Beauty,141.74,Across,141.74,U01717,North,Low,Completed,1635.31
P004719,Groceries,74.93,Social,74.93,U00845,West,High,Completed,733.98
P002006,Clothing,235.52,Seem,235.52,U00844,North,High,Refunded,814.47
P002791,Sports,36.53,Imagine,36.53,U01323,East,High,Completed,675.92
P005569,Sports,152.76,Recognize,152.76,U00370,West,High,Completed,1299.08
P005570,Groceries,92.28,Individual,92.28,U00601,West,Medium,Pending,506.24
P005037,Electronics,61.64,Protect,61.64,U01575,West,High,Completed,2646.68
P002114,Books,11.02,Only,11.02,U02879,West,Medium,Completed,1757.76
P006684,Sports,45.4,Speak,45.4,U02986,South,High,Completed,1100.27
P003787,Electronics,201.8,Full,201.8,U02252,South,High,Completed,271.23
P000288,Beauty,105.82,Rate,105.82,U00444,East,High,Completed,1781.85
P001477,Books,154.23,Down,154.23,U02289,North,High,Completed,476.18
P006867,Electronics,245.2,Arrive,245.2,U01605,South,Low,Completed,1204.3
P006899,Books,57.46,Option,57.46,U02455,South,Medium,Pending,2468.46
P003850,Electronics,107.38,Give,107.38,U01537,North,High,Completed,290.17
P007093,Sports,46.1,Them,46.1,U00036,North,Medium,Completed,2036.66
P002511,Electronics,32.48,Great,32.48,U01229,West,Medium,Refunded,644.91
P007223,Beauty,45.02,They,45.02,U02839,North,High,Completed,221.72
P003132,Clothing,166.59,Customer,166.59,U00008,North,Low,Completed,543.4
P000862,Home & Kitchen,143.64,Listen,143.64,U02875,South,Low,Completed,318.17
P003034,Home & Kitchen,39.06,Year,39.06,U02717,North,High,Cancelled,721.97
P001075,Beauty,85.02,Kitchen,85.02,U01525,East,Medium,Completed,261.07
P002112,Sports,30.57,Hard,30.57,U01965,East,High,Pending,776.14
P002934,Sports,90.52,Seek,90.52,U01980,East,High,Completed,700.82
P004012,Beauty,49.98,Reflect,49.98,U00384,North,Low,Completed,307.38
P007323,Groceries,320.04,Bag,320.04,U00105,East,Medium,Cancelled,761.47
P002297,Sports,215.36,Mrs,215.36,,East,Medium,Pending,2007.26
P007622,Electronics,27.57,Center,27.57,U02733,South,High,Completed,1287.19
P004253,Clothing,79.06,Reveal,79.06,U01206,South,Medium,Completed,1904.0
P005266,Clothing,146.32,Recognize,146.32,U01715,East,Low,Pending,192.28
P007552,Clothing,80.86,Drug,80.86,U00697,South,Medium,Cancelled,1626.75
P005475,Electronics,160.14,Early,160.14,U00121,North,High,Pending,1245.83
P002558,Sports,32.18,Main,32.18,U01351,North,Low,Completed,1474.87
P004799,Beauty,14.83,Together,14.83,U02117,East,High,Pending,337.21
P007721,Groceries,18.8,Than,18.8,U01884,West,High,Cancelled,708.84
P004733,Electronics,27.45,Seek,27.45,U00194,North,Low,Completed,465.29
P000919,Books,247.83,According,247.83,U01191,East,High,Completed,396.48
P003094,Sports,80.47,Serious,80.47,U01450,West,Low,Cancelled,876.67
P004724,Electronics,43.18,Factor,43.18,U00129,South,Medium,Completed,2041.14
P004698,Home & Kitchen,291.81,Artist,291.81,U02577,East,High,Completed,567.63
P001348,Beauty,48.18,Outside,48.18,,West,High,Completed,3754.51
P005993,Books,65.82,Central,65.82,U00475,North,High,Completed,1054.8
P005895,Beauty,31.05,Pass,31.05,U02955,North,Low,Completed,879.1
P002815,Electronics,131.73,Base,131.73,U01421,West,High,Pending,565.61
P005165,Clothing,91.67,Week,91.67,U01534,East,Low,Completed,119.06
P002627,Electronics,61.83,Child,61.83,U01484,West,High,Completed,618.36
P001797,Groceries,134.38,Bag,134.38,U01243,East,Medium,Completed,1204.12
P001028,Home & Kitchen,73.72,Star,73.72,U02313,East,High,Completed,962.51
P004520,Sports,180.72,Blue,180.72,U02321,West,Medium,Completed,552.93
P006338,Clothing,35.24,View,35.24,U01508,West,High,Completed,609.45
P001658,Groceries,102.21,Continue,102.21,U00697,North,Low,Completed,1570.65
P001035,Books,23.47,Woman,23.47,U00022,North,Low,Completed,496.51
P004554,Books,23.4,Why,23.4,U01059,East,High,Completed,343.67
P001700,Beauty,54.25,If,54.25,U02680,South,Low,Completed,2260.54
P000039,Home & Kitchen,32.48,According,32.48,U00868,South,High,Completed,552.4
P007679,Beauty,102.09,Hospital,102.09,U02792,North,High,Completed,1408.88
P007367,Electronics,36.7,Edge,36.7,U00459,South,High,Completed,580.5
P006150,Groceries,23.06,Challenge,23.06,U02954,South,Low,Cancelled,811.28
P002480,Sports,64.0,Religious,64.0,U01187,South,Medium,Completed,205.25
P005641,Electronics,37.78,Purpose,37.78,U02889,East,High,Completed,611.73
P005816,Sports,105.97,Kid,105.97,U02440,East,Low,Completed,1089.99
P001038,Home & Kitchen,81.31,Research,81.31,U02515,East,High,Refunded,544.75
P003188,Books,72.79,Little,72.79,U01318,East,Low,Completed,563.81
P002286,Home & Kitchen,122.6,Bar,122.6,U02536,North,Low,Completed,78.13
P006174,Home & Kitchen,21.05,Pull,21.05,,North,Low,Completed,1572.05
P002908,Beauty,51.49,Decision,51.49,U00867,East,Low,Completed,1169.08
P002597,Groceries,51.98,Leave,51.98,U01383,West,Low,Completed,790.47
P006953,Clothing,48.4,Consumer,48.4,U00510,West,High,Completed,731.99
P006596,Home & Kitchen,111.22,Energy,111.22,U01495,South,Medium,Pending,1130.39
P006449,Books,224.32,Able,224.32,U01561,West,Low,Completed,349.23
P004257,Books,56.55,Exist,56.55,U02706,West,High,Completed,679.38
P000076,Beauty,131.19,High,131.19,U00209,North,High,Completed,2511.22
P007715,Home & Kitchen,168.25,College,168.25,U01791,South,High,Completed,820.79
P003898,Sports,247.85,Pm,247.85,,South,High,Cancelled,317.71
P000833,Books,90.46,Thus,90.46,U00145,South,Medium,Pending,731.13
P003325,Beauty,91.22,Former,91.22,U01069,South,Low,Completed,647.62
P003891,Books,69.37,Buy,69.37,U01500,North,Medium,Completed,362.73
P000385,Groceries,94.02,With,94.02,U01832,North,High,Cancelled,800.47
P000443,Beauty,102.02,Author,102.02,,West,High,Completed,254.58
P003215,Beauty,23.98,American,23.98,U02509,North,High,Completed,2491.99
P002780,Clothing,183.61,Glass,183.61,U01143,South,High,Completed,116.08
P006850,Groceries,53.13,Small,53.13,U02013,North,Low,Completed,1305.01
P005084,Books,37.0,So,37.0,U02843,North,Medium,Completed,908.87
P007543,Home & Kitchen,127.94,Computer,127.94,U00934,East,High,Completed,2274.99
P006278,Home & Kitchen,30.61,Part,30.61,U02606,South,Medium,Completed,1304.53
P003630,Home & Kitchen,36.23,Letter,36.23,U02268,East,Low,Completed,477.4
P004781,Electronics,114.64,At,114.64,U01169,West,Low,Completed,301.32
P007280,Sports,88.42,Form,88.42,U02878,East,Low,Completed,440.07
P005794,Home & Kitchen,108.43,Organization,108.43,U02952,North,High,Completed,895.24
P001516,Books,56.18,Join,56.18,,West,Low,Pending,874.44
P006064,Beauty,11.39,Must,11.39,U01331,South,Low,Completed,493.04
P006989,Sports,190.02,Page,190.02,U00612,West,Medium,Cancelled,1483.93
P000038,Sports,173.51,True,173.51,U00677,East,High,Cancelled,291.13
P004717,Sports,104.39,Beyond,104.39,U00793,East,Low,Completed,748.74
P007740,Home & Kitchen,65.1,Reality,65.1,U02899,North,Medium,Completed,1276.56
P002436,Clothing,90.56,Federal,90.56,U02419,East,Medium,Completed,627.71
P007231,Groceries,83.74,Together,83.74,U01215,South,High,Completed,808.3
P005565,Groceries,22.37,Baby,22.37,U02115,South,Low,Cancelled,1009.19
P002438,Groceries,70.68,Shake,70.68,U01580,West,High,Completed,1800.53
P007211,Beauty,193.34,Guy,193.34,U02813,West,Medium,Completed,2297.62
P001545,Electronics,54.14,Fund,54.14,U00486,South,Low,Cancelled,513.57
P007668,Home & Kitchen,34.62,Fact,34.62,U00069,East,High,Refunded,1041.56
P002744,Groceries,33.34,Court,33.34,U01240,North,Low,Completed,1028.67
P005215,Electronics,59.8,Half,59.8,U01137,West,Low,Completed,370.47
P005450,Groceries,139.57,Memory,139.57,U01591,North,High,Completed,995.88
P003383,Home & Kitchen,244.24,Field,244.24,U00898,East,High,Completed,590.7
P003205,Sports,81.38,History,81.38,U01489,West,High,Cancelled,705.38
P004523,Beauty,91.65,Not,91.65,U00760,South,Medium,Completed,1240.76
P005101,Sports,100.09,Seem,100.09,U01524,North,Medium,Completed,1569.17
P005469,Groceries,130.78,Table,130.78,U02027,North,High,Completed,515.49
P007591,Books,111.33,Writer,111.33,U00288,North,Low,Pending,1037.81
P003230,Home & Kitchen,49.03,Position,49.03,U00613,North,High,Completed,1116.77
P003226,Clothing,106.7,Myself,106.7,U00082,East,Medium,Completed,232.06
P004426,Beauty,42.66,Like,42.66,U02914,North,High,Completed,2035.17
P005801,Books,184.21,Bed,184.21,U00354,West,Low,Completed,417.87
P001672,Clothing,186.29,Pull,186.29,U02292,North,High,Completed,1762.11
P002840,Sports,48.16,Art,48.16,U00388,South,High,Completed,552.2
P005051,Electronics,38.58,Election,38.58,U01509,North,Medium,Completed,347.87
P001595,Electronics,48.31,Evidence,48.31,U02709,South,Low,Completed,1338.29
P006839,Sports,84.49,Sort,84.49,U00141,North,Medium,Refunded,673.67
P000479,Clothing,81.38,Woman,81.38,U00719,West,Medium,Completed,1184.59
P004094,Books,64.98,Beyond,64.98,U00572,North,Low,Completed,441.77
P002822,Beauty,71.98,Series,71.98,U01969,North,Medium,Refunded,1114.2
P005327,Sports,150.8,Energy,150.8,U01956,West,High,Completed,746.6
P001198,Beauty,99.2,Member,99.2,U01812,South,Medium,Completed,522.0
P004596,Books,56.81,Argue,56.81,U02836,North,High,Cancelled,796.95
P005551,Groceries,147.29,Game,147.29,U00603,North,Low,Refunded,712.93
P006144,Electronics,40.83,Take,40.83,U00712,West,Low,Completed,628.63
P001391,Books,26.08,Many,26.08,U02654,South,Low,Completed,1684.32
P004783,Groceries,19.13,Nor,19.13,U01674,East,High,Completed,1236.37
P001911,Electronics,87.65,Look,87.65,U02579,East,Low,Cancelled,446.09
P002694,Clothing,57.25,Bed,57.25,U02587,South,Low,Completed,1955.35
P001859,Home & Kitchen,59.6,Business,59.6,U00009,West,High,Completed,353.11
P000341,Clothing,97.1,Health,97.1,U00635,North,Medium,Cancelled,929.64
P005201,Books,30.08,Deal,30.08,U01713,North,Medium,Refunded,1204.01
P005614,Beauty,50.83,Alone,50.83,U02187,North,High,Completed,1126.18
P001306,Groceries,116.39,Phone,116.39,U00612,South,Medium,Completed,867.4
P005147,Clothing,162.21,Sit,162.21,U02034,West,Low,Completed,559.88
P004030,Groceries,109.15,Few,109.15,U00722,North,Low,Completed,1617.73
P006080,Clothing,131.22,Entire,131.22,U02142,West,High,Pending,744.42
P001463,Home & Kitchen,95.53,Campaign,95.53,U00182,North,Medium,Pending,537.34
P004052,Beauty,77.04,Health,77.04,U01263,North,Medium,Completed,1227.03
P006691,Home & Kitchen,39.6,Sense,39.6,U00286,North,Low,Refunded,748.7
P000310,Groceries,19.26,Drop,19.26,U00704,West,High,Cancelled,608.47
P005466,Books,87.58,Start,87.58,U00747,North,High,Completed,2130.07
P004809,Beauty,63.58,Produce,63.58,U00655,West,High,Completed,905.41
P001407,Books,78.94,Goal,78.94,,East,High,Cancelled,1415.4
P005183,Sports,58.08,On,58.08,U00752,East,High,Pending,1687.12
P007008,Books,43.75,Best,43.75,U01866,South,High,Pending,1049.62
P000082,Beauty,21.61,Recently,21.61,U00164,East,Low,Completed,406.74
P003161,Clothing,175.54,Many,175.54,U02702,East,Low,Refunded,1585.83
P006869,Books,55.0,Example,55.0,U00244,North,Low,Completed,977.18
P001857,Beauty,137.55,Fly,137.55,U00934,East,Low,Cancelled,1550.02
P002659,Groceries,68.21,Economy,68.21,U00324,South,High,Completed,289.96
P003463,Home & Kitchen,67.45,Control,67.45,U01585,East,Low,Completed,1117.62
P005557,Electronics,68.67,Whose,68.67,U02689,East,Low,Completed,276.21
P001875,Electronics,11.14,Situation,11.14,U00418,North,High,Completed,1042.0
P002448,Home & Kitchen,57.31,Record,57.31,U00724,East,High,Completed,674.89
P001120,Sports,52.45,Hundred,52.45,U00091,South,Low,Completed,755.84
P006661,Sports,86.02,Benefit,86.02,U01061,North,High,Completed,453.67
P002396,Beauty,79.55,Board,79.55,U02407,East,Low,Pending,1102.93
P007120,Clothing,90.58,Term,90.58,U01007,East,Medium,Completed,1107.15
P003653,Electronics,76.55,Surface,76.55,U01761,South,High,Completed,659.91
P006102,Beauty,148.91,Price,148.91,U00937,East,High,Completed,1649.69
P005221,Groceries,128.08,Government,128.08,U01415,West,Medium,Pending,1328.08
P006507,Sports,61.77,Unit,61.77,U01652,West,High,Completed,1277.65
P001657,Home & Kitchen,88.77,Conference,88.77,U02460,East,Low,Completed,401.53
P001892,Beauty,97.22,Life,97.22,U02370,East,High,Completed,483.59
P001286,Books,69.9,Sister,69.9,U01963,West,Low,Completed,687.33
P006139,Beauty,58.41,We,58.41,U01712,South,Medium,Completed,496.81
P004727,Sports,137.9,Card,137.9,,East,High,Completed,763.04
P005729,Clothing,11.19,Wish,11.19,U02626,West,High,Completed,102.68
P006193,Sports,72.39,Career,72.39,U00693,East,Low,Completed,502.0
P006794,Electronics,140.35,Information,140.35,U01774,West,Medium,Pending,1355.08
P007794,Electronics,198.2,Believe,198.2,U01975,North,Medium,Completed,739.17
P001452,Clothing,70.98,Approach,70.98,U00886,West,Low,Completed,1313.63
P006884,Electronics,116.08,Number,116.08,U02907,North,Low,Completed,661.44
P003128,Clothing,58.53,World,58.53,U01068,West,Low,Completed,1733.11
P003649,Books,93.17,Article,93.17,U02331,North,High,Pending,1169.76
P000899,Sports,132.78,Occur,132.78,U02612,East,High,Completed,232.61
P006712,Electronics,74.33,Community,74.33,U00937,South,Low,Completed,1049.65
P007126,Home & Kitchen,34.41,Little,34.41,U01605,North,Low,Completed,280.31
P002089,Books,92.22,Tv,92.22,U02351,West,High,Pending,222.34
P000350,Beauty,23.0,Race,23.0,U02477,South,Medium,Completed,465.07
P001291,Clothing,199.94,Process,199.94,U01149,North,Medium,Refunded,1196.48
P004996,Beauty,61.6,Baby,61.6,U01460,South,Medium,Completed,1312.27
P006919,Home & Kitchen,15.65,Arm,15.65,U00070,South,Low,Completed,1718.12
P002583,Beauty,174.57,Throughout,174.57,U01859,North,Low,Completed,1536.71
P003760,Clothing,106.3,Anything,106.3,U02757,North,Low,Completed,1071.63
P007394,Beauty,20.99,At,20.99,,South,Medium,Completed,580.7
P002325,Electronics,15.53,Spring,15.53,U01300,East,High,Completed,565.55
P002995,Electronics,113.93,Lead,113.93,U02004,East,High,Refunded,1167.83
P005339,Clothing,157.17,Top,157.17,U02116,West,Medium,Completed,920.41
P002031,Clothing,175.11,Law,175.11,U01071,West,High,Completed,577.64
P005408,Beauty,85.48,Culture,85.48,U02361,West,Low,Completed,1012.99
P004388,Beauty,85.98,Task,85.98,U00937,South,High,Refunded,818.06
P007883,Groceries,87.17,Word,87.17,U01163,North,Low,Completed,1145.36
P000441,Sports,58.62,Authority,58.62,U00573,East,High,Completed,119.57
P007675,Beauty,36.35,Step,36.35,U00807,West,Medium,Completed,550.58
P006053,Sports,54.69,State,54.69,U01189,South,Low,Completed,617.0
P005615,Books,76.71,Court,76.71,U01794,West,High,Completed,459.56
P000733,Clothing,114.59,Find,114.59,U01127,East,Medium,Cancelled,971.62
P005351,Home & Kitchen,19.18,Campaign,19.18,U02522,West,Medium,Completed,561.59
P003131,Electronics,74.46,Form,74.46,U02282,North,High,Completed,1180.13
P005454,Clothing,8.92,Morning,8.92,U02843,West,Medium,Pending,848.27
P006990,Clothing,33.13,Oil,33.13,U01559,South,Medium,Completed,388.55
P002924,Groceries,42.35,Hand,42.35,U00375,South,High,Pending,1017.58
P002777,Groceries,30.05,Anyone,30.05,U01886,North,High,Refunded,2215.09
P000196,Groceries,161.25,Building,161.25,U01325,North,Medium,Cancelled,1244.2
P002557,Groceries,213.1,Let,213.1,U00822,East,Low,Completed,606.0
P002642,Sports,46.69,Accept,46.69,U02430,East,High,Completed,1036.73
P000120,Electronics,51.02,Rise,51.02,U00567,South,Low,Completed,1176.6
P002169,Home & Kitchen,122.87,Hope,122.87,U01346,East,Medium,Completed,1898.24
P007276,Beauty,53.58,Four,53.58,U01886,North,High,Pending,783.87
P002467,Sports,64.44,Get,64.44,U01055,West,Medium,Completed,1001.76
P005297,Electronics,115.67,Former,115.67,U02173,South,Low,Completed,1128.89
P007593,Clothing,137.32,Resource,137.32,U00888,East,Low,Cancelled,344.67
P001130,Clothing,164.88,Subject,164.88,U01937,West,High,Refunded,698.54
P007928,Beauty,47.85,Number,47.85,U02803,South,Medium,Completed,1270.53
P006209,Groceries,94.21,Hear,94.21,U01387,West,Low,Completed,1290.61
P004741,Electronics,72.27,Might,72.27,,South,Medium,Completed,307.58
P006833,Home & Kitchen,12.55,Occur,12.55,U02689,North,Medium,Refunded,715.44
P000634,Electronics,91.28,Store,91.28,U01799,North,Low,Completed,584.0
P007757,Clothing,67.03,Word,67.03,U02498,North,Medium,Completed,604.39
P000649,Groceries,97.04,Tend,97.04,U01384,South,High,Cancelled,1284.58
P004639,Home & Kitchen,117.28,Much,117.28,U00956,East,Low,Completed,841.81
P002829,Sports,53.47,And,53.47,U01845,East,Medium,Completed,480.1
P003177,Beauty,19.01,Institution,19.01,U02842,North,Low,Completed,1926.7
P007708,Beauty,180.3,Suddenly,180.3,U02521,West,Low,Completed,1126.83
P003826,Beauty,65.12,Somebody,65.12,U00914,East,Low,Pending,607.25
P005711,Clothing,26.13,Allow,26.13,,East,Low,Completed,228.65
P000841,Sports,53.55,Operation,53.55,U00491,West,High,Completed,910.73
P000999,Groceries,60.6,Reach,60.6,U02408,North,High,Completed,2430.42
P005907,Sports,47.91,North,47.91,U02699,West,Medium,Completed,701.61
P004231,Sports,28.7,Once,28.7,,South,Low,Completed,208.65
P003257,Home & Kitchen,78.22,Foot,78.22,U01180,North,Medium,Completed,1054.11
P001593,Groceries,69.36,Manager,69.36,U02392,North,High,Completed,333.94
P000147,Books,131.84,Individual,131.84,U01884,South,Medium,Completed,291.92
P005853,Books,198.16,Bar,198.16,U00577,East,Low,Completed,1267.92
P004427,Books,73.27,House,73.27,U01558,East,Low,Completed,2934.01
P001044,Home & Kitchen,164.18,Decide,164.18,U01661,South,High,Completed,1204.91
P003964,Books,16.11,Middle,16.11,U00910,West,Medium,Cancelled,1560.32
P007830,Electronics,55.77,Note,55.77,U01751,East,Low,Completed,943.83
P002956,Groceries,20.76,Manage,20.76,U02961,West,High,Completed,134.46
P000758,Beauty,232.06,Policy,232.06,U00719,West,Medium,Pending,576.48
P000804,Groceries,101.51,Day,101.51,U01526,North,Medium,Pending,5162.55
P001188,Home & Kitchen,155.4,Four,155.4,U01826,North,Low,Completed,262.29
P000048,Home & Kitchen,87.97,Dinner,87.97,U01452,West,Medium,Completed,496.63
P004531,Groceries,72.72,Religious,72.72,U00097,East,Medium,Pending,261.17
P002465,Clothing,69.18,Question,69.18,U00601,North,Low,Completed,404.56
P002184,Electronics,98.85,Appear,98.85,U02804,South,Low,Completed,1703.76
P004737,Beauty,41.67,Sort,41.67,U02316,South,Medium,Refunded,258.99
P001247,Home & Kitchen,111.73,Attention,111.73,U00371,North,Low,Pending,773.07
P002282,Sports,20.79,Least,20.79,U00657,North,Medium,Pending,1494.26
P004859,Clothing,85.56,Me,85.56,U00088,West,High,Refunded,1918.94
P004972,Electronics,87.21,Effect,87.21,U02964,South,Low,Refunded,695.04
P001011,Beauty,29.1,Material,29.1,U01162,North,Low,Completed,1287.39
P005640,Groceries,28.42,Religious,28.42,U01121,West,Medium,Completed,394.69
P000428,Home & Kitchen,28.38,Apply,28.38,U02109,West,Medium,Cancelled,712.87
P000545,Books,93.1,Whatever,93.1,U02732,West,High,Completed,793.36
P004194,Groceries,63.06,Sell,63.06,U01483,East,Low,Completed,492.57
P005811,Sports,108.16,Ask,108.16,U02950,North,Low,Completed,2900.91
P004224,Books,18.25,One,18.25,U00564,East,Medium,Completed,844.69
P000701,Groceries,65.4,Nature,65.4,U01341,North,High,Completed,990.1
P002154,Books,106.13,Institution,106.13,U00326,North,High,Completed,720.27
P006806,Electronics,85.08,Music,85.08,U01328,North,Medium,Completed,574.04
P004801,Clothing,13.8,Story,13.8,U02299,East,Medium,Completed,852.06
P005863,Clothing,62.59,Front,62.59,U00339,East,High,Completed,1213.89
P000357,Electronics,95.73,Training,95.73,U02928,East,Low,Completed,1133.88
P001298,Electronics,133.85,Consumer,133.85,U01977,South,Low,Completed,1113.46
P006091,Home & Kitchen,114.16,However,114.16,U00569,East,High,Pending,583.95
P007127,Sports,145.41,Professor,145.41,U01022,North,High,Completed,536.68
P005754,Books,80.14,Plan,80.14,U02256,South,Low,Completed,847.4
P004625,Clothing,73.07,Alone,73.07,U00583,West,Medium,Pending,1236.81
P002730,Clothing,92.65,Another,92.65,U02843,North,High,Completed,1426.25
P004672,Sports,124.57,Begin,124.57,U01829,South,Medium,Completed,223.75
P005534,Beauty,142.8,Again,142.8,U01304,West,Low,Pending,218.04
P004526,Groceries,79.93,Gas,79.93,U00972,South,High,Completed,505.06
P005623,Home & Kitchen,91.27,Others,91.27,U01500,West,High,Cancelled,270.89
P002368,Books,18.14,Quite,18.14,U00712,West,Medium,Completed,1181.23
P003120,Electronics,93.31,Power,93.31,U02917,East,High,Completed,1222.73
P002215,Sports,15.05,Around,15.05,U01574,West,Medium,Completed,416.43
P007868,Home & Kitchen,85.02,North,85.02,U02163,North,Medium,Cancelled,157.38
P004295,Groceries,73.2,Good,73.2,U02302,East,High,Completed,661.09
P003851,Electronics,95.58,Radio,95.58,U01201,North,High,Completed,626.54
P001841,Groceries,104.49,Do,104.49,U00066,South,High,Cancelled,420.92
P006156,Electronics,199.68,Event,199.68,U02784,South,High,Completed,1635.67
P006350,Sports,19.55,Why,19.55,U00213,West,Low,Completed,1430.07
P007606,Home & Kitchen,29.49,Suffer,29.49,U00032,North,High,Completed,317.69
P002471,Beauty,133.98,Scientist,133.98,U00903,South,Medium,Completed,664.09
P002202,Books,34.28,Bring,34.28,U00056,South,Medium,Completed,577.14
P001913,Home & Kitchen,151.6,Recognize,151.6,U02718,North,Low,Completed,1502.98
P001926,Books,147.56,Describe,147.56,U00321,East,Low,Completed,934.3
P002539,Books,16.7,Soldier,16.7,U01842,West,Low,Refunded,1490.11
P002495,Books,62.17,Certain,62.17,U01284,East,Medium,Completed,1370.53
P006260,Electronics,101.32,Senior,101.32,U00994,West,High,Completed,593.5
P000710,Clothing,22.83,Religious,22.83,U02129,West,High,Cancelled,553.0
P007748,Home & Kitchen,108.99,Ten,108.99,U01638,West,Medium,Completed,1538.41
P007441,Clothing,154.51,Name,154.51,U01110,East,Medium,Completed,635.65
P001594,Electronics,62.06,Station,62.06,U01754,East,Medium,Completed,388.14
P007202,Books,35.09,Officer,35.09,U02838,East,High,Completed,1455.89
P000792,Sports,29.54,Any,29.54,U02341,South,Low,Refunded,536.3
P003521,Home & Kitchen,6.49,Total,6.49,U02920,West,Medium,Cancelled,764.32
P004977,Electronics,14.33,News,14.33,U01252,South,Low,Refunded,726.01
P007028,Groceries,42.36,Building,42.36,U00272,South,High,Pending,1104.4
P004309,Sports,13.18,Measure,13.18,U00800,East,Low,Completed,639.82
P002577,Groceries,34.11,Two,34.11,U02259,East,High,Completed,849.01
P001957,Home & Kitchen,34.05,Administration,34.05,U00263,West,High,Pending,1251.35
P007421,Books,224.69,Site,224.69,U00564,South,Medium,Pending,767.9
P004408,Home & Kitchen,37.79,Instead,37.79,U00665,South,High,Completed,408.81
P006373,Home & Kitchen,110.01,Especially,110.01,U02284,West,Medium,Completed,868.74
P000834,Clothing,13.71,Campaign,13.71,U02812,West,High,Completed,445.83
P006279,Beauty,118.09,South,118.09,U00381,West,Medium,Completed,681.1
P004839,Sports,73.73,Hot,73.73,U00983,West,Medium,Completed,383.01
P003923,Groceries,78.36,Manager,78.36,U02960,West,Low,Cancelled,1069.98
P005493,Home & Kitchen,48.07,Subject,48.07,U02645,South,Low,Completed,1142.58
P002220,Clothing,61.75,Development,61.75,U00187,South,Medium,Completed,717.79
P005904,Electronics,178.02,Stock,178.02,U01003,West,Medium,Pending,720.17
P006422,Sports,30.36,Build,30.36,U00729,South,High,Completed,372.57
P000135,Electronics,233.3,Executive,233.3,U02670,North,Low,Refunded,826.65
P004035,Beauty,41.9,Represent,41.9,U00271,North,Low,Completed,1145.84
P007188,Electronics,91.81,Raise,91.81,U01504,South,Low,Completed,435.75
P000440,Groceries,92.49,Cultural,92.49,U01941,West,Low,Completed,1866.58
P004642,Home & Kitchen,112.67,Build,112.67,U01431,North,Low,Pending,870.68
P000035,Electronics,74.83,Perform,74.83,U00459,East,Medium,Completed,2916.87
P005232,Groceries,84.2,Next,84.2,U02753,West,Low,Completed,1739.85
P004965,Sports,45.59,Step,45.59,U02873,East,Low,Completed,222.35
P005460,Sports,235.39,From,235.39,U01659,East,Medium,Completed,1273.48
P000503,Home & Kitchen,76.02,Left,76.02,U01838,West,Medium,Completed,278.01
P001568,Groceries,69.4,Reach,69.4,U00735,North,High,Completed,780.46
P007537,Beauty,72.56,Speak,72.56,U02328,West,Low,Completed,703.41
P003130,Electronics,117.24,Set,117.24,U02146,East,Low,Cancelled,1802.54
P007386,Clothing,105.32,Member,105.32,U00748,South,Medium,Completed,551.02
P006089,Electronics,20.07,Land,20.07,U00056,West,High,Completed,945.97
P005706,Clothing,37.05,Phone,37.05,U00997,East,Medium,Pending,1332.62
P004111,Books,48.97,Return,48.97,U02419,East,Low,Completed,1180.69
P000339,Sports,32.71,Reason,32.71,U01483,North,Medium,Completed,698.39
P002565,Electronics,39.62,Kid,39.62,U02264,West,Low,Completed,498.21
P003382,Beauty,61.14,And,61.14,U01530,West,High,Completed,955.05
P006727,Groceries,120.92,Together,120.92,U01219,East,Medium,Completed,381.95
P002230,Home & Kitchen,67.49,Skin,67.49,U02679,East,High,Completed,1557.21
P002508,Electronics,156.28,New,156.28,U00276,North,Low,Completed,891.31
P000548,Books,142.42,Best,142.42,U02761,West,Low,Completed,929.26
P000483,Books,67.1,Act,67.1,U02347,North,Medium,Completed,1235.7
P007432,Beauty,65.16,Ready,65.16,U01941,West,Low,Completed,1376.48
P001609,Beauty,60.45,Free,60.45,U00315,East,High,Pending,1530.51
P004316,Beauty,37.16,Run,37.16,U01330,North,Low,Completed,984.34
P005621,Clothing,57.4,Do,57.4,U02512,East,Medium,Completed,359.54
P006094,Groceries,110.38,Machine,110.38,U02027,North,High,Pending,520.98
P004975,Electronics,106.28,Phone,106.28,U02039,West,Medium,Pending,1243.46
P004589,Sports,110.13,Fight,110.13,U02497,East,Medium,Completed,853.23
P003668,Clothing,96.75,School,96.75,U02728,South,Medium,Completed,1089.09
P002207,Electronics,41.4,Message,41.4,U00307,East,Medium,Pending,2611.6
P002991,Books,137.37,People,137.37,U00855,West,Low,Completed,565.21
P003865,Electronics,56.73,Report,56.73,U01902,North,Low,Cancelled,784.8
P006579,Sports,54.2,Six,54.2,U01772,South,High,Completed,622.19
P007459,Sports,96.8,Ball,96.8,U00533,North,High,Cancelled,1111.72
P003137,Beauty,71.24,Manage,71.24,U01824,North,High,Completed,1430.35
P001710,Books,57.1,Scene,57.1,U01231,South,High,Completed,777.29
P000395,Sports,81.67,Institution,81.67,U01586,North,Medium,Pending,304.5
P005966,Sports,32.59,Shoulder,32.59,U00153,South,Medium,Pending,820.33
P004226,Groceries,215.94,Involve,215.94,U00542,South,High,Completed,419.96
P003899,Home & Kitchen,178.94,Score,178.94,U02946,East,High,Refunded,249.11
P004081,Books,117.33,Public,117.33,U02898,East,High,Completed,550.88
P000582,Groceries,47.09,Law,47.09,U00028,West,Medium,Cancelled,337.27
P007041,Beauty,92.4,Value,92.4,U01747,West,High,Completed,323.58
P000113,Beauty,48.04,Election,48.04,U00498,West,Low,Pending,998.38
P000315,Beauty,117.11,Give,117.11,U01432,East,High,Refunded,767.5
P000707,Books,135.82,Yard,135.82,U01542,East,Low,Completed,1386.75
P007528,Electronics,81.08,Conference,81.08,,West,High,Cancelled,513.23
P007964,Books,229.63,Traditional,229.63,U02305,West,Medium,Completed,1982.88
P007796,Clothing,73.13,Feel,73.13,,North,Low,Completed,1270.52
P006954,Electronics,150.49,Simple,150.49,U01764,North,Medium,Completed,650.91
P003399,Electronics,100.26,Or,100.26,U01946,East,High,Completed,1078.34
P005683,Home & Kitchen,108.41,Live,108.41,U00700,North,Low,Completed,1660.67
P007888,Sports,28.04,Discover,28.04,U01272,West,Medium,Cancelled,899.06
P007205,Home & Kitchen,60.07,Focus,60.07,U02717,East,High,Completed,1145.64
P006061,Clothing,125.81,Exist,125.81,U02426,South,Low,Completed,466.05
P002053,Beauty,21.88,Inside,21.88,U01089,West,Medium,Pending,598.91
P006172,Sports,41.56,Rich,41.56,U01009,West,High,Cancelled,1084.58
P002453,Home & Kitchen,103.01,Reality,103.01,U01606,West,Low,Completed,364.38
P000400,Sports,59.53,Able,59.53,U01190,East,Low,Completed,1068.28
P007374,Home & Kitchen,35.68,My,35.68,U00856,North,Medium,Completed,398.64
P001937,Books,71.4,Get,71.4,U01711,South,Medium,Completed,1032.88
P001719,Sports,78.38,Treatment,78.38,U01063,North,Medium,Completed,588.36
P004540,Books,106.14,Including,106.14,,West,Low,Completed,1243.37
P007547,Electronics,85.68,Win,85.68,U02104,West,Low,Completed,1237.06
P003088,Beauty,101.4,Democrat,101.4,U02898,West,Medium,Completed,1537.56
P004495,Books,64.3,Cultural,64.3,U02319,South,High,Pending,1775.28
P006848,Electronics,103.33,Key,103.33,U01781,West,High,Completed,1797.29
P003563,Electronics,23.99,Into,23.99,U00677,East,Medium,Completed,1714.19
P000112,Clothing,38.03,Shoulder,38.03,U00721,West,Low,Completed,156.03
P002253,Clothing,64.61,Bank,64.61,U00417,East,Medium,Completed,1356.43
P005129,Electronics,50.22,Town,50.22,U00695,North,High,Completed,985.73
P003044,Books,45.68,Thousand,45.68,U00679,South,High,Completed,716.22
P007942,Home & Kitchen,80.03,Military,80.03,U00563,South,Low,Completed,854.55
P007620,Electronics,124.41,Billion,124.41,U00689,North,Low,Completed,2136.67
P004949,Sports,51.8,Agreement,51.8,U00580,East,Low,Refunded,502.93
P007565,Beauty,53.91,The,53.91,U02011,South,High,Completed,1165.4
P007709,Beauty,62.52,Oil,62.52,U00188,South,High,Completed,687.34
P004612,Sports,210.27,Just,210.27,U00263,South,Low,Completed,2613.31
P004472,Electronics,119.22,Time,119.22,,North,Low,Completed,355.22
P007226,Home & Kitchen,136.91,Building,136.91,U00483,South,Low,Pending,1684.37
P004880,Groceries,115.25,Identify,115.25,U02353,West,Low,Completed,495.5
P004641,Groceries,112.41,Page,112.41,U02324,South,Low,Completed,667.4
P007255,Groceries,38.68,Easy,38.68,U02513,East,High,Completed,1116.84
P004190,Books,126.41,Present,126.41,,West,High,Completed,912.75
P004650,Books,133.47,Something,133.47,U01062,North,High,Completed,1000.37
P007634,Beauty,24.14,Issue,24.14,U01668,North,High,Completed,1346.95
P003285,Groceries,88.46,Husband,88.46,U00580,South,High,Refunded,582.15
P006433,Electronics,102.21,Defense,102.21,U00258,East,Low,Completed,822.89
P003032,Books,61.31,Concern,61.31,U01145,East,Medium,Refunded,779.9
P001271,Home & Kitchen,50.64,Stand,50.64,U00552,North,High,Cancelled,376.96
P006117,Clothing,52.61,Fire,52.61,U02418,East,Medium,Completed,310.78
P001439,Clothing,14.55,Occur,14.55,U00482,North,High,Completed,608.24
P007698,Clothing,102.26,Likely,102.26,U00421,East,High,Completed,765.76
P007548,Clothing,71.92,Long,71.92,U00373,North,High,Completed,703.96
P006059,Home & Kitchen,65.33,Research,65.33,U02232,East,Low,Completed,1402.32
P000217,Home & Kitchen,142.22,Could,142.22,U00063,South,Medium,Cancelled,1091.93
P000001,Books,100.75,Purpose,100.75,U00457,North,High,Completed,739.31
P004382,Home & Kitchen,44.91,Of,44.91,U02192,South,Low,Completed,618.63
P003874,Groceries,91.1,People,91.1,U00217,South,Medium,Completed,531.66
P000501,Home & Kitchen,51.86,Feel,51.86,U00130,East,Medium,Completed,504.62
P000337,Electronics,32.54,Between,32.54,U01269,West,High,Pending,370.03
P004341,Beauty,21.6,Main,21.6,U00998,East,High,Completed,1129.13
P004654,Electronics,196.43,Let,196.43,U00725,South,Low,Refunded,971.45
P000437,Home & Kitchen,98.92,Movie,98.92,U01529,East,High,Refunded,1275.44
P004121,Beauty,84.88,To,84.88,U02498,West,Medium,Completed,1640.93
P005508,Books,133.95,White,133.95,U02065,West,Low,Cancelled,1026.2
P000531,Beauty,67.21,Father,67.21,U01160,West,Medium,Completed,633.24
P004715,Home & Kitchen,15.82,Respond,15.82,U01258,West,Medium,Completed,850.14
P003643,Electronics,127.02,Long,127.02,U01654,North,Medium,Cancelled,1232.97
P003793,Electronics,52.57,Near,52.57,U00505,East,Low,Completed,562.46
P001305,Groceries,286.69,Risk,286.69,U01134,East,Medium,Completed,1596.69
P003277,Groceries,140.85,Media,140.85,U00058,West,High,Cancelled,137.13
P000265,Clothing,82.2,Car,82.2,U00533,East,Low,Completed,878.92
P000778,Beauty,107.36,Property,107.36,U02011,South,Low,Completed,555.88
P006784,Electronics,84.18,Mother,84.18,U00692,South,Medium,Pending,474.73
P003379,Sports,20.2,Summer,20.2,U00172,North,High,Completed,886.18
P001354,Books,194.11,Risk,194.11,U01510,North,High,Completed,458.76
P005805,Electronics,30.05,Number,30.05,U00912,North,Medium,Completed,1882.58
P000581,Sports,71.69,Choose,71.69,U02526,South,Medium,Completed,1162.15
P001684,Sports,69.61,Office,69.61,U01988,West,Medium,Completed,727.56
P005207,Clothing,13.3,Else,13.3,U01681,North,Low,Completed,360.89
P007767,Electronics,13.92,Say,13.92,U00185,South,Low,Completed,140.75
P007795,Clothing,118.52,Often,118.52,U00814,East,Medium,Completed,421.89
P000359,Sports,22.07,Energy,22.07,U00022,North,Low,Completed,489.01
P007245,Sports,192.89,Billion,192.89,U00558,South,Medium,Refunded,226.27
P005134,Groceries,184.22,Marriage,184.22,U00789,South,Low,Completed,789.46
P001614,Sports,80.31,Method,80.31,U01777,North,High,Completed,1748.81
P003223,Books,17.42,Church,17.42,U01924,East,High,Cancelled,1919.79
P003139,Books,61.72,Until,61.72,U00739,South,Low,Completed,728.54
P002533,Clothing,68.31,Require,68.31,U00950,North,High,Completed,224.63
P000797,Sports,57.0,Special,57.0,U01336,East,High,Completed,1118.58
P004410,Sports,42.63,Glass,42.63,U00229,East,Medium,Completed,1656.63
P004397,Clothing,54.9,Really,54.9,U00170,South,High,Completed,504.15
P000540,Beauty,146.21,Everything,146.21,U01443,South,Low,Pending,2330.82
P003159,Clothing,77.69,Ready,77.69,U02340,North,Low,Cancelled,1683.35
P004329,Books,35.38,Build,35.38,U02812,East,Medium,Completed,1401.04
P006242,Groceries,76.61,Next,76.61,U00661,South,Low,Completed,423.06
P006519,Groceries,135.99,Thing,135.99,U02159,West,Medium,Refunded,2186.42
P007677,Electronics,135.85,Meeting,135.85,U00471,West,High,Completed,1209.01
P002741,Clothing,214.68,Safe,214.68,U00887,North,High,Completed,713.19
P001618,Groceries,116.26,Prepare,116.26,U02647,South,Medium,Completed,560.71
P005226,Clothing,66.79,Time,66.79,U02113,West,High,Completed,608.34
P003743,Groceries,89.18,Possible,89.18,U02054,North,Medium,Completed,2182.22
P002070,Beauty,49.03,Bed,49.03,U02703,North,Low,Completed,719.51
P000659,Electronics,54.36,Family,54.36,U00034,East,Low,Refunded,884.63
P007609,Books,28.97,Specific,28.97,U00416,West,Low,Completed,127.51
P000953,Books,24.81,Wide,24.81,U02579,South,High,Completed,969.35
P005526,Electronics,16.29,Continue,16.29,U00215,West,High,Completed,216.64
P001699,Clothing,113.55,Decide,113.55,U00668,West,Medium,Completed,841.6
P006771,Books,24.49,Role,24.49,U02843,South,Low,Completed,563.84
P007296,Sports,77.12,Media,77.12,U02473,South,High,Pending,410.77
P001066,Beauty,124.23,Later,124.23,U02094,East,Medium,Completed,733.68
P006722,Sports,134.68,Popular,134.68,U00028,West,Low,Completed,1100.43
P002830,Beauty,105.71,Short,105.71,U02192,East,Low,Pending,881.31
P002096,Books,94.3,Set,94.3,U01160,East,High,Cancelled,899.19
P001837,Groceries,53.35,Option,53.35,U01770,South,High,Completed,479.46
P001552,Beauty,98.29,East,98.29,U00396,North,High,Completed,703.4
P003735,Beauty,57.6,Type,57.6,U02610,North,Low,Completed,374.62
P005225,Sports,47.13,However,47.13,U00170,East,High,Completed,487.59
P006257,Electronics,43.85,Character,43.85,U00992,North,Medium,Completed,1690.45
P002284,Books,296.45,Institution,296.45,U00932,West,Low,Completed,1286.41
P007672,Clothing,26.47,Democrat,26.47,U02972,North,Medium,Cancelled,1287.97
P004305,Beauty,43.11,Player,43.11,U00992,East,Low,Completed,925.32
P005024,Clothing,110.44,Fall,110.44,U02287,West,High,Pending,1367.58
P001300,Beauty,32.42,Bad,32.42,U00403,South,Low,Pending,280.87
P000875,Clothing,54.12,Face,54.12,U00162,East,Medium,Pending,332.78
P007895,Beauty,115.55,Result,115.55,U00627,West,Low,Completed,1829.35
P000966,Books,112.24,Later,112.24,U02988,East,Low,Completed,652.03
P003436,Groceries,119.67,Me,119.67,U01601,West,High,Pending,983.87
P000131,Beauty,92.45,Almost,92.45,,South,Low,Completed,419.87
P005439,Home & Kitchen,283.0,Suffer,283.0,U00944,North,Medium,Completed,1356.09
P000713,Home & Kitchen,71.84,Lawyer,71.84,U02714,South,Low,Completed,396.74
P007039,Clothing,126.31,Among,126.31,U02295,North,High,Completed,828.77
P007219,Groceries,25.74,College,25.74,U00110,West,Low,Completed,693.94
P007318,Clothing,102.52,Similar,102.52,U02605,West,Medium,Completed,1291.39
P005513,Books,30.92,He,30.92,U01047,East,Medium,Completed,306.46
P004575,Clothing,247.98,Identify,247.98,U02221,East,Low,Cancelled,532.28
P002805,Clothing,29.92,Language,29.92,U01418,West,Medium,Completed,935.16
P000519,Books,31.43,Body,31.43,U01562,East,High,Completed,1425.46
P006845,Sports,289.3,Yes,289.3,U01817,East,Low,Completed,376.32
P002285,Electronics,36.25,Need,36.25,U02137,West,Low,Pending,1556.74
P001786,Home & Kitchen,29.51,Thank,29.51,U01688,North,Low,Completed,532.0
P002902,Groceries,145.92,Difficult,145.92,U02435,North,Low,Completed,350.63
P004482,Electronics,66.22,Name,66.22,U01924,West,Low,Cancelled,1473.73
P002425,Groceries,41.31,Area,41.31,U00177,North,Low,Refunded,157.32
P004122,Books,164.98,Forward,164.98,U01085,West,Low,Completed,437.96
P003756,Sports,50.07,Piece,50.07,U00509,North,Medium,Completed,311.8
P003763,Electronics,75.58,Another,75.58,U00995,West,High,Completed,703.1
P003992,Home & Kitchen,63.55,Relate,63.55,U01188,South,Low,Completed,1035.02
P006603,Clothing,42.66,Church,42.66,U01321,South,Medium,Completed,496.83
P007817,Home & Kitchen,12.3,Move,12.3,U02164,South,Medium,Completed,458.82
P005803,Groceries,90.66,Guy,90.66,U01568,North,Medium,Completed,790.8
P007691,Sports,60.86,Certainly,60.86,U02160,South,High,Refunded,687.19
P002855,Electronics,25.89,Resource,25.89,U02905,East,Low,Completed,396.2
P005746,Beauty,18.12,Herself,18.12,U02593,South,Medium,Cancelled,1297.01
P007294,Beauty,55.77,Glass,55.77,U01043,North,High,Refunded,911.1
P000914,Electronics,161.74,Up,161.74,U01587,East,High,Cancelled,996.15
P003568,Books,140.05,View,140.05,U02109,North,Medium,Completed,323.84
P007718,Groceries,17.58,Accept,17.58,U01082,North,Medium,Completed,638.18
P004268,Beauty,72.02,Member,72.02,U02642,South,Medium,Completed,425.15
P004196,Books,131.39,Beautiful,131.39,U01914,East,High,Completed,1502.24
P007244,Electronics,138.92,Enough,138.92,U00966,East,Low,Completed,558.92
P003810,Books,79.38,Anyone,79.38,U00585,South,High,Pending,817.71
P001157,Sports,49.87,Line,49.87,,North,Low,Refunded,1009.02
P003847,Home & Kitchen,94.7,Eight,94.7,U00257,North,Low,Pending,772.61
P005275,Beauty,287.17,Increase,287.17,U02207,West,Low,Completed,343.7
P002242,Electronics,60.38,Sure,60.38,U01097,South,High,Completed,813.78
P000777,Clothing,39.29,Record,39.29,U00393,North,Medium,Completed,317.41
P005760,Books,112.79,Conference,112.79,U01718,West,High,Pending,1187.15
P007770,Clothing,136.94,Condition,136.94,U01094,East,High,Refunded,661.7
P000377,Books,61.24,Oil,61.24,U00783,East,Medium,Cancelled,887.53
P005549,Electronics,27.93,Three,27.93,U01380,North,Low,Completed,601.41
P003695,Sports,34.8,Huge,34.8,U01808,South,Low,Pending,949.99
P004165,Groceries,32.78,Specific,32.78,U01786,East,Low,Completed,1880.47
P006599,Sports,23.15,Record,23.15,U01084,North,Low,Cancelled,420.59
P007218,Electronics,212.09,Change,212.09,U02761,East,Medium,Completed,841.49
P001419,Clothing,51.58,You,51.58,U02003,North,Medium,Cancelled,683.2
P005637,Groceries,64.53,Behavior,64.53,,South,Low,Completed,1664.37
P005411,Sports,58.81,Like,58.81,U01837,North,Low,Cancelled,2040.98
P005802,Clothing,200.83,Relate,200.83,U02677,East,Medium,Completed,698.17
P000751,Clothing,176.26,A,176.26,U00535,East,High,Completed,1176.08
P000419,Beauty,35.54,Director,35.54,U02806,West,Medium,Completed,604.55
P003651,Beauty,148.38,Maintain,148.38,U02796,South,Medium,Completed,712.44
P000276,Sports,166.55,Land,166.55,U01208,West,High,Completed,914.15
P004063,Home & Kitchen,83.17,Draw,83.17,U00346,South,High,Completed,612.62
P001783,Books,102.81,Community,102.81,U02929,South,High,Completed,295.6
P002645,Groceries,86.56,After,86.56,U00198,West,Medium,Completed,1038.36
P002878,Clothing,131.01,Painting,131.01,U00568,North,High,Completed,1598.48
P003548,Clothing,25.16,Pass,25.16,U02274,South,Low,Cancelled,311.87
P003547,Home & Kitchen,82.39,Five,82.39,U00211,East,Medium,Completed,868.46
P004166,Beauty,52.71,Positive,52.71,U01273,East,Medium,Cancelled,1154.89
P000464,Groceries,72.93,Worry,72.93,U02303,East,Low,Completed,1793.37
P002377,Books,114.29,Partner,114.29,U01549,East,High,Completed,1952.58
P004182,Sports,100.48,Lay,100.48,U00062,North,Medium,Completed,1066.32
P001425,Beauty,43.1,Look,43.1,U02779,West,Medium,Completed,1475.41
P004947,Home & Kitchen,92.36,Yeah,92.36,U00338,North,High,Cancelled,582.29
P007567,Beauty,86.14,Police,86.14,U00875,South,High,Completed,1283.42
P001952,Home & Kitchen,94.47,Break,94.47,U01959,North,Medium,Refunded,884.41
P002201,Home & Kitchen,32.56,Law,32.56,U01490,East,Medium,Completed,1245.15
P004587,Electronics,94.94,Compare,94.94,U00636,South,High,Pending,274.86
P007124,Electronics,93.16,Involve,93.16,U01927,East,Low,Completed,880.7
P007407,Clothing,98.83,Whose,98.83,U02229,North,High,Completed,604.71
P001392,Groceries,72.42,Natural,72.42,U01207,West,High,Refunded,1250.72
P000363,Home & Kitchen,115.33,List,115.33,U02445,North,High,Completed,1415.71
P002628,Beauty,134.04,Certain,134.04,U01716,South,High,Pending,2567.71
P004991,Electronics,42.75,Result,42.75,U02091,East,High,Completed,1143.32
P002850,Clothing,42.59,Collection,42.59,U01790,East,High,Completed,1286.18
P000831,Groceries,184.63,Enjoy,184.63,U02789,South,High,Completed,1162.76
P003938,Clothing,64.29,Admit,64.29,U01500,South,Medium,Completed,1142.53
P001492,Books,201.98,Season,201.98,U02647,East,Medium,Completed,1330.31
P007173,Beauty,254.9,Include,254.9,U00601,West,High,Completed,464.35
P005995,Home & Kitchen,38.04,Today,38.04,U00813,North,High,Completed,1459.01
P004929,Sports,17.6,If,17.6,U01681,East,Medium,Completed,406.56
P000248,Home & Kitchen,214.05,Surface,214.05,U01510,East,High,Completed,534.42
P004933,Clothing,10.0,Strong,10.0,U00893,North,Low,Completed,1914.63
P007720,Books,40.2,Benefit,40.2,U02152,South,Medium,Completed,558.01
P005487,Groceries,46.2,Arrive,46.2,U02074,South,Medium,Completed,201.13
P001448,Sports,134.38,Moment,134.38,U01336,West,Low,Pending,384.02
P003389,Electronics,163.41,Reality,163.41,U01212,North,Low,Completed,1036.67
P007129,Home & Kitchen,46.28,Lead,46.28,U01660,North,Low,Completed,1336.11
P001925,Groceries,215.19,Other,215.19,U00338,East,High,Completed,859.5
P007988,Clothing,85.12,Official,85.12,U00222,South,Medium,Completed,574.05
P006386,Clothing,61.61,Road,61.61,U01261,East,Medium,Completed,1347.24
P003628,Electronics,51.75,Too,51.75,U01291,West,Low,Completed,2889.05
P000711,Home & Kitchen,139.54,Debate,139.54,U00348,North,High,Completed,2473.34
P003070,Beauty,129.65,Quality,129.65,U02903,West,High,Completed,322.26
P003056,Books,193.61,Evidence,193.61,U01129,East,Low,Completed,776.95
P002906,Groceries,24.6,Whom,24.6,U00633,South,Low,Completed,276.95
P001046,Beauty,39.63,Person,39.63,U02291,East,Medium,Refunded,212.93
P005766,Groceries,169.6,Business,169.6,U02688,South,Low,Completed,712.82
P001661,Home & Kitchen,124.91,Truth,124.91,U00534,West,Low,Completed,1560.37
P001037,Groceries,80.73,Parent,80.73,U00328,North,High,Completed,148.82
P000415,Beauty,61.44,Message,61.44,U00117,North,Low,Refunded,449.13
P001482,Home & Kitchen,10.36,Your,10.36,U02054,North,Medium,Completed,1170.53
P005632,Beauty,89.65,Hand,89.65,U01575,West,High,Completed,775.18
P005776,Electronics,154.01,Quality,154.01,U02030,North,Low,Cancelled,721.66
P001219,Home & Kitchen,30.59,Answer,30.59,U02691,South,Low,Pending,112.12
P001396,Electronics,16.9,Fall,16.9,U01058,East,Low,Completed,1319.93
P000704,Home & Kitchen,95.8,Nothing,95.8,U00801,South,Low,Completed,1165.91
P004409,Beauty,200.83,Soldier,200.83,U00832,North,Medium,Completed,1842.36
P006592,Books,114.07,Beyond,114.07,U02326,West,Medium,Pending,1519.51
P006890,Clothing,83.01,Power,83.01,U01029,West,Low,Pending,656.92
P002726,Home & Kitchen,55.8,Simple,55.8,U01896,South,Medium,Cancelled,1653.46
P004606,Groceries,53.5,Mouth,53.5,U00240,West,High,Completed,865.77
P001808,Sports,106.25,Onto,106.25,U02581,East,High,Completed,1070.89
P005682,Electronics,33.71,Commercial,33.71,U01025,South,Medium,Completed,432.95
P005220,Beauty,40.96,Act,40.96,U01095,North,Medium,Completed,845.34
P001162,Sports,29.73,Do,29.73,U00398,North,High,Completed,866.72
P004864,Sports,35.17,Natural,35.17,U00912,South,Low,Completed,533.88
P006941,Home & Kitchen,87.43,Single,87.43,U02785,North,Low,Pending,701.9
P004116,Electronics,92.37,Organization,92.37,U02025,South,Low,Completed,344.49
P003469,Clothing,86.63,Store,86.63,U00903,East,High,Completed,353.12
P002827,Home & Kitchen,65.43,Have,65.43,U02679,West,Medium,Pending,734.51
P004350,Groceries,232.87,Authority,232.87,U00922,North,Low,Completed,234.31
P001339,Sports,50.28,Change,50.28,U00218,North,High,Completed,480.75
P003086,Electronics,97.71,Member,97.71,U02958,North,High,Completed,543.34
P003946,Clothing,142.51,Find,142.51,U02107,East,Medium,Completed,503.37
P003536,Home & Kitchen,100.73,Game,100.73,U01130,West,Low,Completed,377.07
P006543,Home & Kitchen,93.01,Suffer,93.01,U01436,West,Medium,Completed,804.53
P007193,Home & Kitchen,50.84,One,50.84,U00341,North,Medium,Refunded,439.42
P006615,Groceries,72.05,Time,72.05,U01565,South,Low,Completed,345.28
P005083,Home & Kitchen,133.22,Card,133.22,U02958,West,High,Completed,2125.09
P002899,Electronics,46.61,Ever,46.61,U01352,North,Medium,Cancelled,417.74
P003936,Groceries,58.23,Site,58.23,U00362,East,Medium,Completed,822.42
P007084,Home & Kitchen,96.45,Staff,96.45,U01151,West,Low,Pending,963.85
P007379,Home & Kitchen,8.28,Others,8.28,U01891,North,Low,Completed,689.31
P006830,Beauty,36.61,Rate,36.61,U01711,North,Low,Pending,1534.53
P002445,Home & Kitchen,78.91,Goal,78.91,U02057,West,High,Completed,1078.03
P006823,Groceries,142.82,Fill,142.82,U00539,North,Low,Completed,846.18
P006367,Home & Kitchen,74.59,Rather,74.59,U01821,East,High,Completed,1476.15
P007896,Home & Kitchen,60.45,Wonder,60.45,U01477,South,Low,Refunded,415.78
P001079,Books,137.92,Lead,137.92,U00613,West,Low,Completed,1776.58
P003339,Sports,80.82,Suggest,80.82,U02669,West,Low,Completed,1084.72
P000766,Electronics,209.62,Much,209.62,U02951,North,Low,Completed,1941.69
P004528,Electronics,139.09,Lot,139.09,,West,Medium,Completed,275.82
P002930,Sports,29.07,Vote,29.07,U00040,West,Low,Completed,595.02
P002619,Books,49.82,From,49.82,U00322,North,Low,Completed,955.45
P005600,Groceries,24.44,Food,24.44,U01886,West,High,Pending,1135.21
P007021,Books,170.16,Nice,170.16,U02934,South,Low,Completed,271.65
P007666,Groceries,20.19,History,20.19,U02999,South,Medium,Completed,1301.52
P006961,Groceries,206.45,Only,206.45,U02715,East,Medium,Completed,290.34
P003336,Sports,98.59,Set,98.59,U01591,South,Low,Pending,351.86
P000072,Groceries,81.77,Production,81.77,U02718,North,Low,Completed,468.93
P000125,Groceries,110.86,Threat,110.86,U01224,West,Medium,Completed,1754.54
P007014,Books,82.59,Glass,82.59,U01897,West,Low,Completed,801.95
P007986,Electronics,39.06,Event,39.06,U01715,South,Medium,Completed,374.94
P007932,Clothing,58.14,Hot,58.14,U01275,West,High,Completed,1632.72
P002605,Books,21.94,Happy,21.94,U00715,South,High,Completed,1319.05
P007298,Home & Kitchen,103.54,Like,103.54,U01953,North,Medium,Pending,872.56
P006095,Groceries,99.43,Entire,99.43,U01602,East,Medium,Completed,1378.41
P003263,Clothing,79.84,Professional,79.84,U01748,East,Medium,Pending,1636.76
P004676,Home & Kitchen,100.43,Stand,100.43,U01730,West,Low,Pending,596.29
P005044,Clothing,68.16,Force,68.16,U00810,East,Low,Refunded,309.69
P006937,Beauty,18.56,Hold,18.56,U01461,East,High,Completed,185.11
P002309,Groceries,53.65,Quite,53.65,U02242,North,Medium,Completed,427.62
P005765,Groceries,56.07,Three,56.07,U02369,North,Low,Completed,314.31
P007487,Home & Kitchen,33.34,These,33.34,U01424,North,Medium,Pending,404.34
P003060,Beauty,14.15,Owner,14.15,U02950,East,Medium,Refunded,713.28
P006713,Electronics,34.53,Mind,34.53,U01969,North,Low,Completed,506.16
P007651,Home & Kitchen,199.64,Summer,199.64,U02125,East,High,Cancelled,1074.81
P005436,Clothing,127.29,Never,127.29,U01727,West,Low,Completed,1094.09
P005749,Sports,53.08,Begin,53.08,U02412,East,Low,Completed,755.28
P005135,Clothing,6.66,Himself,6.66,U01003,East,Low,Completed,1026.43
P001472,Beauty,60.91,Ok,60.91,U02570,North,Medium,Cancelled,929.28
P004330,Sports,136.94,Work,136.94,U01392,North,Medium,Completed,555.17
P001965,Sports,77.11,Contain,77.11,U01196,North,High,Pending,665.03
P004697,Home & Kitchen,80.5,Support,80.5,U02020,West,Low,Completed,1040.06
P001653,Groceries,109.3,Others,109.3,,South,Low,Completed,401.49
P002231,Sports,41.75,Law,41.75,U00845,West,Low,Completed,1558.8
P007102,Books,30.88,Away,30.88,U02609,North,Medium,Pending,1979.17
P002532,Home & Kitchen,53.55,His,53.55,U00277,North,Low,Cancelled,723.52
P004248,Home & Kitchen,12.67,West,12.67,U01520,East,Low,Completed,1399.96
P001996,Beauty,71.05,Question,71.05,U02817,East,High,Completed,365.08
P002308,Home & Kitchen,105.55,Tell,105.55,U00399,North,Low,Pending,1023.21
P000681,Electronics,208.97,Boy,208.97,U02095,South,Low,Completed,1765.91
P003845,Beauty,86.1,Center,86.1,U00121,South,Medium,Pending,650.35
P006910,Groceries,142.25,Anyone,142.25,U01597,East,Medium,Completed,567.94
P006755,Clothing,117.24,Above,117.24,U01579,South,Medium,Completed,876.63
P003989,Books,103.56,Bad,103.56,U01002,South,Medium,Completed,654.24
P004831,Groceries,36.43,Worker,36.43,U02088,West,High,Completed,2060.16
P006219,Beauty,190.09,Ever,190.09,U01602,West,Low,Completed,751.19
P005303,Electronics,126.8,Despite,126.8,U01210,South,Medium,Completed,1224.67
P006535,Sports,125.8,Yes,125.8,U00092,West,Medium,Completed,465.24
P003005,Beauty,47.37,Community,47.37,U00860,East,Medium,Completed,502.97
P007624,Groceries,40.99,Me,40.99,U01463,West,High,Pending,913.17
P007130,Clothing,72.08,Four,72.08,U02217,South,High,Completed,819.46
P002130,Sports,59.69,Question,59.69,U01471,East,Low,Pending,993.29
P006500,Home & Kitchen,61.4,Conference,61.4,U01125,West,Medium,Completed,1114.67
P006327,Books,261.88,Than,261.88,U02989,West,High,Completed,999.34
P005203,Sports,145.78,Wear,145.78,U02922,East,Low,Completed,994.08
P003907,Electronics,81.48,Fear,81.48,U02947,West,Medium,Completed,1759.42
P001299,Home & Kitchen,101.63,Old,101.63,U02145,East,Medium,Completed,1671.03
P005302,Sports,171.56,Speech,171.56,U02788,West,Low,Completed,1006.94
P006364,Beauty,60.39,Candidate,60.39,U00196,West,Low,Pending,844.92
P007494,Clothing,26.86,Person,26.86,U01627,South,Low,Completed,1006.56
P006001,Sports,44.97,Data,44.97,,West,Low,Completed,542.12
P005130,Books,277.22,Travel,277.22,,South,High,Completed,375.13
P000888,Groceries,96.14,City,96.14,U00051,South,High,Cancelled,415.91
P005079,Home & Kitchen,110.43,Set,110.43,U02799,South,Low,Completed,3423.93
P002204,Clothing,84.74,Resource,84.74,U02394,West,Low,Cancelled,452.42
P002435,Home & Kitchen,43.45,Imagine,43.45,U01578,South,Medium,Completed,376.5
P002227,Beauty,151.69,Call,151.69,U01457,South,High,Refunded,1392.18
P003613,Beauty,142.18,Bank,142.18,U01107,South,Low,Pending,581.04
P002959,Sports,32.2,Carry,32.2,U01537,North,Low,Completed,1427.35
P004318,Electronics,172.39,Military,172.39,U00957,North,Low,Refunded,359.94
P002742,Clothing,15.49,Measure,15.49,U01948,North,Medium,Completed,710.8
P006487,Beauty,94.64,Last,94.64,U01696,East,Medium,Completed,1029.94
P003983,Home & Kitchen,27.44,Quality,27.44,U02938,South,High,Completed,1004.54
P002251,Books,48.86,Machine,48.86,U01175,South,High,Completed,263.89
P003417,Groceries,77.17,Black,77.17,U01788,West,Low,Completed,453.92
P007151,Beauty,79.76,Born,79.76,U00298,South,High,Cancelled,658.82
P005420,Clothing,39.95,Find,39.95,U01885,East,High,Completed,450.23
P004838,Books,73.95,Beautiful,73.95,U02513,North,High,Completed,882.67
P001273,Clothing,58.34,Husband,58.34,U02507,North,Low,Completed,1687.07
P005286,Home & Kitchen,19.55,Degree,19.55,U02584,East,Low,Completed,512.15
P007693,Home & Kitchen,57.41,Treat,57.41,U01556,West,High,Completed,337.04
P001097,Electronics,119.77,Stage,119.77,U01627,North,Low,Completed,536.16
P007342,Books,25.09,Wall,25.09,U00675,East,Medium,Completed,447.33
P000559,Electronics,40.12,Everybody,40.12,U00735,East,Low,Refunded,468.97
P002093,Books,46.66,Land,46.66,U01605,East,High,Cancelled,284.69
P000270,Electronics,25.0,Often,25.0,U01852,South,High,Completed,1352.46
P004359,Home & Kitchen,20.74,Property,20.74,U02773,North,Medium,Completed,368.22
P006594,Clothing,36.71,Recently,36.71,U02882,North,High,Completed,1138.02
P004099,Beauty,54.82,Drug,54.82,U02520,West,Low,Cancelled,191.11
P000485,Groceries,108.76,Pretty,108.76,U00655,West,High,Completed,421.29
P001052,Beauty,52.56,Same,52.56,U00997,East,Medium,Completed,812.4
P005616,Electronics,107.87,Play,107.87,U00583,South,High,Refunded,2773.25
P004284,Books,44.92,Fly,44.92,U01854,South,Low,Completed,866.72
P007070,Books,76.85,My,76.85,U02994,East,High,Cancelled,1076.84
P004020,Beauty,108.67,According,108.67,U02814,West,Medium,Completed,721.59
P003000,Beauty,76.04,Theory,76.04,U00268,West,High,Completed,1079.26
P007549,Beauty,97.57,Pick,97.57,U01916,South,Medium,Completed,171.22
P006413,Clothing,225.69,Kid,225.69,U00036,South,Medium,Completed,672.84
P001019,Sports,75.5,Establish,75.5,U02209,North,High,Completed,1602.88
P004412,Electronics,41.56,Law,41.56,U01570,South,High,Completed,760.81
P000371,Groceries,70.38,Wind,70.38,U00547,North,Medium,Completed,1312.47
P007020,Beauty,33.48,Present,33.48,U00702,North,Low,Cancelled,1393.79
P000397,Home & Kitchen,103.4,Artist,103.4,U00820,North,Low,Cancelled,1597.89
P004621,Home & Kitchen,79.49,Stuff,79.49,U01194,North,High,Refunded,1781.62
P005032,Electronics,164.92,Clearly,164.92,U00029,South,Medium,Completed,450.68
P006812,Electronics,56.13,Former,56.13,U00323,South,Medium,Pending,564.82
P005296,Home & Kitchen,53.14,Man,53.14,U01664,West,Low,Completed,1288.46
P007985,Home & Kitchen,133.48,Training,133.48,U00355,West,Medium,Completed,712.78
P001303,Electronics,44.93,Issue,44.93,U00423,East,Low,Completed,1156.39
P001662,Beauty,37.11,Idea,37.11,U01160,South,Medium,Completed,915.89
P007123,Home & Kitchen,13.72,Evening,13.72,U00172,South,Low,Completed,882.19
P000117,Beauty,50.26,Expect,50.26,U02612,East,High,Completed,1741.53
P005753,Sports,40.91,Process,40.91,U01680,West,High,Completed,272.44
P003896,Sports,56.79,Eight,56.79,U02220,East,High,Cancelled,387.99
P007232,Home & Kitchen,35.74,Arm,35.74,U02245,North,High,Completed,1114.74
P003151,Clothing,26.71,Head,26.71,U00366,East,High,Pending,1016.1
P007287,Home & Kitchen,262.31,Least,262.31,U00711,South,High,Completed,436.71
P001127,Beauty,64.46,Method,64.46,U00052,North,High,Completed,636.22
P001905,Clothing,62.37,Information,62.37,U01515,East,High,Completed,273.71
P006048,Home & Kitchen,33.96,Imagine,33.96,U02857,East,Medium,Cancelled,386.05
P004989,Home & Kitchen,61.66,History,61.66,U00330,South,High,Completed,815.39
P004704,Clothing,134.75,Nothing,134.75,U02768,North,High,Pending,830.2
P000141,Home & Kitchen,65.28,Under,65.28,U01625,South,Low,Completed,414.89
P003363,Beauty,163.7,World,163.7,U01095,North,High,Completed,374.72
P000923,Beauty,29.68,Some,29.68,U02187,East,Medium,Pending,1324.8
P007254,Beauty,86.92,Reality,86.92,U00255,West,Low,Completed,479.52
P002193,Clothing,122.52,Letter,122.52,,North,Medium,Completed,1431.91
P000409,Beauty,81.46,Same,81.46,U00227,North,High,Completed,317.22
P002026,Electronics,172.81,Nice,172.81,U01577,South,Low,Pending,939.85
P000159,Books,177.25,Everyone,177.25,U00997,East,High,Completed,1146.18
P003046,Home & Kitchen,124.1,Organization,124.1,U01215,West,High,Refunded,485.64
P007997,Electronics,48.81,Moment,48.81,U02580,East,Medium,Completed,1113.04
P002540,Sports,14.6,Smile,14.6,U02280,South,Low,Completed,942.99
P000430,Clothing,31.53,Me,31.53,U00882,East,Low,Completed,2220.73
P006531,Groceries,95.52,Cause,95.52,U02249,South,Low,Cancelled,636.56
P000225,Groceries,108.43,Purpose,108.43,U01469,East,Medium,Completed,1324.2
P005375,Beauty,28.33,Decade,28.33,U02537,West,High,Completed,612.72
P002295,Sports,126.97,Concern,126.97,U01982,North,Low,Completed,1277.6
P004414,Groceries,34.9,Action,34.9,U02381,East,Medium,Completed,312.18
P005413,Electronics,19.43,Church,19.43,U01612,South,Low,Completed,1003.1
P007351,Clothing,97.41,Vote,97.41,U01190,South,Low,Pending,953.05
P001029,Books,418.52,Tell,418.52,U01628,South,Medium,Completed,718.64
P006083,Electronics,163.69,Yes,163.69,U00417,South,Medium,Completed,1984.73
P007802,Clothing,67.98,Happen,67.98,U01670,East,High,Completed,840.69
P001161,Electronics,105.73,Financial,105.73,U00289,East,Low,Refunded,940.92
P000033,Clothing,85.87,Discussion,85.87,U00627,East,Low,Completed,770.62
P001147,Home & Kitchen,19.97,Investment,19.97,U01212,East,High,Completed,572.84
P003884,Beauty,193.32,Floor,193.32,U02879,West,Medium,Completed,96.07
P006826,Books,20.34,Will,20.34,U02672,West,High,Completed,797.58
P000892,Clothing,48.09,Claim,48.09,U02071,West,Medium,Cancelled,385.78
P003381,Books,63.7,Fill,63.7,U01372,West,Low,Completed,346.08
P000633,Electronics,15.54,Collection,15.54,U01843,East,Medium,Cancelled,985.22
P001724,Clothing,44.08,Whether,44.08,,South,Low,Pending,968.47
P006494,Books,125.16,Answer,125.16,U02029,North,High,Refunded,584.36
P001093,Beauty,96.31,Power,96.31,U01488,West,Medium,Completed,1105.99
P002682,Groceries,57.36,Charge,57.36,U01989,South,Medium,Completed,594.13
P007727,Clothing,76.36,Behavior,76.36,U02063,West,High,Completed,349.53
P003742,Beauty,117.16,Kind,117.16,U00314,South,Low,Pending,1752.88
P000720,Groceries,156.92,Record,156.92,U02887,North,Low,Pending,311.5
P006262,Sports,14.57,Start,14.57,U00922,East,High,Completed,1314.8
P007793,Clothing,80.59,Wide,80.59,U01807,East,Medium,Completed,835.3
P005185,Sports,83.21,Across,83.21,U01685,South,High,Pending,825.95
P006858,Home & Kitchen,169.18,System,169.18,U02029,West,Low,Completed,626.65
P004241,Home & Kitchen,55.01,Job,55.01,U02412,East,High,Pending,1777.0
P003581,Beauty,18.28,Discuss,18.28,U01033,West,Low,Pending,426.28
P001167,Sports,104.86,Record,104.86,U01645,East,High,Completed,2223.38
P006825,Groceries,70.35,Hair,70.35,U02487,West,High,Pending,322.12
P001422,Electronics,76.85,Soon,76.85,U01869,South,High,Completed,1029.13
P007465,Home & Kitchen,177.6,Culture,177.6,U01488,East,Low,Pending,182.02
P003289,Clothing,136.53,Eight,136.53,U02170,East,Medium,Pending,1292.97
P004212,Sports,44.46,Foot,44.46,U00275,West,Medium,Refunded,187.6
P005817,Electronics,67.54,North,67.54,U00160,East,Medium,Completed,317.13
P005994,Groceries,82.28,Statement,82.28,U00526,West,High,Completed,904.52
P001851,Home & Kitchen,43.31,Issue,43.31,U01487,North,Medium,Completed,558.89
P000727,Groceries,62.58,For,62.58,U02812,North,High,Completed,1370.73
P003443,Sports,47.39,Race,47.39,U01340,East,Medium,Completed,717.15
P006657,Electronics,20.98,Onto,20.98,U02348,East,Low,Completed,887.0
P005491,Beauty,138.71,Parent,138.71,U01653,East,Medium,Pending,1261.73
P003313,Clothing,83.27,Short,83.27,U01323,North,Low,Completed,1126.22
P001139,Groceries,196.2,Only,196.2,U02641,South,High,Completed,632.08
P004107,Home & Kitchen,77.66,Experience,77.66,U01312,West,High,Completed,787.26
P006477,Clothing,63.2,Tax,63.2,U01349,North,High,Pending,299.38
P006736,Groceries,116.2,Box,116.2,,West,Low,Cancelled,932.55
P007002,Books,128.21,Mouth,128.21,U00623,North,High,Pending,526.66
P003362,Beauty,124.59,Opportunity,124.59,U01151,East,High,Completed,1153.19
P006685,Home & Kitchen,33.26,President,33.26,U00278,South,High,Completed,2572.48
P001526,Groceries,49.68,Fire,49.68,U01709,South,Medium,Cancelled,1329.93
P000139,Books,20.04,Yes,20.04,U02943,North,Low,Refunded,1752.99
P007187,Sports,61.78,Shoulder,61.78,U02966,West,Medium,Cancelled,317.84
P002362,Groceries,131.99,Always,131.99,U01260,West,High,Completed,920.9
P007260,Books,42.77,We,42.77,U02658,South,Medium,Completed,1451.71
P007946,Books,35.12,Much,35.12,U02134,East,Medium,Completed,1021.99
P003015,Sports,113.87,Want,113.87,U01804,South,High,Pending,643.17
P004550,Groceries,94.2,Report,94.2,,West,Low,Completed,568.28
P007586,Groceries,46.04,Player,46.04,U01808,East,Medium,Completed,2677.85
P000529,Books,37.99,Clearly,37.99,U00481,West,Low,Completed,1048.46
P007443,Groceries,196.44,Head,196.44,U02762,North,Medium,Completed,505.35
P003502,Groceries,101.33,Give,101.33,U02963,South,Low,Completed,1103.02
P005293,Books,77.83,Born,77.83,U01913,East,Low,Completed,841.23
P002152,Sports,38.43,Others,38.43,U02943,South,Medium,Completed,911.55
P007362,Clothing,100.22,Industry,100.22,U01766,West,Medium,Completed,1131.54
P002767,Groceries,61.09,Material,61.09,U02115,North,High,Completed,456.64
P000653,Home & Kitchen,101.01,Dog,101.01,U00829,South,High,Completed,834.27
P000212,Clothing,99.17,Type,99.17,U02343,West,Low,Cancelled,948.03
P007115,Groceries,80.5,Study,80.5,U02794,North,High,Completed,930.82
P005340,Books,78.6,Local,78.6,,West,Low,Completed,904.56
P004722,Electronics,111.8,Why,111.8,U02478,South,High,Completed,696.42
P005288,Electronics,234.93,State,234.93,U02121,North,Medium,Completed,1289.71
P001821,Groceries,85.65,Remember,85.65,U00584,West,Medium,Completed,208.89
P004051,Sports,160.08,Teacher,160.08,U02621,West,Medium,Completed,1079.08
P001426,Books,52.76,Behavior,52.76,U02360,South,Medium,Pending,746.09
P002870,Beauty,33.53,Class,33.53,U01643,West,Medium,Pending,1100.62
P004260,Sports,29.52,Mind,29.52,U00970,South,Low,Refunded,950.73
P002077,Sports,67.96,Task,67.96,U01790,South,Low,Completed,469.54
P002392,Clothing,68.24,More,68.24,U00377,East,High,Completed,1604.46
P002458,Books,37.64,Physical,37.64,U00978,South,Medium,Completed,699.14
P000922,Sports,146.46,Fire,146.46,U02338,West,High,Pending,1080.42
P004757,Beauty,42.53,Myself,42.53,U02441,North,Low,Pending,1607.69
P006790,Sports,5.79,Room,5.79,U02003,South,High,Completed,1048.6
P005355,Clothing,12.45,Statement,12.45,U01303,South,Low,Completed,217.25
P002824,Beauty,59.02,Compare,59.02,U00436,West,Low,Completed,605.28
P006674,Beauty,93.07,Growth,93.07,U02391,East,High,Completed,556.55
P004480,Beauty,42.27,Sit,42.27,U01941,South,Medium,Completed,572.04
P003474,Beauty,92.36,Turn,92.36,U01665,South,Low,Completed,979.56
P005464,Home & Kitchen,118.86,War,118.86,U00970,South,Low,Pending,342.56
P005354,Beauty,90.06,Then,90.06,U01259,West,Medium,Completed,838.28
P001765,Beauty,146.0,Believe,146.0,U00041,North,Low,Completed,1377.81
P003892,Home & Kitchen,287.32,Skin,287.32,U00430,East,Medium,Completed,1244.97
P000162,Groceries,63.95,Later,63.95,U01030,South,Low,Pending,995.9
P000951,Books,98.78,Though,98.78,U00789,East,High,Completed,1734.81
P007867,Clothing,94.28,Name,94.28,U01485,East,High,Completed,1966.34
P005356,Home & Kitchen,133.76,Doctor,133.76,U02706,East,Medium,Completed,643.81
P005011,Clothing,197.94,Seem,197.94,U02035,South,Low,Completed,371.05
P007585,Groceries,51.76,Week,51.76,U02407,North,Low,Completed,1031.93
P006347,Home & Kitchen,102.75,Community,102.75,U00707,West,Medium,Completed,861.46
P006512,Clothing,111.1,Guess,111.1,U01151,South,Low,Completed,485.36
P006253,Clothing,97.13,Over,97.13,U02858,North,Low,Pending,1087.91
P002246,Home & Kitchen,87.27,Training,87.27,U00633,South,Low,Completed,2198.44
P003157,Clothing,53.83,Us,53.83,U00405,West,Low,Cancelled,548.09
P002814,Beauty,61.93,Board,61.93,U02764,West,High,Completed,1672.81
P002171,Electronics,55.0,Set,55.0,U01765,West,Low,Completed,546.25
P002257,Books,50.19,Laugh,50.19,U01236,East,Medium,Cancelled,1545.02
P000829,Groceries,117.1,Apply,117.1,U01070,East,Low,Completed,967.02
P001953,Beauty,16.36,Recent,16.36,U00846,South,Low,Completed,2325.2
P003479,Clothing,41.12,Act,41.12,U01575,West,Low,Completed,785.6
P002489,Electronics,74.14,Growth,74.14,U01071,East,High,Completed,1225.47
P005481,Home & Kitchen,56.52,Exactly,56.52,U00015,South,High,Completed,347.97
P005595,Sports,26.22,Reduce,26.22,U00541,South,Medium,Pending,652.93
P000597,Books,81.02,Reflect,81.02,U02723,East,Low,Completed,941.09
P005838,Beauty,30.24,Owner,30.24,U01525,East,High,Pending,241.91
P007951,Groceries,28.06,Part,28.06,U00275,South,Medium,Completed,1345.17
P007809,Sports,32.15,Look,32.15,U01162,North,Low,Cancelled,398.54
P002702,Books,101.18,Movement,101.18,U02361,West,Medium,Completed,1315.95
P002912,Home & Kitchen,26.71,Back,26.71,U02656,South,High,Completed,1041.06
P000937,Groceries,58.24,Method,58.24,U02280,East,Low,Completed,412.05
P004087,Home & Kitchen,76.39,Through,76.39,U01566,East,Low,Completed,1437.07
P004630,Books,50.95,Concern,50.95,U00007,South,Low,Refunded,186.76
P003858,Sports,14.81,North,14.81,U00562,East,Low,Completed,1984.02
P001863,Groceries,105.53,Note,105.53,U01721,West,Medium,Completed,1517.01
P004271,Groceries,169.29,Herself,169.29,U02099,North,Medium,Completed,1498.73
P006525,Beauty,80.2,Know,80.2,U01225,North,Low,Completed,1036.52
P002826,Clothing,63.91,Life,63.91,U02354,West,High,Completed,609.1
P005686,Groceries,158.65,Throughout,158.65,U01861,North,Medium,Completed,972.7
P001894,Electronics,46.05,Eat,46.05,U02032,South,Low,Completed,683.03
P001088,Electronics,98.51,Control,98.51,U01561,East,Medium,Completed,1209.58
P003583,Home & Kitchen,144.3,Mean,144.3,U00545,East,High,Refunded,401.7
P005078,Home & Kitchen,23.08,Test,23.08,U01027,South,Low,Completed,2082.01
P001016,Electronics,25.52,Discover,25.52,U00829,West,Low,Completed,737.43
P006227,Sports,125.59,Trial,125.59,U01588,West,Low,Completed,419.72
P002374,Electronics,149.37,Movement,149.37,U02343,West,Low,Pending,477.22
P007251,Clothing,55.82,Heavy,55.82,U01729,East,Medium,Completed,1239.31
P003726,Sports,120.33,Than,120.33,U02486,North,Low,Completed,1034.51
P004259,Beauty,86.38,Executive,86.38,,West,Medium,Completed,867.34
P003766,Beauty,92.49,East,92.49,U01599,East,High,Completed,1226.52
P001862,Home & Kitchen,141.78,Very,141.78,U01481,North,High,Completed,767.33
P003073,Beauty,63.3,Election,63.3,U00978,East,High,Completed,1716.27
P006201,Clothing,152.4,Cover,152.4,U00331,East,High,Completed,1831.74
P000218,Clothing,81.67,Movement,81.67,U00307,West,Medium,Completed,548.75
P001017,Clothing,90.73,Make,90.73,U01950,North,High,Completed,1471.94
P003757,Groceries,108.38,Remember,108.38,U02637,South,High,Refunded,1731.95
P001525,Groceries,80.58,She,80.58,U02624,West,Low,Completed,295.92
P004344,Electronics,39.86,Determine,39.86,U02639,North,Medium,Completed,1851.34
P000530,Books,104.04,Expert,104.04,U00838,West,Low,Completed,811.65
P001742,Books,114.66,Enough,114.66,U02673,East,Medium,Pending,690.63
P006236,Sports,54.14,Day,54.14,U01851,South,Low,Completed,593.15
P004597,Beauty,70.87,Tree,70.87,U01869,East,Low,Completed,1952.05
P003900,Books,36.11,Democratic,36.11,U00533,East,High,Completed,245.28
P003827,Home & Kitchen,36.41,Note,36.41,U01656,North,Medium,Completed,1797.51
P003303,Clothing,75.74,Democrat,75.74,U01118,East,Medium,Refunded,1364.92
P000573,Home & Kitchen,124.0,Well,124.0,U02282,West,Low,Completed,443.58
P004008,Beauty,23.29,Hour,23.29,U00166,South,Low,Completed,583.68
P000123,Beauty,188.13,Reveal,188.13,U01721,West,High,Refunded,869.5
P007892,Clothing,16.8,Cover,16.8,U01408,North,Low,Pending,673.64
P001487,Books,20.38,Moment,20.38,U00607,West,Low,Cancelled,583.32
P006518,Beauty,51.14,Expert,51.14,U01367,South,Medium,Pending,325.47
P001168,Sports,49.75,Party,49.75,U01815,East,Medium,Completed,988.07
P006813,Beauty,72.35,Seek,72.35,U00359,South,Medium,Completed,465.38
P002845,Books,143.21,Himself,143.21,U00323,East,High,Pending,475.11
P007920,Electronics,105.89,Bar,105.89,U02293,South,High,Completed,1020.9
P004038,Home & Kitchen,30.25,Yard,30.25,U00486,South,Medium,Completed,1422.88
P001587,Groceries,26.55,Charge,26.55,U02932,West,Medium,Pending,880.5
P001295,Home & Kitchen,180.14,Beat,180.14,U00974,East,Medium,Pending,502.03
P005999,Electronics,138.35,Air,138.35,U01429,West,High,Completed,387.1
P004373,Books,37.89,Pass,37.89,U00690,North,High,Pending,1134.85
P006289,Sports,148.66,Property,148.66,U01109,South,High,Refunded,1079.46
P005926,Electronics,30.15,Responsibility,30.15,U02515,West,High,Pending,1464.85
P002529,Sports,73.99,Left,73.99,U02700,South,High,Completed,1531.95
P007190,Electronics,109.8,Activity,109.8,U01168,South,Low,Completed,1453.44
P004376,Groceries,64.23,Move,64.23,U02317,North,Medium,Completed,411.07
P003478,Beauty,49.69,Always,49.69,U00336,West,High,Completed,793.75
P006126,Beauty,212.07,Training,212.07,U01355,South,Low,Pending,1613.45
P004124,Clothing,133.49,Despite,133.49,U02298,East,Low,Completed,484.84
P001791,Beauty,73.63,Skin,73.63,,South,High,Completed,657.49
P004127,Sports,188.52,Soldier,188.52,U00910,East,High,Completed,1314.07
P007311,Books,143.99,Town,143.99,U00194,South,Low,Completed,324.96
P002384,Electronics,194.89,When,194.89,U00862,West,Medium,Cancelled,476.64
P001021,Home & Kitchen,157.42,Home,157.42,U00940,West,Medium,Completed,2944.39
P002058,Home & Kitchen,99.35,Late,99.35,U02971,South,Low,Completed,384.03
P005774,Sports,116.13,Evidence,116.13,U00409,South,High,Completed,377.31
P002738,Beauty,104.14,Start,104.14,U01569,East,High,Pending,1199.6
P001471,Groceries,59.11,Foreign,59.11,U02568,West,High,Completed,266.08
P000085,Beauty,26.0,Figure,26.0,U00726,West,Low,Completed,732.79
P003191,Clothing,144.71,Far,144.71,U02574,North,High,Completed,660.65
P005762,Sports,129.99,Film,129.99,U02235,East,Low,Pending,1718.49
P001505,Home & Kitchen,39.25,Place,39.25,U01388,North,High,Completed,212.39
P002920,Sports,100.93,Rest,100.93,U02203,North,Low,Completed,1361.34
P003331,Home & Kitchen,121.38,Office,121.38,U02253,North,Low,Completed,1109.34
P003102,Sports,69.22,Hospital,69.22,U02380,West,High,Completed,299.51
P000750,Sports,59.84,These,59.84,U01958,North,Medium,Cancelled,993.67
P001734,Home & Kitchen,88.89,Drug,88.89,U02103,West,Low,Completed,539.17
P003794,Clothing,275.94,Do,275.94,U00948,West,High,Completed,486.09
P000188,Home & Kitchen,219.98,Newspaper,219.98,U01321,East,Low,Completed,1549.38
P007222,Electronics,46.15,Practice,46.15,U02833,North,High,Completed,1146.65
P005740,Clothing,32.48,Owner,32.48,U00017,North,Medium,Completed,356.99
P002535,Beauty,194.19,Economy,194.19,U00970,North,Low,Pending,1173.4
P006087,Beauty,34.19,Question,34.19,U00775,West,High,Completed,1624.12
P002736,Electronics,141.66,Continue,141.66,U02993,South,Medium,Completed,454.58
P007047,Electronics,55.34,Build,55.34,U00409,East,High,Completed,445.35
P000344,Clothing,42.96,Manage,42.96,U00741,South,High,Completed,331.07
P006864,Sports,20.69,Check,20.69,U02949,North,High,Completed,289.55
P004504,Books,196.72,Decade,196.72,U00294,South,Medium,Completed,711.39
P002842,Books,17.29,Remain,17.29,U02529,South,High,Pending,945.71
P006601,Electronics,147.35,Put,147.35,U00363,South,High,Completed,1034.79
P002647,Books,56.83,Dinner,56.83,U02995,South,Medium,Completed,1653.8
P001502,Home & Kitchen,46.34,Identify,46.34,U02046,South,Medium,Cancelled,348.64
P002775,Electronics,29.04,Training,29.04,U00748,North,Low,Completed,1439.61
P006055,Clothing,225.39,Tough,225.39,U01944,West,High,Cancelled,1582.09
P005701,Electronics,160.85,Officer,160.85,U01526,West,Low,Completed,1664.73
P000518,Sports,14.06,Record,14.06,U02031,North,Medium,Refunded,893.71
P001324,Clothing,339.16,Process,339.16,U02544,South,High,Completed,661.53
P000601,Home & Kitchen,25.47,Opportunity,25.47,U02784,South,Medium,Refunded,533.05
P005818,Electronics,23.49,Right,23.49,,East,Low,Completed,1015.8
P006726,Beauty,151.85,Wonder,151.85,U00015,North,High,Cancelled,1379.75
P005947,Home & Kitchen,79.64,Floor,79.64,U02043,North,High,Completed,336.99
P000247,Beauty,109.98,Theory,109.98,U01617,North,Medium,Completed,1917.61
P006369,Home & Kitchen,49.39,Always,49.39,,East,High,Completed,353.17
P001828,Books,68.63,Hot,68.63,U00515,East,High,Completed,226.09
P006613,Home & Kitchen,15.64,Close,15.64,U02959,West,High,Completed,568.48
P003988,Clothing,121.85,Throw,121.85,U00969,South,Medium,Completed,1241.68
P004476,Books,26.88,Research,26.88,U01530,East,High,Completed,307.1
P006004,Sports,50.67,Deep,50.67,U02964,West,High,Cancelled,627.11
P005543,Clothing,73.84,Case,73.84,U01118,East,Low,Completed,1445.92
P005751,Electronics,99.72,Than,99.72,U02736,North,Low,Completed,1031.96
P003112,Home & Kitchen,15.65,End,15.65,U02290,North,Medium,Completed,334.8
P006682,Sports,72.47,Glass,72.47,U01057,West,High,Cancelled,447.81
P001896,Home & Kitchen,96.88,Him,96.88,U01358,West,Low,Completed,402.99
P003497,Clothing,35.35,Management,35.35,U02133,North,Low,Cancelled,115.85
P002613,Groceries,25.72,Eat,25.72,U00587,North,Medium,Completed,1812.66
P003729,Beauty,121.38,Magazine,121.38,U00841,South,Low,Completed,899.11
P002572,Clothing,51.07,Turn,51.07,U01158,North,Medium,Completed,617.76
P007471,Clothing,109.01,By,109.01,U00707,East,Low,Completed,700.0
P003066,Electronics,135.85,Visit,135.85,U01148,East,Medium,Completed,1010.86
P002192,Groceries,97.38,Policy,97.38,U00788,South,Medium,Completed,1544.84
P005278,Beauty,80.11,Simply,80.11,U02842,North,Medium,Pending,563.35
P004518,Electronics,140.16,At,140.16,U00614,East,Low,Refunded,606.94
P007004,Clothing,59.92,Just,59.92,U02968,West,Medium,Pending,653.11
P004896,Clothing,81.25,Cell,81.25,U00657,North,Low,Completed,807.78
P000002,Clothing,60.29,Brother,60.29,U00572,North,High,Pending,693.99
P004503,Groceries,87.75,Use,87.75,U00500,East,Low,Completed,1561.81
P002210,Groceries,161.82,Foot,161.82,U01837,North,Medium,Completed,1141.85
P003475,Clothing,83.6,With,83.6,U00711,South,Medium,Completed,2033.92
P007272,Books,56.57,Others,56.57,,East,Low,Completed,866.34
P003027,Clothing,82.26,Possible,82.26,,North,Low,Completed,1177.93
P000807,Books,90.17,If,90.17,U01815,East,Medium,Pending,613.49
P006339,Electronics,141.05,Right,141.05,U01140,East,Low,Completed,389.87
P005463,Sports,60.19,All,60.19,U02674,South,Medium,Completed,434.16
P002788,Sports,28.87,Six,28.87,U02260,East,Low,Completed,1228.61
P002117,Electronics,69.56,Sound,69.56,U01613,West,Low,Completed,993.94
P000712,Beauty,222.47,Himself,222.47,U01616,North,High,Completed,1027.29
P005346,Home & Kitchen,14.39,Maintain,14.39,U01748,West,High,Refunded,1199.58
P006489,Books,69.63,Business,69.63,U02191,South,Low,Completed,759.53
P003677,Clothing,137.12,Almost,137.12,U00071,South,High,Completed,721.84
P001362,Beauty,163.19,Minute,163.19,U01207,East,Low,Completed,2028.96
P000802,Home & Kitchen,49.05,Professional,49.05,U00590,West,Low,Completed,568.24
P004432,Beauty,186.36,Per,186.36,U01499,West,Medium,Completed,1901.26
P006274,Groceries,37.89,Determine,37.89,U02547,North,High,Completed,721.42
P001523,Groceries,96.48,Able,96.48,U02398,East,Medium,Completed,322.7
P007104,Groceries,45.8,Rich,45.8,U01846,South,High,Completed,1825.18
P005456,Beauty,47.8,Important,47.8,U02632,North,High,Completed,670.01
P005128,Home & Kitchen,64.29,Another,64.29,U02029,East,Medium,Cancelled,362.47
P000886,Books,44.59,Be,44.59,U00536,West,Medium,Completed,1237.96
P002081,Groceries,40.42,Peace,40.42,U00254,South,Medium,Refunded,659.16
P003264,Sports,96.9,Agreement,96.9,U00029,East,Medium,Pending,692.53
P007925,Books,28.87,According,28.87,U01658,West,Medium,Completed,269.55
P005848,Books,22.09,System,22.09,U00084,East,Low,Completed,975.4
P001171,Home & Kitchen,95.77,On,95.77,U02254,East,Medium,Refunded,252.79
P002905,Books,53.59,Rule,53.59,U01249,West,High,Completed,1237.82
P001805,Groceries,55.26,Industry,55.26,U00366,West,Medium,Completed,770.38
P006766,Books,140.69,Movie,140.69,U00077,East,Low,Completed,2433.27
P001842,Sports,85.85,Raise,85.85,U01952,North,Low,Completed,644.35
P004131,Home & Kitchen,25.75,Information,25.75,U00091,North,Low,Completed,857.89
P004930,Clothing,93.13,Have,93.13,U02927,North,Low,Completed,1060.64
P003480,Groceries,65.58,Fire,65.58,U00841,West,Medium,Pending,647.98
P003846,Electronics,56.68,Important,56.68,U00027,West,High,Completed,933.97
P000572,Groceries,56.13,Rock,56.13,U00419,South,Low,Completed,891.13
P006907,Books,101.3,Field,101.3,U01126,North,Medium,Completed,300.55
P005527,Sports,78.98,Military,78.98,U01700,South,Medium,Completed,439.34
P000435,Electronics,47.77,Coach,47.77,U01583,West,High,Completed,794.25
P002163,Home & Kitchen,192.4,Dinner,192.4,U00699,East,Low,Completed,1841.36
P007380,Sports,56.15,Others,56.15,U01151,West,High,Cancelled,406.35
P003592,Sports,154.53,While,154.53,U02419,South,Medium,Pending,1053.45
P004355,Groceries,75.39,Issue,75.39,U00753,North,High,Completed,2301.23
P005009,Electronics,208.69,Few,208.69,U02901,West,Low,Completed,551.32
P007513,Groceries,21.06,After,21.06,U00810,South,Low,Cancelled,1100.64
P005608,Groceries,33.57,Science,33.57,U00184,East,Medium,Refunded,515.61
P005840,Electronics,177.26,Pressure,177.26,U01717,West,High,Completed,966.95
P005880,Clothing,74.06,Tv,74.06,U01395,West,High,Completed,386.46
P002553,Beauty,83.63,Hold,83.63,U00647,East,Low,Completed,588.84
P002413,Sports,128.59,Poor,128.59,U01339,West,Low,Completed,758.31
P007615,Home & Kitchen,69.1,Whatever,69.1,U00633,West,Medium,Completed,288.17
P000764,Electronics,73.94,Republican,73.94,,East,Medium,Completed,1133.75
P001346,Books,49.99,Smile,49.99,U00065,South,High,Cancelled,457.39
P003042,Clothing,40.2,Point,40.2,U02306,North,High,Completed,698.37
P004342,Clothing,154.16,Yes,154.16,U00188,East,Medium,Completed,343.89
P000968,Sports,229.84,Trial,229.84,U01615,North,Medium,Completed,717.84
P000170,Electronics,271.11,Minute,271.11,U01035,West,Low,Pending,595.44
P007664,Electronics,124.9,Land,124.9,U01854,South,Low,Completed,1682.45
P000268,Electronics,68.33,May,68.33,U00520,West,High,Completed,280.22
P005245,Clothing,36.51,Through,36.51,U01489,West,Medium,Completed,855.7
P005236,Home & Kitchen,165.35,As,165.35,U02670,East,Medium,Completed,2060.0
P005980,Beauty,279.7,Name,279.7,,West,Medium,Completed,1008.04
P001507,Sports,113.87,Skin,113.87,U00903,West,Medium,Completed,534.34
P000352,Beauty,196.07,Ask,196.07,,East,Low,Pending,546.4
P006695,Clothing,133.83,Song,133.83,U00789,South,Low,Pending,1195.17
P000465,Books,30.48,Every,30.48,U02404,South,Low,Completed,1051.09
P003748,Home & Kitchen,26.37,Admit,26.37,U02307,North,Low,Completed,1816.78
P006597,Sports,75.76,Meet,75.76,U00714,East,Low,Refunded,1529.76
P000235,Beauty,143.21,Win,143.21,,West,Medium,Completed,571.83
P005126,Sports,40.13,Mr,40.13,U01531,North,Medium,Pending,188.42
P004695,Home & Kitchen,58.16,Teach,58.16,U02458,North,High,Completed,805.21
P002142,Books,179.82,Scientist,179.82,U01256,West,Low,Completed,792.85
P006643,Books,107.46,Behavior,107.46,U00103,West,Medium,Pending,1285.79
P003201,Home & Kitchen,56.71,Study,56.71,U01887,West,Medium,Refunded,1716.7
P007216,Groceries,52.63,Today,52.63,U01118,North,High,Completed,746.09
P001440,Beauty,36.81,Maintain,36.81,U02211,South,Medium,Pending,1392.18
P007357,Home & Kitchen,98.92,Center,98.92,U01238,East,Low,Completed,1778.73
P007230,Sports,96.97,Our,96.97,U02029,South,Low,Completed,1186.72
P000452,Books,62.66,Employee,62.66,U00566,South,High,Completed,1760.07
P000102,Clothing,84.38,Example,84.38,U02522,East,Medium,Completed,280.2
P000499,Books,73.94,Election,73.94,U00893,North,Low,Completed,2059.7
P000032,Beauty,63.68,Kind,63.68,U02562,East,High,Completed,1036.12
P005828,Beauty,101.6,Indicate,101.6,U00518,North,High,Completed,1082.47
P001163,Home & Kitchen,44.27,Interview,44.27,U00777,South,High,Completed,1092.41
P000006,Groceries,31.85,Election,31.85,U00027,South,High,Completed,982.02
P007578,Sports,53.13,Most,53.13,U02621,South,Medium,Refunded,662.05
P005132,Clothing,53.52,Election,53.52,U02539,North,Medium,Completed,767.38
P007900,Clothing,91.64,Since,91.64,,East,Medium,Completed,1086.94
P006301,Home & Kitchen,35.68,Address,35.68,U01309,East,Low,Pending,194.0
P004275,Clothing,65.0,Set,65.0,U00012,South,Low,Cancelled,803.66
P003886,Beauty,59.27,Administration,59.27,U02034,South,Medium,Completed,966.14
P002877,Home & Kitchen,55.59,Ball,55.59,U01681,South,High,Completed,697.89
P002919,Groceries,90.57,Take,90.57,U02079,North,Medium,Completed,1096.27
P007803,Sports,60.72,Hand,60.72,U01852,West,Low,Completed,1258.71
P001241,Books,46.05,Entire,46.05,U02343,North,High,Completed,1030.83
P004987,Groceries,121.94,Outside,121.94,U00314,West,Medium,Cancelled,878.67
P002998,Home & Kitchen,49.76,Trouble,49.76,U00067,North,Medium,Pending,940.31
P003607,Electronics,77.56,Beat,77.56,U01347,South,Medium,Completed,285.27
P007228,Beauty,146.38,Remain,146.38,U02179,North,Low,Cancelled,740.98
P001058,Clothing,76.84,Support,76.84,U01952,East,Medium,Completed,627.71
P007596,Beauty,59.4,Nearly,59.4,U00107,South,High,Completed,560.17
P004453,Books,71.32,Still,71.32,U00500,West,High,Pending,1253.92
P007697,Books,23.25,Drug,23.25,U00882,West,High,Completed,533.92
P004913,Groceries,31.42,Civil,31.42,U02835,East,High,Completed,1097.47
P003608,Clothing,14.48,Never,14.48,U02995,East,Low,Completed,1313.04
P003972,Electronics,159.83,Stuff,159.83,U00369,South,Medium,Completed,1144.52
P006375,Groceries,67.18,Nor,67.18,U00330,East,High,Completed,555.7
P007001,Sports,300.81,Stop,300.81,U00214,South,Medium,Completed,349.96
P006231,Beauty,21.86,Yet,21.86,U00323,East,High,Refunded,1243.22
P001317,Clothing,42.87,Avoid,42.87,U00589,East,Medium,Completed,1244.36
P005831,Sports,153.81,Send,153.81,U02762,South,Low,Completed,2027.67
P006377,Home & Kitchen,19.96,Anything,19.96,U00851,South,Low,Completed,455.25
P000290,Beauty,43.53,Left,43.53,U02547,North,High,Cancelled,1369.34
P004392,Groceries,51.14,Who,51.14,U02365,South,High,Completed,1625.38
P001948,Electronics,34.18,Now,34.18,U01581,East,Low,Completed,1275.65
P002772,Beauty,21.53,Cut,21.53,U00014,East,Medium,Completed,1362.18
P000057,Books,60.78,Guy,60.78,U02277,West,Low,Completed,1238.86
P006974,Beauty,33.1,Among,33.1,U02787,West,Medium,Completed,387.44
P002127,Clothing,39.56,Pretty,39.56,U02818,North,High,Pending,664.18
P001178,Sports,67.04,He,67.04,U01024,South,Medium,Pending,436.75
P004995,Groceries,35.46,Speech,35.46,U02610,West,Medium,Completed,872.41
P002862,Groceries,106.26,Start,106.26,U00341,South,High,Refunded,1519.61
P002541,Home & Kitchen,21.3,Step,21.3,U02781,East,Low,Completed,1620.78
P003395,Electronics,27.0,Their,27.0,U02048,East,Medium,Completed,118.96
P005512,Home & Kitchen,257.84,School,257.84,,North,High,Completed,544.64
P001415,Beauty,82.63,Rule,82.63,U01841,North,Low,Completed,378.78
P007714,Sports,78.78,Area,78.78,U00629,West,High,Completed,629.61
P003213,Beauty,77.04,Amount,77.04,U00811,South,Medium,Completed,482.54
P005823,Books,44.02,Upon,44.02,U01473,West,High,Refunded,568.77
P000972,Beauty,35.87,Ever,35.87,U02324,North,High,Completed,1055.1
P001418,Sports,45.63,Recognize,45.63,U00611,South,Low,Completed,296.27
P000647,Groceries,112.31,Hard,112.31,U00260,West,Low,Refunded,1046.92
P000622,Sports,165.82,Go,165.82,U02841,South,High,Completed,195.91
P003010,Electronics,39.24,Down,39.24,U00106,East,Low,Cancelled,577.63
P004461,Beauty,28.62,Seven,28.62,U00605,South,Medium,Completed,1673.77
P006871,Sports,204.77,Stock,204.77,U00926,North,Medium,Completed,514.61
P002527,Beauty,143.42,Company,143.42,U00574,East,High,Completed,328.38
P005368,Home & Kitchen,59.48,Peace,59.48,U02580,North,High,Completed,819.71
P000770,Beauty,85.61,Style,85.61,U00137,East,Low,Completed,1314.34
P005825,Sports,212.73,Maybe,212.73,U00071,North,Low,Cancelled,434.06
P003048,Groceries,15.39,That,15.39,U00002,North,Medium,Completed,1454.52
P000755,Groceries,189.38,Law,189.38,U01322,South,Low,Pending,1096.11
P003614,Groceries,70.45,Whose,70.45,U00498,West,High,Completed,1623.28
P000822,Books,33.69,Large,33.69,U00710,North,Low,Completed,2111.75
P005842,Beauty,34.16,Camera,34.16,U02226,West,Low,Completed,387.83
P004431,Clothing,62.95,Respond,62.95,U00143,South,Low,Completed,1297.46
P007906,Beauty,53.75,Evidence,53.75,U02940,North,Medium,Completed,349.37
P002365,Sports,95.18,Theory,95.18,U01762,South,High,Refunded,1622.03
P005836,Clothing,26.71,Nation,26.71,U02952,West,High,Completed,515.01
P005610,Groceries,153.11,Include,153.11,U01980,North,High,Cancelled,1950.8
P002198,Clothing,140.28,Music,140.28,U00168,North,Low,Completed,628.91
P001450,Clothing,155.05,Letter,155.05,U01690,South,Medium,Cancelled,756.99
P003100,Electronics,57.14,Case,57.14,,West,Medium,Completed,1175.03
P006802,Clothing,85.04,Play,85.04,U01734,East,Low,Cancelled,1532.04
P002880,Sports,25.32,Next,25.32,U02563,West,High,Completed,404.21
P007055,Books,220.77,Nation,220.77,U02264,North,Medium,Completed,1116.1
P000642,Groceries,95.69,Doctor,95.69,U01014,West,Medium,Completed,1783.85
P002372,Electronics,141.76,Possible,141.76,U00106,West,Low,Completed,627.13
P007937,Books,38.09,Upon,38.09,,North,High,Refunded,1335.9
P005194,Sports,32.69,Eight,32.69,U00307,North,High,Pending,415.89
P003020,Clothing,40.02,Debate,40.02,U00585,South,High,Completed,968.73
P001166,Books,14.37,Follow,14.37,,North,Low,Pending,832.01
P007654,Home & Kitchen,69.17,High,69.17,U00562,West,Medium,Completed,1637.48
P002061,Beauty,28.13,Especially,28.13,U01947,West,High,Completed,653.78
P000881,Books,39.87,Expert,39.87,U01959,West,High,Cancelled,1429.95
P000889,Sports,42.46,During,42.46,U02143,North,Medium,Completed,1373.22
P006646,Clothing,69.8,Likely,69.8,U02796,North,Low,Completed,905.79
P007950,Sports,32.96,Social,32.96,U02773,North,Low,Cancelled,1561.64
P000656,Groceries,49.87,Data,49.87,U02974,South,Medium,Completed,445.03
P005509,Beauty,205.08,Perhaps,205.08,U02053,South,Low,Completed,1002.29
P000694,Electronics,72.99,Part,72.99,U01002,North,Medium,Completed,186.98
P002637,Home & Kitchen,238.47,Song,238.47,U02855,South,High,Completed,549.16
P004910,Groceries,31.72,Different,31.72,U01294,North,Low,Cancelled,813.86
P003732,Home & Kitchen,74.33,Fact,74.33,U00675,East,Medium,Completed,899.55
P001606,Groceries,43.44,Town,43.44,U02350,West,Low,Completed,970.83
P005081,Sports,54.49,Compare,54.49,U01643,West,Medium,Completed,828.86
P005807,Sports,42.19,Something,42.19,U01824,North,Low,Completed,681.19
P004886,Clothing,67.5,Form,67.5,U00206,West,Low,Completed,1220.28
P000119,Clothing,71.94,Push,71.94,U01113,East,Medium,Cancelled,832.8
P000644,Books,53.74,Technology,53.74,U00382,West,High,Pending,944.67
P007625,Clothing,17.47,Space,17.47,,West,Low,Completed,572.93
P002391,Electronics,93.59,Maybe,93.59,U02981,South,Medium,Completed,1298.63
P003413,Electronics,157.36,Draw,157.36,U00416,South,Low,Completed,1725.4
P005204,Groceries,123.86,Office,123.86,U00935,West,Low,Completed,1661.11
P004692,Books,99.07,Chair,99.07,U02072,South,Low,Cancelled,799.34
P003730,Electronics,48.08,Half,48.08,U02122,South,High,Completed,1271.97
P005386,Sports,162.57,Glass,162.57,U02859,East,Low,Refunded,1139.54
P002510,Home & Kitchen,55.56,Recently,55.56,U00101,West,Medium,Completed,1466.08
P000303,Clothing,171.35,Per,171.35,U01235,South,Low,Pending,1092.39
P002150,Books,23.64,True,23.64,U01876,South,Medium,Refunded,655.21
P006228,Sports,97.12,Protect,97.12,U02289,South,Low,Completed,334.95
P006105,Clothing,79.18,Blue,79.18,U00632,North,High,Pending,805.04
P003564,Sports,36.24,Rich,36.24,,North,High,Completed,1673.32
P004631,Groceries,111.6,Statement,111.6,U01238,West,Low,Completed,172.68
P001906,Sports,215.13,Fact,215.13,U02553,West,High,Completed,1457.41
P004448,Books,202.43,Change,202.43,U02231,South,Low,Pending,544.94
P002550,Groceries,29.29,Well,29.29,U00414,North,Medium,Completed,1023.53
P001560,Electronics,92.46,Season,92.46,U00741,East,Medium,Completed,487.24
P003043,Clothing,144.02,Green,144.02,U02842,South,Medium,Completed,1832.41
P004479,Sports,125.9,Wonder,125.9,U02472,South,Low,Completed,1162.63
P000197,Beauty,28.71,Rest,28.71,U00005,West,Medium,Completed,568.93
P004366,Sports,26.32,Land,26.32,U01735,East,Low,Completed,573.05
P007472,Beauty,65.28,Recent,65.28,U02662,North,High,Refunded,1261.77
P002343,Home & Kitchen,103.32,Product,103.32,U00515,West,High,Refunded,1617.29
P004953,Sports,19.59,Type,19.59,U02488,East,Medium,Completed,338.09
P005021,Sports,58.99,Note,58.99,U01347,East,Low,Completed,1849.16
P001803,Books,39.57,Shake,39.57,U02481,South,Low,Completed,661.35
P005470,Clothing,45.65,Marriage,45.65,U02491,North,High,Completed,802.29
P002966,Electronics,132.38,Series,132.38,U02865,East,Medium,Cancelled,1295.89
P006435,Sports,146.63,Score,146.63,U00361,North,Low,Completed,672.52
P004118,Groceries,349.7,Alone,349.7,,West,High,Pending,1563.01
P003134,Clothing,60.63,Collection,60.63,U02608,West,Low,Completed,1194.34
P005138,Beauty,26.92,Citizen,26.92,,North,Low,Cancelled,574.28
P002123,Groceries,108.97,Through,108.97,U02230,South,Medium,Refunded,1832.59
P004502,Electronics,25.67,Positive,25.67,U01989,East,Low,Cancelled,819.52
P000995,Sports,53.23,Door,53.23,U01480,West,Medium,Cancelled,1502.65
P003150,Beauty,91.28,Past,91.28,U01177,North,High,Pending,230.44
P002735,Books,84.09,Question,84.09,U02701,South,Low,Completed,222.75
P006355,Books,90.59,Door,90.59,U02064,East,Low,Cancelled,588.22
P003113,Books,57.32,Chance,57.32,U00606,North,High,Completed,600.58
P002967,Home & Kitchen,238.22,Serve,238.22,U00880,South,Medium,Completed,1357.05
P003516,Home & Kitchen,106.79,Represent,106.79,U01568,West,Medium,Completed,678.0
P005625,Electronics,27.61,Write,27.61,U02086,West,High,Pending,2764.11
P003119,Books,130.31,Treat,130.31,U02404,East,Low,Refunded,1037.23
P004119,Beauty,140.78,Country,140.78,U02698,West,Low,Completed,1739.08
P001338,Home & Kitchen,106.86,The,106.86,U00523,East,Low,Completed,1174.52
P006514,Sports,62.8,Build,62.8,U00686,West,Medium,Completed,270.92
P000528,Groceries,38.11,On,38.11,U01242,North,Low,Refunded,542.22
P004699,Books,121.34,Over,121.34,U02205,North,High,Pending,663.84
P006224,Electronics,67.44,Buy,67.44,U02462,West,High,Pending,474.74
P000754,Electronics,141.51,Develop,141.51,U01531,West,High,Completed,641.31
P003454,Groceries,89.86,To,89.86,U02616,South,Low,Completed,365.24
P003918,Sports,62.69,Modern,62.69,U01611,West,High,Completed,1221.17
P000994,Groceries,24.7,Hard,24.7,U01514,South,Low,Completed,1642.99
P000928,Beauty,58.03,Kind,58.03,U01854,North,High,Cancelled,1958.38
P006388,Electronics,86.31,Keep,86.31,U02244,North,High,Cancelled,1497.43
P001232,Clothing,112.03,Actually,112.03,U02443,South,Low,Completed,1600.29
P007582,Clothing,105.99,Meet,105.99,U02067,West,Low,Completed,212.37
P001275,Sports,29.68,When,29.68,U02896,East,Medium,Completed,685.01
P007460,Home & Kitchen,34.0,My,34.0,U00154,East,Low,Refunded,122.16
P004535,Books,20.76,Purpose,20.76,U01783,West,Medium,Completed,979.8
P006306,Home & Kitchen,52.38,Nice,52.38,U00383,East,Low,Pending,868.32
P003538,Clothing,36.92,Energy,36.92,U01711,South,Medium,Completed,351.94
P002341,Clothing,105.72,Future,105.72,U02046,East,Low,Pending,493.34
P005192,Groceries,59.55,Sister,59.55,U01763,South,Low,Completed,579.49
P000037,Beauty,149.81,Table,149.81,U00284,South,Low,Completed,1265.43
P007439,Sports,8.31,Whatever,8.31,U00032,North,Low,Completed,465.59
P004250,Sports,59.63,Owner,59.63,U01327,North,Medium,Completed,1324.98
P002331,Clothing,35.59,Soon,35.59,U00343,South,Low,Completed,529.83
P003393,Clothing,152.06,Difficult,152.06,U01245,West,High,Completed,688.84
P000944,Clothing,82.28,Great,82.28,U02718,East,Medium,Completed,758.54
P007082,Books,178.16,Religious,178.16,U00289,South,High,Completed,1620.83
P002313,Beauty,196.25,Board,196.25,U01811,South,Low,Refunded,1015.58
P005105,Books,66.63,Model,66.63,U01693,North,Low,Refunded,1022.21
P007484,Sports,35.04,Performance,35.04,U00961,East,High,Completed,850.45
P001962,Sports,21.11,Per,21.11,,West,Medium,Cancelled,1602.5
P005057,Clothing,258.49,Population,258.49,U02010,West,Low,Completed,640.32
P005276,Groceries,331.88,School,331.88,U02488,South,Medium,Completed,847.55
P007019,Books,64.81,Soldier,64.81,U01036,South,High,Completed,372.82
P004296,Beauty,106.8,Law,106.8,U02646,South,High,Completed,1561.99
P001721,Home & Kitchen,27.0,Star,27.0,U01885,West,High,Refunded,1609.19
P000790,Home & Kitchen,195.81,Choice,195.81,U02346,South,Medium,Completed,971.06
P005757,Home & Kitchen,99.51,Bill,99.51,U02943,South,High,Completed,639.13
P004865,Beauty,17.56,Response,17.56,U01946,West,Low,Pending,1074.84
P000502,Clothing,22.22,Coach,22.22,U02628,West,Medium,Refunded,766.32
P002984,Books,42.03,Guy,42.03,U00821,East,High,Cancelled,507.34
P004679,Clothing,110.21,Determine,110.21,U00395,North,Medium,Completed,1824.77
P005965,Beauty,56.54,Exist,56.54,U01847,East,Low,Completed,1248.11
P006671,Beauty,26.56,Real,26.56,U01798,South,Low,Completed,336.79
P001685,Books,36.04,Coach,36.04,U00607,North,Medium,Completed,358.65
P004837,Electronics,19.58,Enough,19.58,U00415,West,Medium,Completed,344.35
P003659,Books,143.48,Technology,143.48,U02377,North,High,Completed,892.18
P002239,Electronics,69.71,Operation,69.71,U02967,South,High,Pending,1313.19
P000858,Electronics,79.36,Cold,79.36,U01502,North,Medium,Cancelled,760.7
P000016,Sports,89.84,Performance,89.84,U02987,South,Low,Completed,626.74
P004488,Books,94.5,Last,94.5,U00750,North,Medium,Completed,733.74
P000109,Sports,72.32,Prove,72.32,,West,Medium,Cancelled,821.03
P007790,Clothing,42.37,Since,42.37,U02460,North,High,Pending,527.59
P002669,Home & Kitchen,109.47,At,109.47,U02818,East,High,Completed,1859.17
P001031,Home & Kitchen,15.43,Foreign,15.43,U01040,East,High,Completed,1094.2
P005989,Clothing,121.69,Foreign,121.69,U00019,West,Low,Refunded,1100.29
P002027,Groceries,88.47,Financial,88.47,U02959,East,High,Completed,789.64
P006627,Groceries,84.8,Fall,84.8,U00422,West,High,Completed,772.39
P000643,Books,111.21,Decision,111.21,U01101,West,Medium,Completed,267.64
P002672,Home & Kitchen,19.88,West,19.88,U02581,West,High,Completed,1086.48
P004017,Books,34.15,Receive,34.15,U02431,West,Low,Completed,2609.5
P003069,Clothing,180.1,Figure,180.1,U02422,West,High,Completed,1597.44
P003963,Books,36.44,Term,36.44,U02010,South,Medium,Refunded,572.59
P000532,Groceries,59.18,Point,59.18,U01264,East,Medium,Completed,1966.08
P002323,Beauty,87.63,Bag,87.63,U01905,North,Low,Completed,1405.83
P000612,Electronics,98.49,Commercial,98.49,U02887,South,Low,Completed,910.33
P005320,Beauty,174.77,Dinner,174.77,U02731,South,Low,Pending,1449.82
P005786,Sports,143.67,Another,143.67,U00456,West,Low,Pending,971.73
P007786,Sports,103.05,Peace,103.05,U02593,East,Medium,Pending,1099.72
P007758,Electronics,108.97,Summer,108.97,U01261,East,Low,Pending,1359.28
P003913,Clothing,104.38,Foot,104.38,U01511,North,High,Completed,2169.53
P004923,Electronics,214.18,Black,214.18,U02010,East,High,Cancelled,1342.3
P004457,Clothing,173.32,Happen,173.32,U01774,West,Medium,Completed,1068.33
P001174,Groceries,67.71,Large,67.71,U00027,East,Low,Completed,543.22
P000373,Books,44.89,Level,44.89,U01961,South,Low,Completed,716.03
P001729,Clothing,100.82,Well,100.82,U00625,West,Medium,Completed,227.54
P003235,Electronics,127.68,Sister,127.68,,East,Low,Completed,1167.33
P005756,Electronics,43.29,Decision,43.29,U00696,East,High,Completed,685.88
P001403,Sports,193.91,Benefit,193.91,U02899,West,Medium,Completed,348.69
P003696,Clothing,44.36,How,44.36,U01520,North,Low,Completed,674.41
P006557,Groceries,81.32,This,81.32,U01919,East,Medium,Completed,737.27
P006770,Home & Kitchen,20.41,Cost,20.41,U00523,East,Low,Completed,1042.25
P006480,Books,74.72,Among,74.72,U00500,East,Medium,Pending,502.7
P001543,Groceries,114.03,Lose,114.03,U02831,East,Low,Pending,957.92
P003721,Beauty,329.44,Serve,329.44,U02194,West,Low,Cancelled,551.2
P000426,Home & Kitchen,37.71,Former,37.71,U02521,West,Low,Refunded,806.6
P004187,Home & Kitchen,43.0,Husband,43.0,U00312,South,High,Completed,359.43
P002267,Clothing,48.78,Garden,48.78,U01576,North,High,Completed,938.75
P004096,Electronics,48.97,News,48.97,U00649,North,High,Pending,689.35
P006412,Electronics,56.98,Certain,56.98,U00834,East,Low,Completed,782.33
P004353,Clothing,228.66,Stuff,228.66,U01555,East,Medium,Completed,660.35
P005945,Beauty,47.23,Television,47.23,U00871,West,Medium,Completed,853.93
P006931,Beauty,31.16,Down,31.16,U00909,West,Medium,Completed,749.17
P002686,Electronics,94.91,Possible,94.91,U02959,North,Medium,Completed,277.37
P006595,Home & Kitchen,37.05,Short,37.05,U02759,South,Medium,Pending,681.04
P007923,Beauty,100.11,Mind,100.11,U00554,North,High,Completed,1717.74
P006984,Sports,70.32,Threat,70.32,U00978,West,High,Completed,2579.73
P000122,Groceries,19.68,Discuss,19.68,U02223,West,Medium,Completed,1675.4
P003300,Beauty,82.74,Civil,82.74,U00792,East,High,Completed,288.99
P003688,Sports,60.57,House,60.57,U02316,East,Low,Completed,545.09
P007304,Books,124.74,Boy,124.74,U00668,East,High,Completed,693.31
P000866,Electronics,198.9,Though,198.9,U01158,North,Low,Completed,1090.59
P000533,Home & Kitchen,114.52,Develop,114.52,U01909,North,High,Completed,649.03
P005857,Sports,63.65,Test,63.65,U01385,East,Medium,Completed,837.31
P001014,Groceries,11.54,Organization,11.54,U00687,East,Medium,Completed,637.56
P004032,Groceries,51.52,Morning,51.52,U00036,East,Low,Completed,432.79
P004152,Groceries,24.86,Shake,24.86,U02703,North,Low,Completed,1385.93
P007233,Electronics,85.27,Today,85.27,U01155,West,High,Completed,1168.95
P003626,Electronics,61.85,Community,61.85,U02339,East,Low,Refunded,2363.76
P006913,Groceries,148.2,Impact,148.2,U00112,South,Low,Cancelled,388.99
P003577,Clothing,50.52,Find,50.52,U02944,West,Medium,Completed,1067.84
P004069,Beauty,101.87,Ready,101.87,U02164,East,Medium,Completed,516.04
P003714,Home & Kitchen,37.47,They,37.47,U00445,North,Low,Completed,1270.73
P003298,Sports,93.59,Former,93.59,U01318,North,High,Completed,93.9
P006417,Electronics,27.98,Much,27.98,U02003,East,Medium,Cancelled,1359.72
P000911,Sports,73.23,Safe,73.23,U02066,South,Medium,Completed,254.81
P000571,Electronics,37.58,Use,37.58,U00022,East,Medium,Completed,1544.9
P006716,Sports,157.02,Series,157.02,U02149,West,Low,Cancelled,1398.21
P006188,Sports,57.44,Open,57.44,U02069,North,Low,Completed,758.97
P000222,Books,46.64,Process,46.64,U02804,East,Low,Pending,1175.91
P003719,Sports,60.13,Major,60.13,U01824,East,Medium,Completed,589.78
P004189,Books,73.17,Sport,73.17,U01961,East,Low,Completed,661.81
P007189,Books,74.12,Hour,74.12,U00424,North,Medium,Pending,519.58
P000575,Groceries,86.17,Offer,86.17,,North,Medium,Completed,912.5
P001757,Beauty,63.5,For,63.5,U00407,South,High,Completed,606.71
P004430,Groceries,45.59,Sport,45.59,U02178,South,Low,Completed,818.3
P006167,Electronics,45.54,Customer,45.54,U02758,West,High,Completed,649.39
P007773,Home & Kitchen,225.54,Here,225.54,U01913,North,Low,Completed,628.39
P003667,Beauty,184.42,Guy,184.42,U02602,South,Low,Completed,837.23
P002833,Sports,72.14,Head,72.14,U02981,West,Medium,Completed,544.46
P006074,Clothing,25.17,Radio,25.17,U02342,North,Low,Completed,537.56
P005143,Books,42.51,On,42.51,,South,Low,Completed,1225.07
P007387,Electronics,112.84,Wrong,112.84,U01664,East,High,Pending,892.03
P004483,Sports,63.17,Contain,63.17,,North,High,Completed,489.44
P005635,Books,10.98,Provide,10.98,U01995,East,High,Refunded,207.99
P006665,Beauty,101.9,Public,101.9,U00956,North,High,Pending,906.29
P001236,Electronics,162.37,Measure,162.37,U01674,North,Medium,Refunded,1332.87
P000901,Electronics,40.52,Just,40.52,U00914,West,Medium,Completed,1163.51
P003997,Clothing,60.44,Certain,60.44,U02731,West,High,Cancelled,266.4
P007416,Groceries,33.49,Near,33.49,U00112,South,Medium,Cancelled,605.15
P006498,Electronics,102.55,Record,102.55,U01957,East,Medium,Completed,948.74
P000734,Electronics,98.56,Once,98.56,U02516,South,High,Completed,2064.54
P005091,Home & Kitchen,41.44,Spend,41.44,U02049,West,Medium,Completed,1411.57
P004832,Groceries,69.36,Under,69.36,U00992,North,High,Completed,1450.99
P001785,Clothing,50.57,White,50.57,U01480,West,Low,Completed,994.92
P000652,Clothing,19.99,Drive,19.99,U01808,West,Low,Refunded,638.87
P000569,Electronics,94.05,Bag,94.05,U01098,South,Medium,Completed,575.18
P007198,Books,79.25,Page,79.25,U02568,South,High,Completed,415.6
P004225,Beauty,46.4,Music,46.4,U00367,West,High,Completed,1423.02
P004814,Groceries,21.22,Capital,21.22,U02362,North,Low,Pending,1350.78
P006818,Home & Kitchen,134.04,Director,134.04,U01287,East,Medium,Refunded,1174.75
P004765,Sports,24.58,Method,24.58,U01343,West,Medium,Completed,1065.66
P006162,Clothing,110.94,Also,110.94,U02650,East,Low,Completed,636.97
P006282,Electronics,75.44,Stock,75.44,U01962,South,High,Completed,1221.91
P005772,Clothing,66.24,Want,66.24,,South,Low,Completed,882.87
P006532,Home & Kitchen,187.4,Safe,187.4,U00748,West,Medium,Completed,1148.09
P001466,Electronics,119.03,Politics,119.03,U02288,North,High,Pending,705.83
P006668,Books,132.33,Movie,132.33,U01849,East,Medium,Cancelled,909.99
P003778,Books,117.81,Whom,117.81,U02458,West,High,Completed,963.09
P000992,Clothing,30.37,Notice,30.37,U00734,South,High,Pending,2290.29
P005639,Books,73.21,Section,73.21,U01175,North,Low,Pending,171.14
P001697,Books,46.31,Through,46.31,U00290,West,Low,Completed,585.21
P004060,Electronics,155.85,Other,155.85,U02230,North,High,Completed,391.04
P005902,Home & Kitchen,73.2,State,73.2,U00904,West,Low,Completed,2255.66
P003773,Clothing,91.54,Challenge,91.54,U01908,North,High,Completed,349.31
P003802,Home & Kitchen,87.67,Simple,87.67,U01784,North,High,Completed,678.84
P007568,Sports,83.39,Big,83.39,U00234,East,Low,Completed,2404.43
P001534,Sports,63.72,Likely,63.72,U02618,North,High,Completed,384.13
P000813,Clothing,83.38,Rise,83.38,U00136,West,Low,Cancelled,1350.03
P001233,Groceries,220.03,Painting,220.03,U00326,West,Low,Completed,547.05
P005015,Groceries,58.58,Land,58.58,U00133,North,Low,Completed,530.88
P007839,Beauty,79.64,Member,79.64,U01050,South,High,Refunded,3661.75
P001195,Electronics,156.62,Dark,156.62,U00461,West,Medium,Completed,377.9
P000063,Sports,144.69,Machine,144.69,U00336,West,High,Completed,1491.1
P006125,Books,18.41,Garden,18.41,U00953,South,Medium,Completed,458.65
P006202,Beauty,41.43,Your,41.43,U00207,West,Low,Completed,1079.93
P004417,Home & Kitchen,61.76,Doctor,61.76,U01409,North,Medium,Completed,420.77
P004922,Clothing,36.73,Watch,36.73,U01796,North,High,Completed,1968.44
P001946,Electronics,47.8,Check,47.8,U00703,North,High,Completed,1972.5
P000432,Beauty,224.02,Wide,224.02,U00441,West,Low,Cancelled,1913.61
P001725,Books,54.6,Police,54.6,U00771,North,Low,Completed,699.72
P007976,Electronics,134.34,Actually,134.34,U02571,West,Medium,Pending,679.12
P006313,Home & Kitchen,32.05,Energy,32.05,U01520,North,High,Completed,1256.83
P002763,Electronics,59.34,Myself,59.34,U00230,West,High,Completed,225.52
P000447,Beauty,37.97,International,37.97,U02370,South,High,Completed,396.15
P007133,Groceries,36.85,Report,36.85,U01520,East,Medium,Pending,1801.26
P002925,Electronics,59.01,Security,59.01,U00543,East,Low,Completed,611.41
P006321,Beauty,53.41,Identify,53.41,U02479,West,Medium,Completed,645.01
P007633,Beauty,43.32,Of,43.32,U00055,East,Medium,Pending,792.95
P005833,Electronics,176.23,Morning,176.23,U02760,South,Medium,Completed,1581.52
P004249,Books,145.7,Eight,145.7,U00921,East,Low,Pending,1047.27
P005442,Groceries,16.83,After,16.83,U01238,North,Low,Completed,1082.13
P005734,Groceries,56.03,Father,56.03,U02317,West,High,Completed,1198.38
P000508,Clothing,20.07,Population,20.07,U01014,West,Medium,Completed,954.45
P000161,Sports,45.09,Pattern,45.09,U01355,East,High,Completed,853.82
P003881,Beauty,98.84,True,98.84,U00949,South,Low,Cancelled,470.66
P007728,Sports,100.87,Attack,100.87,U01072,West,Low,Completed,1127.81
P005321,Groceries,126.08,Thing,126.08,U00762,West,Low,Completed,1029.08
P003914,Electronics,60.3,Every,60.3,,East,Medium,Completed,1128.97
P007756,Beauty,54.19,Realize,54.19,U00113,North,Low,Completed,584.72
P006171,Clothing,16.08,Doctor,16.08,U02534,South,Low,Completed,574.99
P003544,Sports,103.19,Some,103.19,U00638,East,High,Pending,278.7
P005155,Beauty,55.06,Service,55.06,U02084,West,Medium,Completed,1320.43
P001763,Home & Kitchen,9.45,Sign,9.45,U01694,West,Medium,Refunded,682.6
P006033,Home & Kitchen,149.26,Matter,149.26,U00470,West,High,Completed,1732.96
P002079,Sports,160.27,Only,160.27,U00771,North,High,Completed,1172.46
P006565,Home & Kitchen,74.71,Very,74.71,U01649,North,Low,Pending,747.96
P001047,Groceries,99.1,Rock,99.1,U00927,South,Medium,Cancelled,162.88
P001090,Sports,93.8,Nearly,93.8,U01658,North,Low,Completed,642.18
P003406,Electronics,118.38,Peace,118.38,,North,High,Completed,228.99
P000209,Groceries,62.61,Long,62.61,U02405,West,Low,Completed,562.86
P002349,Home & Kitchen,34.33,Letter,34.33,U01696,West,Medium,Completed,1684.63
P000896,Sports,12.23,Join,12.23,U01836,North,Medium,Completed,379.62
P005324,Clothing,107.71,Choose,107.71,U00775,East,Medium,Completed,797.35
P007024,Home & Kitchen,88.59,Than,88.59,,North,Low,Completed,992.01
P007531,Sports,82.72,Item,82.72,U02089,East,High,Pending,994.23
P002064,Home & Kitchen,206.89,Right,206.89,U02510,North,Medium,Completed,140.03
P000798,Beauty,157.4,Baby,157.4,U00051,West,Low,Completed,161.23
P001353,Sports,99.35,Management,99.35,U01504,North,Low,Completed,476.17
P006775,Clothing,92.46,Teacher,92.46,U01912,South,Low,Refunded,1413.68
P004393,Clothing,48.48,Bed,48.48,U02570,North,Low,Completed,1448.99
P006216,Electronics,236.29,Very,236.29,U00802,West,High,Completed,860.48
P001942,Sports,94.83,Pick,94.83,U00132,South,Low,Refunded,1686.37
P004150,Home & Kitchen,82.35,Street,82.35,U01277,West,High,Completed,999.99
P005843,Books,27.47,Sometimes,27.47,U00199,West,Medium,Completed,609.88
P005567,Beauty,54.39,Sea,54.39,U02419,South,High,Refunded,1393.8
P005177,Books,60.73,Fear,60.73,,South,Medium,Pending,383.3
P001343,Books,46.66,Structure,46.66,,West,Low,Completed,1083.07
P002422,Clothing,149.76,Ground,149.76,U00431,East,High,Pending,489.32
P001160,Home & Kitchen,49.2,Better,49.2,U01512,North,High,Completed,1525.76
P003397,Home & Kitchen,101.38,Experience,101.38,U02821,East,High,Completed,1209.0
P002799,Books,66.53,Subject,66.53,U01644,East,Low,Refunded,1891.27
P001435,Groceries,14.46,Thank,14.46,U02143,West,Medium,Completed,926.65
P005124,Clothing,112.79,Drive,112.79,U02265,East,Medium,Refunded,1724.53
P006636,Home & Kitchen,60.09,Easy,60.09,U02797,North,Low,Completed,675.82
P002728,Home & Kitchen,39.01,Go,39.01,U00041,East,Medium,Completed,602.06
P004517,Books,147.72,Style,147.72,U02033,North,Low,Pending,859.99
P003575,Clothing,24.97,Whom,24.97,U00442,West,Low,Completed,771.99
P006379,Books,58.75,Anything,58.75,U00138,West,Medium,Completed,3639.83
P001287,Home & Kitchen,109.54,Bit,109.54,U00637,West,High,Cancelled,1231.53
P005556,Home & Kitchen,138.16,Sea,138.16,U01886,East,High,Completed,748.59
P000474,Sports,70.43,Remain,70.43,,East,Medium,Completed,348.66
P002168,Beauty,43.68,Coach,43.68,U02000,North,Medium,Completed,1343.42
P000613,Books,42.99,Such,42.99,U00257,North,High,Completed,1049.59
P003868,Clothing,255.77,Among,255.77,U02103,East,Low,Completed,399.56
P000050,Groceries,32.94,Great,32.94,U00448,South,Low,Completed,1290.4
P003609,Books,161.18,Likely,161.18,U01054,West,Low,Cancelled,989.95
P000462,Books,55.83,Necessary,55.83,U00324,East,Medium,Completed,618.81
P003586,Home & Kitchen,62.82,Small,62.82,U01371,South,Low,Cancelled,2770.42
P003365,Electronics,54.29,Stuff,54.29,U02664,North,High,Pending,771.67
P000742,Home & Kitchen,33.71,Smile,33.71,U02169,East,High,Refunded,1334.6
P004680,Groceries,161.28,Talk,161.28,U00736,East,Low,Cancelled,541.08
P001912,Sports,35.44,Benefit,35.44,U02003,South,High,Completed,506.78
P007266,Groceries,59.77,Practice,59.77,U01421,East,High,Completed,879.17
P005071,Clothing,76.02,Activity,76.02,U00401,West,Medium,Completed,743.39
P007290,Sports,64.53,Here,64.53,U01461,West,Low,Completed,3369.38
P002244,Groceries,128.14,Away,128.14,U02898,North,Low,Completed,417.76
P000560,Sports,56.99,Color,56.99,U00591,West,Low,Completed,191.31
P001457,Clothing,95.63,Within,95.63,U01209,South,High,Refunded,1521.59
P004746,Electronics,59.98,Product,59.98,U01548,South,Low,Completed,958.4
P004555,Clothing,200.75,Possible,200.75,U02355,East,Medium,Completed,531.23
P005329,Beauty,147.8,Individual,147.8,U01777,North,Medium,Completed,587.67
P007393,Electronics,31.22,Each,31.22,U00867,North,High,Refunded,459.57
P006639,Home & Kitchen,105.58,Life,105.58,,South,Low,Refunded,726.59
P004514,Groceries,66.87,Soldier,66.87,,North,Medium,Pending,1045.54
P000258,Clothing,111.09,Sign,111.09,U01486,North,High,Completed,725.45
P004126,Sports,49.62,Charge,49.62,U02240,South,Low,Completed,650.69
P007561,Electronics,100.74,Where,100.74,U01984,West,Low,Pending,410.23
P006734,Home & Kitchen,148.42,Sense,148.42,U02190,East,Medium,Pending,271.33
P003176,Electronics,33.66,Answer,33.66,U00937,North,Medium,Completed,527.78
P006838,Groceries,108.0,Business,108.0,U01640,South,Medium,Completed,312.91
P007406,Electronics,25.42,Manager,25.42,U01104,East,Low,Completed,809.43
P000003,Sports,190.99,Ago,190.99,U00357,West,Low,Completed,1276.4
P002497,Sports,16.07,Bank,16.07,U00109,West,Low,Pending,505.41
P004584,Electronics,47.94,Word,47.94,U00627,North,High,Completed,1043.8
P007815,Electronics,104.53,Continue,104.53,U01750,North,Medium,Completed,295.63
P007161,Clothing,118.16,Left,118.16,U01727,North,Medium,Completed,1384.9
P000509,Clothing,101.54,Surface,101.54,U02970,North,Low,Pending,585.7
P007970,Electronics,26.39,Say,26.39,U02166,East,Medium,Completed,410.48
P007962,Beauty,131.62,Hand,131.62,U02242,East,Low,Completed,2244.5
P003276,Beauty,59.7,Past,59.7,U01298,West,High,Completed,224.44
P006454,Clothing,75.2,Bring,75.2,U00598,North,Low,Refunded,535.55
P002390,Electronics,56.26,Point,56.26,U00889,North,Medium,Completed,1343.01
P002395,Beauty,127.56,Little,127.56,U02939,East,Medium,Completed,989.68
P003147,Groceries,57.24,Lot,57.24,U02566,West,Medium,Completed,1329.82
P000577,Books,8.39,They,8.39,U01560,South,Low,Completed,741.24
P000169,Home & Kitchen,149.89,Mr,149.89,U01961,West,Medium,Completed,1183.28
P003998,Books,20.53,Thousand,20.53,U00461,South,Medium,Completed,325.78
P002386,Clothing,85.25,Owner,85.25,,North,Low,Refunded,363.81
P006983,Home & Kitchen,42.4,Power,42.4,U01073,North,High,Completed,1084.15
P007580,Sports,40.96,Buy,40.96,U01352,South,Low,Completed,1149.21
P002172,Sports,94.47,Garden,94.47,U00630,West,Low,Cancelled,311.29
P002900,Home & Kitchen,187.08,Score,187.08,U01003,East,Medium,Completed,568.15
P007916,Books,156.0,Start,156.0,U02777,South,High,Completed,1166.09
P002007,Beauty,64.35,Where,64.35,U02816,South,High,Cancelled,517.86
P001111,Electronics,82.46,Family,82.46,U02246,East,Low,Completed,768.32
P003064,Electronics,74.53,Allow,74.53,U02998,East,Low,Cancelled,1496.64
P005465,Beauty,37.09,Talk,37.09,U01386,South,Low,Completed,1365.36
P002118,Sports,57.79,Family,57.79,U02208,North,Low,Refunded,703.09
P007273,Clothing,63.25,Our,63.25,U02838,East,Medium,Cancelled,174.07
P001170,Books,152.92,Material,152.92,U01325,South,High,Completed,2236.06
P004456,Clothing,46.95,Meeting,46.95,U00857,East,High,Completed,903.92
P003551,Sports,92.59,Activity,92.59,U01357,East,Low,Completed,814.35
P000877,Electronics,98.09,Bank,98.09,U00040,South,High,Completed,355.54
P005379,Groceries,27.04,Table,27.04,U00481,East,Low,Refunded,836.24
P000467,Groceries,55.04,Relationship,55.04,U02939,West,Low,Completed,898.48
P005518,Home & Kitchen,153.57,Order,153.57,U00632,South,Medium,Pending,1248.78
P005435,Home & Kitchen,86.61,Subject,86.61,U00043,East,Medium,Cancelled,1781.2
P001119,Clothing,119.55,Relate,119.55,U01314,North,Low,Completed,1397.28
P006258,Sports,53.74,Four,53.74,U01350,East,High,Completed,876.39
P007242,Sports,124.55,Remain,124.55,U01889,West,Medium,Completed,784.23
P004530,Clothing,37.98,Everybody,37.98,U00188,South,Low,Completed,464.48
P000369,Electronics,63.03,Enjoy,63.03,,North,Medium,Completed,481.82
P001883,Sports,186.92,Might,186.92,U01822,South,Low,Completed,1941.1
P006998,Home & Kitchen,38.55,Create,38.55,U00349,East,Medium,Completed,1393.72
P000638,Sports,16.36,Turn,16.36,U00690,East,High,Completed,510.08
P005104,Beauty,22.51,Ball,22.51,U00734,South,Low,Cancelled,891.44
P004571,Groceries,52.37,Kid,52.37,U02573,West,Low,Completed,736.77
P001718,Groceries,78.56,Others,78.56,U00767,South,Low,Completed,1436.52
P000801,Books,11.17,Various,11.17,U01989,West,Low,Completed,90.9
P002698,Sports,45.2,Never,45.2,U02478,South,Low,Pending,1316.03
P004750,Books,147.33,Bag,147.33,U02703,East,Medium,Pending,542.54
P007059,Clothing,248.28,My,248.28,U01393,South,High,Completed,632.87
P002148,Home & Kitchen,68.72,According,68.72,U02325,East,Low,Cancelled,1550.38
P005145,Sports,115.81,White,115.81,U00236,West,Medium,Pending,197.36
P005634,Sports,31.63,Computer,31.63,U01462,East,High,Completed,917.57
P001211,Sports,44.96,Herself,44.96,U02907,North,Medium,Completed,618.51
P007310,Groceries,208.07,Fast,208.07,U00846,North,Low,Completed,536.31
P006049,Beauty,71.6,Appear,71.6,U01424,South,Low,Refunded,431.03
P002191,Clothing,87.67,Mention,87.67,U00940,North,Low,Completed,281.17
P007428,Books,91.64,Ready,91.64,U02477,North,Medium,Completed,1329.45
P004384,Home & Kitchen,94.6,Street,94.6,U00707,East,Medium,Refunded,491.9
P007851,Electronics,501.74,Ahead,501.74,U01803,North,Medium,Completed,884.07
P007409,Sports,94.43,Upon,94.43,,North,Low,Completed,882.06
P002996,Home & Kitchen,175.08,Morning,175.08,U00783,South,Low,Pending,182.11
P004591,Beauty,59.61,Culture,59.61,U00654,South,Low,Completed,444.76
P002137,Clothing,93.63,Rule,93.63,U00318,East,Low,Completed,462.94
P001201,Clothing,69.25,Perform,69.25,U02544,South,Medium,Completed,250.39
P001637,Books,29.49,Rule,29.49,U00982,East,High,Completed,1190.93
P002626,Home & Kitchen,219.86,Strong,219.86,U01483,North,Medium,Completed,1601.9
P006332,Beauty,47.57,Should,47.57,U00881,East,High,Refunded,152.76
P003727,Electronics,43.64,Drug,43.64,U01390,North,Medium,Completed,1536.9
P006633,Groceries,106.84,Human,106.84,U02332,North,High,Completed,614.67
P003384,Beauty,64.71,Send,64.71,U00436,South,High,Completed,1165.87
P003746,Clothing,37.73,Use,37.73,,East,High,Completed,2944.55
P007527,Books,57.03,Meet,57.03,U00544,South,High,Pending,1838.49
P007081,Sports,62.69,Develop,62.69,U00802,East,Medium,Completed,434.47
P001983,Clothing,73.68,Most,73.68,U00375,North,Medium,Completed,724.83
P006687,Beauty,107.97,Material,107.97,U01814,West,Medium,Completed,301.85
P006295,Sports,30.6,Above,30.6,,North,Medium,Completed,561.2
P003449,Clothing,250.39,Painting,250.39,U01373,West,Medium,Completed,809.98
P000456,Clothing,128.46,President,128.46,U01143,East,Low,Refunded,768.94
P006523,Books,68.08,Mean,68.08,U01651,South,Medium,Completed,1589.4
P006669,Groceries,46.42,Or,46.42,U01394,North,Low,Completed,502.57
P004322,Clothing,37.52,Gas,37.52,U00689,North,Medium,Completed,522.4
P002803,Sports,147.7,Beautiful,147.7,U00813,South,Low,Completed,1254.75
P000393,Sports,189.18,Different,189.18,U01504,West,Medium,Completed,1070.85
P005871,Home & Kitchen,55.81,Only,55.81,U00021,West,Low,Refunded,324.47
P001414,Sports,101.07,Its,101.07,U02636,East,Medium,Completed,1033.78
P003149,Sports,45.6,Dinner,45.6,U01983,West,Medium,Completed,678.17
P007781,Clothing,104.61,Instead,104.61,U01683,East,Medium,Cancelled,1465.26
P003621,Home & Kitchen,25.35,Mouth,25.35,U01772,North,High,Pending,2253.81
P007241,Beauty,260.58,Fill,260.58,U01753,West,High,Refunded,2150.62
P006704,Sports,27.75,Film,27.75,U01378,East,High,Completed,1560.73
P007611,Clothing,49.47,Hard,49.47,U01145,East,Low,Refunded,626.64
P002517,Books,72.4,However,72.4,U01128,West,Medium,Completed,1142.15
P002440,Clothing,116.16,Realize,116.16,U02811,East,High,Completed,1055.37
P002477,Books,57.03,New,57.03,U01407,North,Medium,Pending,1754.95
P003994,Electronics,89.54,South,89.54,U00740,West,High,Pending,1599.01
P002563,Beauty,42.62,Morning,42.62,U00933,North,Low,Completed,995.24
P001940,Beauty,168.83,Story,168.83,U01453,East,Low,Completed,968.57
P000564,Beauty,62.15,Season,62.15,U00312,East,High,Pending,1185.06
P001355,Books,26.45,Fly,26.45,U00328,South,High,Pending,381.58
P006505,Home & Kitchen,47.85,Pretty,47.85,U01457,East,Low,Pending,1139.44
P000747,Books,57.25,Fish,57.25,U01441,South,High,Refunded,994.38
P004255,Home & Kitchen,144.72,Condition,144.72,U00064,South,High,Completed,1714.5
P007682,Sports,68.38,Member,68.38,U01783,South,High,Completed,1315.11
P004979,Electronics,96.08,Actually,96.08,U00439,North,Medium,Completed,1069.4
P001561,Sports,127.04,White,127.04,U00933,West,Low,Pending,472.38
P001988,Home & Kitchen,67.53,Short,67.53,U00495,South,Low,Completed,1442.18
P006015,Books,113.45,Eye,113.45,U00621,West,Low,Completed,1521.32
P004019,Books,180.7,Admit,180.7,U00622,North,Low,Completed,1693.33
P004447,Electronics,49.88,Show,49.88,U01172,North,High,Refunded,88.29
P007400,Home & Kitchen,40.68,Design,40.68,U01725,East,High,Completed,1278.11
P005477,Clothing,186.84,Black,186.84,U01772,South,Low,Completed,745.56
P006041,Clothing,146.7,Evening,146.7,U01376,East,Low,Completed,1233.95
P005176,Clothing,30.05,Tree,30.05,U02218,South,Medium,Completed,1085.17
P007300,Home & Kitchen,140.77,Stage,140.77,U00954,West,Medium,Completed,1005.42
P000977,Sports,27.56,General,27.56,U02701,East,High,Completed,201.98
P002734,Groceries,47.53,Teach,47.53,U01505,West,Medium,Completed,391.96
P007369,Groceries,149.88,Sure,149.88,U02427,East,Medium,Completed,903.34
P004184,Beauty,121.4,Response,121.4,U00325,South,High,Completed,1402.49
P001383,Electronics,105.43,Remember,105.43,U01046,West,Medium,Pending,1237.06
P003501,Groceries,48.11,Budget,48.11,U00733,North,Medium,Completed,717.44
P000021,Home & Kitchen,123.04,Discover,123.04,U02634,West,Low,Completed,1743.61
P002213,Electronics,40.53,Indicate,40.53,U02842,South,High,Pending,487.33
P002716,Clothing,113.71,Story,113.71,U01319,West,High,Completed,1220.03
P003007,Sports,69.85,Future,69.85,U00621,South,Medium,Cancelled,567.92
P004311,Sports,103.86,Cost,103.86,U00195,East,Medium,Completed,1548.66
P004560,Electronics,44.87,Form,44.87,U00033,West,Low,Completed,475.85
P002856,Groceries,103.5,Station,103.5,U02983,West,High,Completed,475.29
P006293,Electronics,100.11,Me,100.11,U00484,West,High,Completed,857.01
P007581,Electronics,122.2,Better,122.2,U02810,East,Medium,Completed,877.5
P000546,Electronics,15.63,Throughout,15.63,U02180,West,Low,Completed,1661.94
P002629,Clothing,27.19,American,27.19,U02203,South,Medium,Completed,1059.45
P005936,Books,111.79,Appear,111.79,U00590,South,Low,Completed,244.77
P001159,Books,94.27,Adult,94.27,U00249,East,High,Pending,952.38
P002593,Books,114.87,Western,114.87,U02777,East,High,Completed,1186.06
P006835,Home & Kitchen,29.55,Public,29.55,U02899,East,Low,Completed,1304.74
P007029,Groceries,43.11,Relate,43.11,U01448,East,Low,Completed,1066.84
P006296,Clothing,252.8,Always,252.8,U02544,North,Low,Completed,748.08
P005900,Sports,14.3,Born,14.3,U01458,South,Low,Cancelled,1705.41
P007735,Sports,72.03,Shake,72.03,U02978,East,High,Cancelled,577.0
P006742,Sports,314.4,Third,314.4,U02598,West,Low,Completed,1722.26
P002852,Clothing,19.85,Character,19.85,U02778,East,Medium,Completed,1225.23
P003973,Clothing,52.48,He,52.48,U00836,West,Medium,Completed,418.32
P007669,Sports,125.0,Response,125.0,U00942,East,High,Completed,875.82
P003710,Electronics,55.09,Newspaper,55.09,U00483,South,Medium,Completed,402.18
P004106,Electronics,71.56,May,71.56,U00106,East,High,Completed,673.05
P007306,Electronics,131.28,Race,131.28,U02701,West,Low,Completed,816.85
P006013,Groceries,275.43,Sea,275.43,U02019,North,Low,Cancelled,1121.35
P006781,Clothing,37.46,Police,37.46,U00647,South,High,Pending,1049.29
P003880,Groceries,40.38,Detail,40.38,U02013,West,Low,Pending,2184.56
P002935,Beauty,84.55,Security,84.55,U02180,South,Medium,Completed,449.12
P006966,Clothing,74.18,Throughout,74.18,U01596,North,Low,Completed,1346.99
P004083,Electronics,36.22,Scientist,36.22,U01047,North,High,Completed,800.23
P006335,Books,29.27,Need,29.27,U01388,North,High,Pending,863.19
P002271,Groceries,72.0,Prepare,72.0,U00571,East,Medium,Completed,199.07
P003700,Sports,132.49,Two,132.49,U02577,South,Low,Completed,606.67
P007636,Beauty,94.83,Current,94.83,U02261,South,Medium,Completed,1118.17
P001777,Electronics,60.52,History,60.52,U02212,East,Low,Pending,1696.83
P003883,Clothing,49.43,Go,49.43,U02345,West,High,Completed,1124.31
P001536,Sports,200.43,Member,200.43,U01322,East,High,Pending,635.3
P006147,Electronics,188.51,Recent,188.51,U02472,West,Low,Completed,1165.55
P007169,Beauty,85.76,None,85.76,U02855,East,Medium,Completed,521.74
P004655,Clothing,76.68,Office,76.68,U00313,East,High,Completed,361.95
P006374,Beauty,160.5,Spend,160.5,U00616,North,Medium,Completed,1305.0
P002526,Books,154.04,Weight,154.04,U02946,East,Medium,Completed,1209.22
P001462,Clothing,111.82,Memory,111.82,U02424,South,High,Cancelled,1985.39
P000240,Books,84.51,Game,84.51,U02648,North,Medium,Pending,1436.88
P002294,Clothing,35.07,Start,35.07,U01103,North,High,Completed,3220.94
P000069,Groceries,145.19,Old,145.19,U00282,South,Medium,Completed,496.29
P002174,Groceries,99.34,Year,99.34,U01226,East,Medium,Cancelled,1151.09
P000549,Electronics,102.36,Protect,102.36,U02148,South,Low,Completed,1191.67
P004770,Beauty,65.99,Staff,65.99,U00579,East,Medium,Cancelled,1243.84
P001793,Sports,59.84,Ground,59.84,U00484,South,Medium,Completed,970.53
P004667,Sports,89.25,Listen,89.25,U00578,West,Low,Completed,367.84
P006239,Beauty,194.82,Trip,194.82,U01641,North,Medium,Completed,1115.66
P001754,Sports,57.85,Product,57.85,U00418,North,High,Completed,1222.88
P002266,Home & Kitchen,109.29,Against,109.29,U02207,West,High,Completed,1189.19
P006269,Beauty,149.45,Protect,149.45,U00153,North,High,Completed,690.78
P006157,Books,5.22,What,5.22,U00973,North,Low,Completed,1574.02
P000728,Beauty,161.55,Reflect,161.55,U00308,North,Low,Completed,1195.95
P007509,Groceries,106.23,Into,106.23,U02375,South,Low,Completed,1028.86
P003795,Beauty,42.1,Job,42.1,,South,Medium,Completed,1526.51
P001109,Electronics,44.14,Worry,44.14,U02818,West,Medium,Completed,583.57
P004205,Sports,40.63,Improve,40.63,U00249,North,High,Pending,1363.12
P005036,Home & Kitchen,16.34,Peace,16.34,U00763,South,Low,Completed,1315.26
P005017,Home & Kitchen,74.21,Interest,74.21,U00406,West,High,Completed,1073.04
P000924,Sports,192.08,In,192.08,U00437,North,Medium,Completed,1144.2
P006807,Clothing,53.29,Firm,53.29,U00541,East,Low,Pending,447.4
P004371,Electronics,70.8,Piece,70.8,U00373,East,Low,Completed,1189.57
P004990,Clothing,85.52,Office,85.52,U01482,North,Low,Completed,584.16
P007206,Electronics,115.2,Develop,115.2,U01153,North,Medium,Completed,688.26
P004907,Books,54.97,Less,54.97,U02722,North,High,Completed,482.07
P005826,Electronics,108.54,Firm,108.54,U02548,East,High,Refunded,1612.44
P007108,Books,6.99,Series,6.99,U02745,North,High,Cancelled,3579.11
P004114,Groceries,110.85,Way,110.85,U00177,East,Low,Completed,1689.41
P004367,Clothing,129.77,Strategy,129.77,U00985,West,High,Pending,494.45
P001085,Electronics,104.18,Second,104.18,U01439,South,High,Completed,2222.19
P002181,Beauty,105.29,Coach,105.29,U02793,South,Medium,Pending,647.24
P002801,Groceries,130.56,Example,130.56,U02366,West,High,Completed,516.18
P004180,Beauty,202.11,Yeah,202.11,U02062,East,High,Pending,1637.2
P002194,Groceries,58.66,Join,58.66,U02868,South,Low,Completed,294.04
P003908,Home & Kitchen,58.18,Husband,58.18,U01575,South,High,Completed,455.4
P003811,Groceries,70.15,Guy,70.15,U00166,North,Low,Completed,1839.73
P006177,Beauty,92.77,What,92.77,U02986,North,Medium,Cancelled,242.27
P001667,Home & Kitchen,45.71,While,45.71,U02902,West,High,Completed,1097.79
P006186,Home & Kitchen,43.34,Really,43.34,U02783,East,Medium,Completed,2400.78
P007079,Clothing,64.28,Produce,64.28,U00744,North,Low,Completed,788.31
P005654,Home & Kitchen,206.37,Stop,206.37,U02000,East,High,Pending,780.14
P000482,Clothing,65.64,Baby,65.64,U01830,East,Medium,Completed,564.62
P002399,Home & Kitchen,27.4,Third,27.4,U01759,South,High,Completed,1959.75
P000639,Sports,50.45,American,50.45,U01096,North,Low,Refunded,1072.16
P004055,Clothing,109.59,Industry,109.59,U01029,West,Medium,Completed,475.51
P002378,Electronics,38.63,Once,38.63,U00589,North,High,Refunded,1224.19
P001860,Books,179.27,Bill,179.27,U00213,East,Medium,Cancelled,668.32
P007034,Electronics,74.22,Quality,74.22,U01851,South,Low,Completed,609.81
P004314,Home & Kitchen,22.4,Film,22.4,U00654,South,High,Completed,669.61
P001691,Electronics,35.98,Firm,35.98,U01326,South,Low,Completed,1315.79
P001429,Clothing,71.11,Game,71.11,U02853,East,High,Completed,717.37
P007117,Home & Kitchen,98.65,Open,98.65,U00975,East,High,Completed,325.63
P001740,Books,74.64,Customer,74.64,U01390,West,Low,Cancelled,1387.81
P006020,Electronics,29.26,Industry,29.26,U02459,South,Low,Completed,2140.47
P001838,Beauty,39.61,Generation,39.61,U01304,East,High,Completed,623.09
P003537,Groceries,31.79,Would,31.79,U00050,South,Low,Completed,539.59
P001977,Clothing,99.38,Star,99.38,U00318,North,High,Completed,1752.56
P003507,Sports,33.32,Even,33.32,U01144,West,Low,Completed,782.0
P001444,Clothing,92.06,National,92.06,U01781,East,Medium,Completed,1098.93
P003638,Clothing,102.1,Way,102.1,U02151,North,Medium,Completed,747.93
P002574,Home & Kitchen,83.99,Area,83.99,U02694,North,High,Completed,1165.85
P007375,Clothing,22.23,Challenge,22.23,U02713,West,High,Completed,509.87
P002753,Books,15.58,Finally,15.58,U00044,South,Medium,Completed,1812.65
P003412,Home & Kitchen,56.09,Nice,56.09,U00937,West,High,Refunded,289.94
P004997,Beauty,100.26,Adult,100.26,U00705,North,Medium,Completed,2087.03
P002676,Groceries,72.01,Admit,72.01,U02706,North,Medium,Completed,1927.4
P004229,Books,91.96,Behind,91.96,U02252,West,Low,Completed,1574.57
P006799,Clothing,18.53,Cell,18.53,U02093,North,Low,Completed,716.48
P006397,Electronics,32.01,Describe,32.01,U01132,South,High,Completed,1731.14
P005333,Clothing,138.04,Firm,138.04,U01649,North,Low,Completed,934.13
P005707,Home & Kitchen,15.15,Positive,15.15,U02783,East,Medium,Completed,488.77
P004618,Sports,15.89,Beautiful,15.89,,South,High,Completed,1748.28
P001557,Clothing,56.21,Friend,56.21,U01155,South,High,Completed,654.96
P007687,Books,57.9,Staff,57.9,,South,High,Completed,714.8
P004751,Groceries,47.21,Property,47.21,U02044,East,Medium,Cancelled,2154.62
P003711,Beauty,250.81,Care,250.81,U01228,West,Low,Completed,529.84
P003593,Books,87.31,Market,87.31,U00162,West,High,Completed,1948.13
P006484,Beauty,185.39,Suddenly,185.39,U02312,East,High,Completed,493.23
P003901,Books,49.5,Industry,49.5,U02498,North,High,Completed,716.84
P003206,Beauty,108.28,Someone,108.28,U01673,East,High,Completed,1882.16
P001608,Electronics,78.98,Husband,78.98,U02321,West,Medium,Completed,3227.23
P000405,Books,60.88,Still,60.88,U02945,West,High,Completed,674.48
P006251,Sports,123.14,Guess,123.14,U00291,North,High,Pending,1407.0
P004678,Clothing,30.3,Economic,30.3,,East,Low,Completed,908.18
P007197,Clothing,80.23,Accept,80.23,U01426,East,High,Completed,688.55
P006874,Home & Kitchen,102.7,Result,102.7,,South,High,Completed,537.14
P007248,Books,82.27,Partner,82.27,U02382,South,Medium,Completed,775.0
P006958,Books,57.28,Amount,57.28,U02407,South,Medium,Pending,444.08
P001319,Electronics,32.37,East,32.37,U00268,West,Low,Completed,944.3
P006777,Electronics,76.2,Body,76.2,U01060,West,Medium,Completed,304.05
P004071,Electronics,40.46,Rate,40.46,U02299,North,Medium,Completed,431.8
P005369,Beauty,45.77,Event,45.77,U01464,North,Medium,Completed,1339.75
P005897,Sports,121.73,Yard,121.73,U02785,West,Low,Completed,1542.58
P000256,Clothing,146.87,Bar,146.87,U01700,North,Medium,Completed,1314.44
P004939,Beauty,36.57,Energy,36.57,U00379,West,High,Pending,695.27
P007364,Beauty,64.3,Morning,64.3,U02684,South,High,Completed,899.61
P006968,Home & Kitchen,182.93,Accept,182.93,U00303,West,Low,Cancelled,1855.36
P006140,Beauty,88.23,Art,88.23,U00441,West,Medium,Completed,255.48
P006281,Home & Kitchen,205.4,Might,205.4,U01855,North,Medium,Completed,330.56
P003860,Clothing,147.64,Themselves,147.64,U02316,North,Medium,Completed,1097.38
P002542,Clothing,103.15,List,103.15,U01778,South,Low,Completed,1615.23
P001443,Books,77.36,Cup,77.36,U00177,North,High,Completed,377.36
P001148,Electronics,85.05,Middle,85.05,U02614,West,High,Completed,853.57
P004351,Home & Kitchen,64.83,Tell,64.83,U01545,South,Medium,Completed,1290.53
P002187,Clothing,79.27,Expert,79.27,U02988,South,Low,Completed,981.71
P005476,Beauty,134.03,Collection,134.03,U01165,South,Low,Completed,542.34
P003541,Clothing,38.88,Identify,38.88,U02756,West,Low,Completed,594.94
P007477,Groceries,49.36,Service,49.36,U01882,North,Medium,Completed,1524.4
P006558,Clothing,125.75,Short,125.75,U01404,East,High,Refunded,1406.42
P004595,Clothing,102.34,President,102.34,U01039,West,Medium,Completed,840.38
P004735,Sports,57.06,Them,57.06,U02444,East,High,Completed,1109.66
P004897,Beauty,46.2,Put,46.2,U01560,North,High,Completed,813.13
P001613,Books,45.35,Song,45.35,U01915,East,High,Completed,231.44
P001869,Home & Kitchen,32.18,Situation,32.18,U00977,East,Low,Pending,425.54
P005960,Books,24.69,Six,24.69,U02681,North,Medium,Completed,636.92
P000769,Beauty,109.75,Wear,109.75,U02368,South,Low,Completed,464.85
P006021,Home & Kitchen,117.99,Prove,117.99,U01934,North,Medium,Completed,1472.62
P005769,Clothing,59.39,Information,59.39,U01196,South,Low,Refunded,1160.86
P000023,Sports,69.83,Mouth,69.83,U01636,East,Low,Refunded,1933.76
P002633,Clothing,120.84,Marriage,120.84,U00737,West,Low,Completed,551.39
P004407,Beauty,137.33,Radio,137.33,U02217,East,Low,Completed,817.57
P005716,Electronics,65.99,Policy,65.99,U01371,South,Medium,Refunded,607.37
P001744,Electronics,113.22,Someone,113.22,U02733,West,Low,Completed,643.34
P005638,Books,56.42,Term,56.42,U00386,West,High,Completed,1253.85
P001544,Sports,32.26,Worker,32.26,U02143,East,Low,Completed,644.53
P002816,Sports,37.68,Generation,37.68,U00111,South,High,Completed,434.77
P004725,Home & Kitchen,117.1,Trial,117.1,U00161,West,Medium,Completed,574.45
P001270,Home & Kitchen,62.41,Draw,62.41,U00278,West,High,Completed,1604.04
P005672,Groceries,100.95,Blood,100.95,U01549,North,Medium,Completed,559.44
P004632,Beauty,47.14,Lot,47.14,U02125,West,High,Completed,343.34
P007917,Sports,94.11,Both,94.11,U01776,South,Medium,Completed,1985.61
P000173,Electronics,48.65,Anyone,48.65,U01017,North,High,Pending,677.62
P004247,Groceries,96.88,Operation,96.88,U00377,North,Low,Cancelled,667.36
P000574,Groceries,23.52,Church,23.52,,North,High,Completed,459.73
P005211,Books,74.17,It,74.17,U00806,West,Low,Completed,672.27
P001540,Clothing,21.31,Source,21.31,U00420,South,Low,Completed,793.38
P002547,Sports,111.43,Table,111.43,U01941,East,Medium,Completed,1590.69
P001496,Home & Kitchen,22.12,Meeting,22.12,U00682,South,High,Completed,1301.93
P005050,Electronics,107.21,Article,107.21,U00064,East,Low,Completed,483.06
P000756,Home & Kitchen,22.37,Stock,22.37,U02619,West,High,Completed,1013.95
P004829,Groceries,31.48,Cold,31.48,,West,Low,Completed,719.46
P003127,Groceries,49.82,Generation,49.82,U00727,West,Medium,Completed,823.97
P005628,Books,83.66,Glass,83.66,U00671,South,Low,Completed,819.32
P001704,Sports,34.61,Economic,34.61,U01733,North,Medium,Pending,884.65
P001483,Books,93.0,Buy,93.0,U02183,East,Medium,Completed,897.98
P004802,Books,68.57,Gun,68.57,U02339,East,High,Completed,910.66
P005911,Electronics,87.26,Item,87.26,,East,High,Cancelled,404.23
P005913,Home & Kitchen,66.57,Identify,66.57,U01200,South,Medium,Completed,728.25
P000589,Clothing,73.8,Style,73.8,U02426,South,High,Pending,400.33
P005014,Sports,43.4,Just,43.4,U01830,North,Low,Completed,1651.66
P000539,Home & Kitchen,246.37,Tonight,246.37,U02964,West,Medium,Completed,426.45
P005554,Clothing,41.24,Choose,41.24,U00168,South,Low,Completed,838.84
P001441,Books,79.69,Job,79.69,U00853,East,Low,Completed,1278.75
P000355,Home & Kitchen,19.28,Group,19.28,U02057,East,Low,Completed,175.14
P002711,Sports,37.83,Hour,37.83,U01940,South,Low,Pending,2560.52
P001294,Groceries,60.42,Recent,60.42,U02908,North,Medium,Completed,548.45
P004112,Home & Kitchen,65.31,Wish,65.31,U02293,South,Medium,Pending,860.23
P001005,Beauty,91.51,Those,91.51,U01353,North,Medium,Completed,2266.41
P001072,Groceries,198.71,Growth,198.71,U01482,East,Low,Completed,293.93
P002000,Beauty,113.89,Throw,113.89,U00998,North,Low,Completed,601.98
P002033,Electronics,60.43,Student,60.43,U02640,West,Medium,Completed,480.43
P001328,Electronics,101.43,World,101.43,U02916,West,Low,Completed,779.15
P003561,Clothing,92.85,Food,92.85,U00134,South,Medium,Refunded,494.78
P001326,Books,65.92,Recently,65.92,U02421,West,Medium,Completed,952.79
P007332,Books,51.25,Particular,51.25,U01212,East,Low,Completed,2081.19
P000327,Groceries,57.45,Us,57.45,U02479,West,High,Completed,1760.81
P001571,Sports,115.94,Although,115.94,U00417,South,Low,Completed,220.58
P006351,Groceries,119.11,Task,119.11,U00905,North,High,Pending,693.17
P001548,Electronics,40.83,Save,40.83,U00319,North,Medium,Pending,1598.26
P002268,Sports,60.91,Congress,60.91,U02367,South,High,Completed,308.12
P003029,Sports,52.14,Better,52.14,U01970,West,Medium,Completed,988.54
P007739,Books,61.44,Positive,61.44,U00963,West,High,Completed,252.61
P006027,Groceries,131.67,Hotel,131.67,,South,High,Completed,1125.59
P007701,Books,112.9,Color,112.9,U00499,North,Medium,Completed,433.59
P007648,Clothing,191.22,Real,191.22,U00184,North,Medium,Refunded,1480.89
P005002,Groceries,41.41,Dinner,41.41,U02774,East,High,Cancelled,847.46
P005516,Groceries,170.88,Organization,170.88,U02324,West,Low,Cancelled,2241.03
P003573,Clothing,150.12,Buy,150.12,U00986,West,Low,Completed,1292.98
P002693,Home & Kitchen,75.0,Relate,75.0,U00174,South,Medium,Completed,964.13
P003519,Beauty,163.66,Continue,163.66,U00573,East,Medium,Completed,1192.26
P006314,Home & Kitchen,10.57,Draw,10.57,U02508,East,High,Completed,604.44
P002765,Books,47.44,Teacher,47.44,U00069,East,High,Cancelled,662.1
P000565,Sports,25.96,Late,25.96,U01625,East,Low,Completed,1747.51
P006084,Electronics,194.65,Focus,194.65,U02637,West,High,Completed,508.83
P006312,Books,71.62,Similar,71.62,U02120,South,Low,Completed,735.72
P005141,Groceries,66.13,Toward,66.13,U01009,West,Low,Completed,928.77
P001121,Clothing,94.11,Great,94.11,U02930,West,High,Completed,1071.03
P007562,Sports,74.78,Mother,74.78,U02748,North,High,Completed,143.74
P003269,Books,62.14,Stay,62.14,U00270,East,High,Pending,639.13
P005844,Clothing,48.87,List,48.87,,West,Medium,Completed,845.84
P003209,Groceries,86.43,Play,86.43,U02260,South,High,Completed,2043.48
P003231,Books,132.65,From,132.65,U01314,East,High,Pending,713.37
P007137,Clothing,40.19,Put,40.19,U02000,West,Low,Completed,478.34
P004005,Beauty,18.23,Discover,18.23,U02331,West,Medium,Completed,357.17
P003281,Beauty,41.05,Set,41.05,U02251,East,Low,Completed,1280.98
P000127,Home & Kitchen,58.7,Stand,58.7,U01990,North,Medium,Completed,1241.32
P003347,Sports,56.85,Open,56.85,U01169,South,Low,Completed,373.68
P002962,Beauty,63.74,Before,63.74,U01695,South,Low,Completed,139.66
P004998,Groceries,36.71,People,36.71,U01160,North,Low,Completed,1300.47
P001118,Sports,60.87,Poor,60.87,U01855,East,High,Completed,918.79
P002961,Electronics,67.97,Usually,67.97,U01933,South,High,Completed,191.15
P000955,Electronics,66.07,Prevent,66.07,U02811,South,Low,Completed,464.63
P004795,Electronics,40.64,Officer,40.64,U02177,South,High,Completed,1180.55
P003217,Beauty,29.36,Sell,29.36,U00217,East,Low,Completed,414.14
P004465,Beauty,28.32,Audience,28.32,U00625,West,High,Completed,509.66
P007095,Books,204.24,Unit,204.24,,East,Medium,Completed,1390.24
P001173,Groceries,27.43,Guy,27.43,U02441,North,High,Completed,1830.47
P002901,Home & Kitchen,18.07,Like,18.07,U01355,West,High,Completed,339.23
P005611,Electronics,76.14,Today,76.14,U00625,South,High,Pending,760.55
P007533,Books,39.43,Character,39.43,U00123,South,Medium,Completed,1713.63
P000342,Electronics,169.84,Land,169.84,U02080,North,High,Completed,873.1
P001377,Sports,178.35,Think,178.35,U00958,West,High,Completed,398.41
P007840,Home & Kitchen,102.5,Speech,102.5,U02018,East,High,Completed,509.69
P001183,Beauty,68.21,Enter,68.21,U01370,East,Medium,Completed,1011.73
P000416,Beauty,200.43,Clear,200.43,U02363,East,High,Completed,1030.38
P003967,Books,51.92,Sister,51.92,U02883,South,Medium,Completed,2379.03
P006121,Books,119.3,Attack,119.3,U02856,North,Medium,Refunded,547.31
P007163,Clothing,146.22,Indicate,146.22,U01109,West,Medium,Completed,3075.47
P006978,Beauty,62.4,Picture,62.4,,East,High,Completed,742.97
P002846,Home & Kitchen,47.77,Must,47.77,U01642,North,Low,Refunded,916.13
P002523,Electronics,49.83,Spend,49.83,U00649,East,High,Cancelled,1200.78
P002895,Sports,33.3,Or,33.3,U02578,West,Medium,Pending,808.45
P004619,Books,72.51,Other,72.51,U02265,West,High,Completed,837.65
P002585,Beauty,167.15,Today,167.15,U00347,North,Medium,Cancelled,267.02
P001981,Home & Kitchen,68.75,Boy,68.75,U00215,North,Low,Pending,486.56
P001625,Beauty,43.94,Dream,43.94,,West,Medium,Completed,920.8
P003862,Clothing,157.01,Approach,157.01,U00831,West,Low,Completed,627.43
P001958,Sports,159.7,Help,159.7,U01348,West,Medium,Completed,1134.14
P002786,Books,221.7,Visit,221.7,U01778,East,High,Pending,672.49
P004620,Books,67.88,Allow,67.88,U00303,West,Low,Cancelled,1483.78
P007436,Books,159.6,Nation,159.6,,West,High,Completed,1084.4
P000092,Sports,61.76,Fall,61.76,U01357,North,Low,Cancelled,1318.02
P003345,Clothing,28.01,Employee,28.01,U02047,West,High,Completed,368.53
P005300,Groceries,46.56,North,46.56,U01150,East,Low,Completed,268.81
P001567,Home & Kitchen,148.55,Tend,148.55,U00774,North,Medium,Refunded,1456.97
P004539,Electronics,32.09,Popular,32.09,U00095,West,Low,Completed,616.58
P001619,Clothing,34.51,Authority,34.51,U01663,South,Low,Completed,552.75
P001106,Beauty,56.46,Together,56.46,U00367,West,Medium,Completed,2009.15
P001687,Beauty,41.04,Letter,41.04,U01118,South,High,Refunded,544.01
P000828,Electronics,103.85,Majority,103.85,U01378,East,High,Completed,916.0
P004411,Groceries,99.3,Style,99.3,U01711,West,Medium,Refunded,835.29
P004416,Books,93.22,Evening,93.22,U01255,South,High,Completed,565.67
P000806,Books,52.07,Same,52.07,U00403,South,Low,Completed,551.02
P005504,Clothing,115.73,Sure,115.73,U02806,West,Medium,Pending,990.16
P003255,Electronics,22.05,Keep,22.05,U01585,East,High,Completed,365.81
P001982,Beauty,65.85,Live,65.85,U00827,South,Medium,Cancelled,1516.08
P005626,Clothing,124.74,Model,124.74,U02911,North,Low,Completed,727.5
P006211,Home & Kitchen,82.13,Size,82.13,U02804,North,High,Pending,768.61
P003785,Sports,61.73,Remember,61.73,U00035,North,Low,Completed,780.48
P002024,Home & Kitchen,99.3,I,99.3,U01617,East,Medium,Completed,1234.41
P005808,Books,228.68,Perform,228.68,U01687,West,High,Completed,1291.69
P000314,Electronics,68.04,Trade,68.04,U02091,North,High,Completed,789.32
P005862,Books,46.25,Evening,46.25,U02457,East,Medium,Completed,419.26
P004486,Home & Kitchen,335.14,Give,335.14,U00511,South,Medium,Completed,300.48
P005482,Clothing,116.73,None,116.73,U01551,North,Medium,Completed,145.05
P005175,Sports,48.32,Make,48.32,U01367,East,High,Completed,547.11
P002781,Clothing,32.76,Explain,32.76,U00772,East,Low,Completed,751.27
P000623,Groceries,138.4,Stay,138.4,U00575,South,Medium,Cancelled,178.84
P002454,Beauty,242.92,Say,242.92,U02834,East,Medium,Completed,383.57
P002969,Books,57.02,Never,57.02,U01061,East,High,Pending,1027.49
P003505,Electronics,65.97,Low,65.97,U01614,South,Low,Completed,280.37
P004027,Clothing,34.5,Seven,34.5,U01768,West,Medium,Completed,2861.11
P001292,Books,99.67,Development,99.67,U02189,South,High,Completed,384.29
P006940,Groceries,14.28,Office,14.28,U00663,South,High,Refunded,491.23
P001678,Groceries,49.14,Way,49.14,U02118,East,Medium,Cancelled,1145.77
P005398,Books,189.55,Indicate,189.55,U00489,North,High,Completed,1096.41
P006023,Groceries,8.53,Candidate,8.53,U02781,South,Low,Completed,851.18
P001060,Clothing,86.56,Style,86.56,U02044,South,Low,Pending,512.84
P006090,Clothing,74.22,Want,74.22,U01072,South,Medium,Completed,421.93
P006819,Home & Kitchen,56.85,Deep,56.85,U01771,South,Low,Refunded,806.1
P000726,Beauty,109.06,Movement,109.06,U00911,South,Low,Pending,530.01
P001899,Clothing,44.57,Hold,44.57,U02586,East,Low,Refunded,1371.81
P002795,Groceries,53.35,Role,53.35,U00667,West,High,Completed,826.09
P000658,Clothing,155.88,Get,155.88,U02432,South,High,Completed,951.05
P006362,Electronics,112.57,Mother,112.57,U02762,South,Low,Completed,318.26
P007269,Sports,25.81,Rule,25.81,U02788,South,Medium,Completed,900.93
P003378,Home & Kitchen,147.16,Spring,147.16,U00335,West,Low,Refunded,558.21
P002821,Home & Kitchen,48.26,Player,48.26,U00618,East,Medium,Completed,1298.99
P004778,Sports,15.23,Save,15.23,U02462,South,Medium,Refunded,554.65
P005890,Home & Kitchen,31.67,Join,31.67,U01753,West,High,Completed,888.04
P006783,Home & Kitchen,54.05,Fund,54.05,U00338,East,Low,Cancelled,744.52
P001732,Books,23.53,Stand,23.53,U02921,West,Medium,Cancelled,399.95
P007981,Home & Kitchen,59.86,Blood,59.86,U00980,South,Low,Completed,627.74
P004828,Groceries,98.03,Five,98.03,U00870,West,Low,Completed,2187.97
P006702,Clothing,63.5,Property,63.5,U01976,North,Low,Pending,1907.12
P007546,Beauty,135.01,Guess,135.01,U02714,East,Low,Completed,571.22
P000477,Books,23.52,Lot,23.52,U01880,East,High,Completed,400.91
P003306,Books,33.75,Stage,33.75,U00799,East,Low,Pending,1065.44
P006696,Clothing,29.11,Reason,29.11,U02527,South,Medium,Completed,119.04
P006513,Beauty,84.51,Cover,84.51,U02218,South,Medium,Pending,1889.01
P006732,Home & Kitchen,51.14,Station,51.14,U02790,West,Medium,Completed,748.75
P006110,Sports,29.29,Those,29.29,U02829,East,High,Completed,786.34
P007618,Clothing,61.43,Same,61.43,U00244,West,High,Refunded,457.66
P002298,Clothing,63.74,Property,63.74,U02879,North,Medium,Completed,689.72
P003816,Electronics,116.08,Stock,116.08,U02481,North,High,Completed,968.3
P002447,Home & Kitchen,23.08,Pass,23.08,U02999,West,Low,Completed,213.47
P000599,Home & Kitchen,66.48,Health,66.48,U00434,North,Low,Completed,237.72
P006184,Books,23.91,Conference,23.91,U00195,East,Low,Completed,699.0
P005343,Books,133.83,Oil,133.83,U02857,South,Medium,Cancelled,1190.17
P000206,Clothing,94.48,Finally,94.48,U01572,South,High,Completed,868.72
P002238,Home & Kitchen,27.98,Month,27.98,U01005,West,High,Refunded,177.15
P004611,Home & Kitchen,98.2,Million,98.2,U00632,West,High,Completed,1602.06
P006649,Books,47.05,Modern,47.05,U02892,East,Low,Completed,269.96
P004653,Sports,60.98,Serve,60.98,,South,Low,Pending,570.99
P004912,Beauty,100.92,Smile,100.92,U01230,North,High,Completed,587.17
P000940,Beauty,126.79,Least,126.79,U02562,East,Medium,Pending,882.26
P003315,Beauty,294.9,Season,294.9,U02952,West,High,Completed,1052.93
P001794,Books,114.25,Summer,114.25,U00643,East,Low,Completed,169.96
P000861,Home & Kitchen,126.33,May,126.33,U01820,West,Low,Completed,2015.07
P006765,Sports,15.78,Window,15.78,U00193,South,Medium,Cancelled,740.76
P004769,Home & Kitchen,126.43,Trouble,126.43,U00944,East,High,Completed,1826.85
P002250,Electronics,86.24,After,86.24,U00929,West,Medium,Completed,555.34
P002160,Groceries,110.61,Benefit,110.61,U01001,North,High,Completed,677.44
P006407,Sports,97.9,Nature,97.9,U01076,East,Low,Completed,971.87
P000854,Groceries,196.43,What,196.43,U01868,East,Medium,Cancelled,1281.89
P007821,Electronics,60.51,Most,60.51,U01970,North,High,Cancelled,1478.08
P000375,Beauty,75.05,Training,75.05,U00818,North,Medium,Refunded,178.0
P004744,Electronics,111.39,Project,111.39,U01612,West,Medium,Completed,1603.51
P003392,Books,53.6,Measure,53.6,U02448,East,Medium,Completed,1266.33
P001535,Books,55.02,Nothing,55.02,U00751,North,High,Pending,2053.92
P001811,Beauty,15.97,Street,15.97,U01950,North,Low,Completed,720.52
P001387,Electronics,192.95,Amount,192.95,U02808,West,Medium,Completed,1252.5
P005030,Beauty,68.0,Democrat,68.0,,South,Medium,Completed,488.26
P002579,Home & Kitchen,108.34,Once,108.34,U02890,West,Medium,Completed,649.89
P005879,Books,101.79,Whose,101.79,U01400,West,Low,Completed,1154.07
P003558,Sports,58.29,Region,58.29,U01544,North,Low,Completed,1005.14
P001325,Home & Kitchen,11.5,Perform,11.5,U01573,North,Medium,Completed,723.96
P001179,Electronics,119.08,Scientist,119.08,U02337,West,High,Cancelled,667.74
P000794,Clothing,83.72,May,83.72,U00175,West,Low,Refunded,495.34
P005316,Groceries,124.38,Sea,124.38,U01133,West,Medium,Completed,1155.6
P006769,Home & Kitchen,31.74,Whether,31.74,U02864,East,Medium,Completed,1850.44
P005267,Clothing,114.92,Case,114.92,U01900,North,Medium,Pending,762.22
P006509,Clothing,59.25,Better,59.25,U01438,South,Low,Pending,333.59
P007201,Beauty,205.66,Note,205.66,U02471,West,Medium,Completed,384.15
P007887,Beauty,36.58,Health,36.58,U01356,East,High,Refunded,786.43
P005305,Electronics,33.0,Foot,33.0,U00640,South,Medium,Completed,2524.22
P003471,Beauty,38.41,Cultural,38.41,U00901,South,Medium,Completed,818.69
P003830,Clothing,89.81,Time,89.81,U00885,East,High,Refunded,2540.79
P003682,Groceries,75.14,Central,75.14,U01001,South,High,Completed,607.74
P005058,Clothing,146.77,Politics,146.77,U02261,East,Medium,Pending,1699.47
P001800,Home & Kitchen,143.2,Draw,143.2,U00009,North,High,Completed,683.01
P006905,Electronics,107.57,Success,107.57,U01823,North,Medium,Completed,1270.22
P001831,Electronics,119.67,East,119.67,U01904,East,High,Refunded,807.45
P007575,Electronics,111.53,Understand,111.53,U01619,South,High,Completed,296.91
P001030,Sports,66.32,Common,66.32,U01977,South,Medium,Completed,238.77
P007645,Home & Kitchen,28.69,Nature,28.69,U02665,West,Medium,Completed,973.42
P004566,Groceries,21.21,Hour,21.21,U01563,North,Low,Pending,290.87
P001690,Books,40.74,People,40.74,U02788,North,Medium,Completed,1083.85
P004677,Books,80.03,Task,80.03,U00689,North,Low,Completed,109.23
P005499,Beauty,28.54,Consumer,28.54,U01788,East,Low,Completed,749.75
P006400,Beauty,101.5,Professor,101.5,U01971,South,High,Completed,1072.95
P005617,Beauty,111.63,Friend,111.63,U02571,East,Medium,Completed,565.05
P007112,Clothing,48.64,Back,48.64,U00782,South,High,Completed,1190.61
P004216,Sports,44.74,Expect,44.74,U02538,South,Medium,Completed,463.8
P003524,Groceries,32.89,Into,32.89,U01906,West,High,Cancelled,1429.97
P001409,Clothing,41.19,Religious,41.19,U02272,North,Medium,Completed,203.91
P004006,Books,59.69,Mouth,59.69,U02958,East,High,Completed,493.66
P004969,Sports,52.6,Miss,52.6,U00709,South,Low,Completed,800.76
P005444,Books,49.21,Station,49.21,U01538,East,High,Pending,1581.06
P001893,Groceries,93.65,Light,93.65,U00665,North,Medium,Cancelled,349.32
P001368,Electronics,157.49,Lay,157.49,U02474,South,High,Pending,1435.62
P002055,Groceries,109.84,Show,109.84,U01292,South,Medium,Completed,856.28
P005167,Books,171.98,Country,171.98,U02767,East,High,Refunded,508.17
P000808,Sports,28.68,Miss,28.68,U02645,North,Low,Completed,564.62
P003648,Beauty,52.15,Organization,52.15,U01015,North,Medium,Completed,2221.79
P007330,Groceries,46.64,Tax,46.64,U00395,North,High,Completed,464.64
P004164,Sports,89.07,Point,89.07,U01782,West,Medium,Completed,567.36
P002354,Sports,160.77,Perhaps,160.77,,North,Low,Completed,1236.03
P000860,Books,106.57,Training,106.57,U00443,North,Low,Completed,499.34
P000044,Electronics,18.34,Knowledge,18.34,U01354,North,High,Completed,907.49
P006510,Home & Kitchen,18.95,Hotel,18.95,U00786,North,Low,Pending,1207.66
P003529,Clothing,53.55,Before,53.55,U02584,East,Low,Completed,928.96
P004209,Clothing,75.47,Benefit,75.47,U01356,South,Medium,Completed,1295.91
P005243,Groceries,40.09,Each,40.09,U01371,North,High,Completed,1577.69
P006861,Clothing,85.73,Both,85.73,,North,Low,Refunded,970.3
P004286,Beauty,106.65,Individual,106.65,U01529,North,Medium,Completed,451.46
P006640,Clothing,76.13,Suddenly,76.13,U00275,South,High,Cancelled,1153.08
P006946,Clothing,174.2,Daughter,174.2,U00426,West,Low,Refunded,1127.06
P001144,Groceries,143.62,Bed,143.62,U02224,West,Low,Completed,1670.45
P002684,Clothing,25.82,Laugh,25.82,U02196,South,High,Completed,1045.03
P003314,Groceries,151.09,Assume,151.09,U02264,West,Medium,Completed,363.13
P007761,Books,148.52,Day,148.52,U02149,West,Low,Pending,492.54
P005271,Clothing,64.15,Today,64.15,U01339,East,High,Refunded,882.31
P007926,Clothing,90.35,South,90.35,U02982,West,Medium,Completed,576.95
P007724,Books,71.58,With,71.58,,West,High,Completed,1112.83
P000328,Electronics,63.12,Own,63.12,U01846,North,Medium,Refunded,816.39
P002052,Beauty,27.64,Long,27.64,U00030,West,High,Completed,828.98
P002648,Sports,149.26,Thing,149.26,U02521,East,Low,Completed,409.45
P005394,Electronics,154.09,Painting,154.09,U02216,East,Low,Completed,1233.23
P006605,Beauty,149.78,The,149.78,U00602,East,High,Cancelled,1117.74
P002092,Clothing,40.47,Social,40.47,U02869,North,Low,Cancelled,291.76
P002994,Books,41.27,Carry,41.27,U02116,North,Low,Pending,1158.11
P002582,Clothing,53.28,Seek,53.28,U00147,South,High,Completed,978.95
P000278,Beauty,214.61,Woman,214.61,U02259,South,Medium,Completed,876.26
P004576,Groceries,82.93,Land,82.93,U00752,South,Medium,Completed,1721.32
P000520,Clothing,96.25,Wrong,96.25,U01229,West,Low,Pending,344.63
P003216,Electronics,72.53,Certain,72.53,U00352,North,Low,Cancelled,635.35
P003782,Clothing,68.0,Participant,68.0,U00161,West,Low,Pending,403.73
P007894,Electronics,27.3,Skin,27.3,U01539,East,Low,Pending,1787.73
P007398,Sports,77.12,And,77.12,U00070,North,Medium,Completed,435.57
P007523,Books,57.63,List,57.63,U02210,South,Medium,Completed,403.84
P006495,Groceries,30.75,Act,30.75,U01327,South,Medium,Refunded,452.59
P006774,Books,93.37,Side,93.37,U01100,North,Low,Completed,1051.73
P000782,Groceries,67.59,Tell,67.59,U01629,West,Medium,Cancelled,455.03
P001123,Home & Kitchen,97.62,Miss,97.62,U01277,West,Medium,Completed,1263.99
P004299,Home & Kitchen,27.74,Trade,27.74,U00361,South,Medium,Completed,560.52
P001597,Groceries,77.36,Price,77.36,U00469,East,Low,Completed,655.64
P004171,Beauty,39.37,All,39.37,U00536,South,Medium,Completed,1240.86
P004137,Beauty,71.34,Effect,71.34,U02869,North,Low,Completed,1480.24
P004827,Electronics,87.1,Rate,87.1,U01161,East,Low,Cancelled,1537.86
P004206,Clothing,10.93,Free,10.93,,East,Medium,Completed,862.31
P007109,Home & Kitchen,13.37,Glass,13.37,U01589,North,High,Completed,269.65
P004289,Electronics,20.15,Pressure,20.15,U02691,North,Medium,Completed,2534.51
P007450,Beauty,135.4,Very,135.4,U02320,East,High,Completed,318.76
P007075,Beauty,21.38,Spring,21.38,U01358,West,Medium,Refunded,542.85
P006582,Beauty,81.35,Other,81.35,U02398,West,Medium,Completed,520.92
P005767,Sports,227.15,Foot,227.15,U01709,West,Low,Completed,813.16
P005797,Sports,48.14,Soldier,48.14,U02449,South,Low,Completed,491.15
P002729,Home & Kitchen,58.66,Cell,58.66,U00275,North,Medium,Completed,1398.96
P000410,Clothing,94.51,Side,94.51,U00664,East,High,Completed,519.83
P006065,Books,137.51,Again,137.51,U02467,North,Medium,Completed,297.33
P001674,Clothing,183.03,Machine,183.03,U00368,East,High,Completed,3146.23
P001015,Electronics,40.69,Yourself,40.69,U00942,West,Medium,Completed,1603.73
P000917,Sports,146.2,Husband,146.2,U02868,East,High,Completed,1497.09
P004701,Home & Kitchen,48.47,No,48.47,U00479,West,High,Completed,388.17
P005247,Home & Kitchen,43.81,Itself,43.81,U02426,South,Low,Completed,1496.83
P001323,Beauty,87.14,Strong,87.14,U01238,West,Medium,Completed,968.68
P007252,Electronics,48.32,Career,48.32,U01476,West,High,Pending,581.63
P003484,Books,104.05,Without,104.05,U01547,South,Medium,Completed,638.21
P003328,Beauty,71.1,While,71.1,U00953,South,Low,Completed,1058.25
P005471,Beauty,69.8,Next,69.8,U01316,North,Medium,Cancelled,521.7
P007153,Groceries,64.63,Stop,64.63,U00919,North,Medium,Completed,347.69
P000178,Sports,28.8,Collection,28.8,U00308,South,Low,Completed,866.1
P007495,Beauty,120.07,College,120.07,U01594,East,Medium,Completed,1350.15
P004142,Books,111.22,Research,111.22,U01984,North,High,Completed,1204.81
P000334,Beauty,171.74,Surface,171.74,U02690,South,Medium,Completed,1137.53
P003040,Sports,137.02,Service,137.02,,South,High,Completed,439.94
P006604,Electronics,34.28,Those,34.28,,West,High,Completed,513.25
P003796,Beauty,123.48,First,123.48,U02962,South,Low,Completed,666.69
P004824,Groceries,158.48,Where,158.48,U00551,East,Medium,Completed,985.32
P006981,Clothing,84.31,Work,84.31,U00335,West,Medium,Completed,1414.1
P003374,Groceries,97.89,War,97.89,U02644,West,Medium,Pending,679.29
P002608,Clothing,47.0,Join,47.0,U00250,East,Medium,Completed,628.22
P004879,Books,141.68,Drop,141.68,U02286,West,Low,Pending,779.8
P001551,Groceries,58.38,Identify,58.38,U00178,North,Medium,Completed,868.27
P005870,Sports,41.44,Important,41.44,U00722,West,Medium,Completed,723.39
P003370,Groceries,63.91,Painting,63.91,,South,High,Completed,558.12
P000964,Electronics,171.94,Because,171.94,,South,High,Completed,637.01
P002389,Electronics,275.71,Fund,275.71,U02122,South,Low,Cancelled,291.73
P003372,Beauty,111.12,Of,111.12,,West,Medium,Refunded,1388.29
P000233,Home & Kitchen,82.34,Notice,82.34,U01980,North,Low,Completed,954.4
P001302,Electronics,134.16,Able,134.16,U02815,North,Medium,Completed,788.55
P000077,Groceries,140.46,Participant,140.46,U00181,North,Medium,Pending,1666.19
P007227,Home & Kitchen,110.49,Course,110.49,U02963,South,High,Completed,462.22
P000234,Groceries,128.97,Start,128.97,U02355,East,High,Completed,851.52
P000257,Groceries,101.44,Bed,101.44,U00135,East,Low,Completed,1766.53
P005448,Books,134.44,Off,134.44,U02358,West,Medium,Refunded,890.22
P002882,Clothing,37.68,Information,37.68,U00662,West,Medium,Pending,1575.43
P006710,Home & Kitchen,42.49,Answer,42.49,U02283,West,High,Completed,631.23
P003587,Clothing,122.49,Police,122.49,U02101,West,Medium,Cancelled,789.71
P000155,Books,74.18,Employee,74.18,U01132,North,High,Refunded,1187.2
P005478,Home & Kitchen,43.13,End,43.13,U01913,South,Low,Refunded,1309.98
P000855,Clothing,104.5,Official,104.5,U01404,West,Medium,Pending,1610.22
P005110,Beauty,74.98,Money,74.98,U00162,East,High,Completed,1268.72
P005027,Electronics,48.47,Bar,48.47,U01748,North,High,Completed,1380.77
P003481,Sports,83.67,Out,83.67,U01403,East,Low,Completed,283.6
P001395,Groceries,42.12,Whom,42.12,U00256,West,Medium,Completed,1095.62
P002562,Sports,96.32,Idea,96.32,U00923,East,Medium,Completed,1028.64
P006629,Books,67.74,Movement,67.74,U01346,West,Medium,Completed,362.44
P006052,Home & Kitchen,196.68,Owner,196.68,U02037,South,High,Completed,664.4
P007670,Clothing,48.49,Industry,48.49,U00520,North,Low,Completed,605.13
P000387,Beauty,63.81,Time,63.81,U00235,North,High,Completed,602.12
P002718,Home & Kitchen,53.7,Hair,53.7,U00522,North,Low,Completed,1132.19
P007337,Clothing,68.01,What,68.01,U02964,North,Low,Pending,607.39
P004009,Groceries,81.55,As,81.55,U00968,West,High,Completed,1215.57
P001406,Groceries,140.85,Issue,140.85,U01366,East,Medium,Completed,402.99
P006012,Books,53.23,Herself,53.23,U00997,West,Low,Pending,421.87
P001469,Books,32.82,Security,32.82,U01882,North,Medium,Completed,676.47
P000780,Home & Kitchen,54.77,Government,54.77,U00818,North,Low,Completed,974.28
P001489,Books,68.22,Sense,68.22,U02218,South,Medium,Completed,1053.15
P005122,Electronics,87.4,Several,87.4,U00514,West,High,Completed,715.32
P007551,Books,93.46,Authority,93.46,U01890,South,High,Completed,2533.46
P001154,Electronics,33.18,Race,33.18,U00828,North,Medium,Completed,803.56
P002483,Electronics,119.52,High,119.52,U01763,East,High,Pending,1506.66
P005198,Clothing,151.5,Minute,151.5,U01566,North,High,Completed,5192.19
P002223,Electronics,52.09,South,52.09,U02657,East,High,Completed,583.21
P004098,Beauty,162.97,And,162.97,U00343,South,Medium,Completed,457.69
P001480,Groceries,96.29,Build,96.29,U01445,East,High,Completed,650.94
P002011,Sports,30.69,Be,30.69,U00838,South,High,Completed,774.22
P006977,Home & Kitchen,14.24,Future,14.24,U02573,South,High,Refunded,679.63
P007349,Sports,71.96,Including,71.96,U02809,West,High,Completed,1500.3
P006341,Clothing,139.73,Guess,139.73,U01985,East,Medium,Completed,364.19
P001709,Electronics,26.67,Find,26.67,U01957,East,Low,Refunded,1421.4
P005069,Groceries,74.69,Certain,74.69,U02672,West,High,Refunded,688.27
P002188,Electronics,20.63,Level,20.63,U01080,South,High,Pending,721.87
P007820,Sports,37.71,Baby,37.71,U01927,East,Medium,Pending,360.65
P003170,Electronics,78.31,Everything,78.31,U00651,West,Low,Completed,1597.32
P001782,Beauty,56.2,Then,56.2,U02383,South,Medium,Completed,1099.61
P004506,Sports,35.28,Person,35.28,U02950,West,High,Completed,956.71
P004900,Books,94.42,Authority,94.42,U01145,West,Low,Refunded,247.85
P004256,Sports,72.53,Chair,72.53,U02131,North,Medium,Completed,1361.0
P002746,Sports,38.81,Central,38.81,,North,High,Cancelled,1957.01
P000856,Clothing,79.18,Like,79.18,U01653,North,Low,Completed,716.56
P003987,Sports,106.56,Those,106.56,U00309,East,Low,Completed,1212.7
P004368,Clothing,46.9,Huge,46.9,U00035,South,Medium,Completed,581.87
P000282,Electronics,96.14,Road,96.14,U00374,North,Low,Completed,411.29
P007780,Beauty,59.45,State,59.45,U02422,East,Low,Refunded,1414.42
P004061,Books,142.42,Either,142.42,U02746,East,Medium,Completed,569.63
P007277,Clothing,59.05,Later,59.05,U00859,South,Low,Completed,2256.2
P004308,Clothing,185.73,Deep,185.73,U02940,East,Medium,Refunded,435.75
P007402,Home & Kitchen,112.64,Whatever,112.64,U00362,South,Low,Completed,365.87
P000584,Beauty,109.24,Analysis,109.24,U02667,South,Medium,Completed,359.92
P001970,Books,113.83,Know,113.83,U02768,West,Medium,Completed,587.83
P004629,Sports,155.62,Fight,155.62,U02647,West,Low,Cancelled,520.3
P003526,Sports,33.29,Late,33.29,U01955,North,Medium,Completed,526.49
P003890,Books,91.24,Site,91.24,U00653,North,Medium,Completed,1273.92
P004352,Clothing,208.99,Thus,208.99,U00659,East,Low,Completed,255.4
P002261,Beauty,107.98,Push,107.98,U01960,North,Low,Completed,616.1
P000516,Books,87.62,Firm,87.62,U02136,South,Medium,Completed,358.54
P002752,Sports,85.07,Although,85.07,U02293,South,Medium,Completed,632.61
P005498,Sports,54.15,Through,54.15,U02877,South,Low,Pending,546.67
P002580,Clothing,32.01,World,32.01,U02134,South,Medium,Pending,898.35
P003843,Home & Kitchen,137.46,Onto,137.46,U02218,South,Low,Completed,1254.38
P006912,Home & Kitchen,69.99,I,69.99,U02457,East,Low,Completed,438.31
P004628,Clothing,165.46,Note,165.46,U01544,East,High,Pending,919.16
P001461,Beauty,25.41,Say,25.41,U01011,South,Medium,Completed,523.69
P006987,Beauty,38.32,Military,38.32,,North,High,Completed,726.9
P007640,Books,116.53,Strategy,116.53,U01871,East,Medium,Completed,1101.4
P000830,Beauty,65.53,Onto,65.53,U00985,North,High,Completed,857.46
P001623,Clothing,46.48,Will,46.48,U02640,North,High,Completed,539.39
P000931,Home & Kitchen,98.24,Simple,98.24,U01588,West,High,Completed,407.3
P003110,Beauty,38.78,Example,38.78,U00218,West,High,Completed,2320.76
P000070,Home & Kitchen,113.28,Finally,113.28,U02226,East,High,Refunded,832.05
P000389,Sports,18.24,Compare,18.24,U02778,West,Low,Completed,513.23
P003487,Electronics,169.39,Look,169.39,U02812,South,High,Completed,299.78
P001972,Electronics,109.42,Build,109.42,U02905,South,Medium,Completed,770.67
P000699,Electronics,369.35,Least,369.35,U00735,South,High,Refunded,1647.3
P003038,Groceries,192.93,Reason,192.93,U00518,East,Medium,Completed,1012.45
P000748,Beauty,89.36,Into,89.36,U02017,East,Low,Completed,1268.86
P003640,Clothing,63.57,Like,63.57,U02385,North,Low,Completed,869.22
P003965,Beauty,135.4,Several,135.4,U01807,East,High,Completed,323.33
P004810,Clothing,157.76,Step,157.76,U02975,South,High,Completed,461.5
P002237,Clothing,8.7,Drug,8.7,U01615,South,Low,Completed,509.56
P005503,Clothing,30.42,Friend,30.42,U01031,North,Low,Completed,1201.07
P006323,Electronics,108.08,Per,108.08,U01060,West,Low,Pending,729.61
P004324,Electronics,51.16,Fast,51.16,U02796,South,Low,Cancelled,1756.61
P001036,Sports,102.37,Forget,102.37,U01784,North,Low,Completed,986.42
P003550,Sports,31.46,Page,31.46,U01487,West,High,Completed,899.56
P003242,Groceries,106.26,Mr,106.26,U02855,West,Medium,Completed,1075.32
P005917,Groceries,112.68,Politics,112.68,U01581,West,Medium,Completed,385.48
P001096,Electronics,81.76,Nothing,81.76,U00392,North,Medium,Completed,834.02
P005594,Beauty,27.49,Dog,27.49,U02442,North,Low,Completed,1157.67
P004014,Groceries,15.27,Practice,15.27,U00815,West,Medium,Completed,242.96
P004936,Electronics,57.31,Factor,57.31,U02508,North,Low,Completed,391.29
P005059,Beauty,24.39,Around,24.39,U00456,South,High,Pending,2122.72
P004988,Home & Kitchen,15.06,Kitchen,15.06,,East,High,Completed,1051.35
P000190,Sports,74.77,On,74.77,U00165,South,Medium,Completed,915.03
P000947,Clothing,47.1,Success,47.1,,South,Low,Completed,735.08
P001055,Beauty,18.47,To,18.47,U01294,West,Medium,Completed,435.11
P003294,Sports,171.8,Break,171.8,U01357,South,Low,Refunded,1031.57
P004269,Books,53.47,Stay,53.47,U02426,West,Low,Completed,1525.86
P002834,Groceries,39.91,Possible,39.91,U00164,North,Medium,Completed,439.41
P002256,Sports,86.16,Parent,86.16,U00743,West,Low,Cancelled,471.84
P000272,Electronics,41.94,Evidence,41.94,U00250,West,Medium,Completed,690.72
P003658,Books,116.59,Environmental,116.59,U01037,South,High,Completed,1139.4
P005696,Groceries,162.64,View,162.64,U02412,South,Low,Completed,1267.21
P006378,Electronics,158.91,Phone,158.91,U00133,North,High,Cancelled,1429.25
P004300,Groceries,120.5,Rather,120.5,U02206,North,Low,Cancelled,431.96
P000715,Groceries,52.74,Red,52.74,U01303,West,Medium,Completed,1342.14
P002409,Books,60.33,Left,60.33,U02490,North,High,Cancelled,969.42
P004274,Home & Kitchen,76.9,Employee,76.9,U00186,East,Medium,Pending,470.59
P001361,Home & Kitchen,83.19,Notice,83.19,U02351,East,Medium,Completed,1739.11
P006396,Sports,65.57,Claim,65.57,U01536,North,High,Completed,1024.46
P000873,Groceries,41.24,Produce,41.24,U02640,South,Medium,Refunded,752.74
P003747,Groceries,78.95,Visit,78.95,U02966,East,High,Completed,1010.48
P000929,Books,48.28,Nothing,48.28,U02302,South,High,Completed,645.91
P007346,Electronics,167.61,Stage,167.61,,North,Low,Completed,765.79
P004874,Books,137.44,Knowledge,137.44,U02027,East,Low,Completed,2053.05
P000981,Clothing,178.17,Hundred,178.17,U02784,East,Medium,Completed,1761.51
P006997,Electronics,84.96,Discussion,84.96,U02479,North,Medium,Completed,1349.31
P002643,Home & Kitchen,36.84,Western,36.84,U01313,West,Low,Completed,376.33
P004573,Groceries,55.07,Certainly,55.07,U02264,East,Low,Completed,2094.49
P001070,Books,62.08,Move,62.08,U02123,West,Medium,Completed,804.71
P007320,Groceries,22.25,Produce,22.25,U02491,West,High,Completed,1595.02
P004883,Books,90.36,Sure,90.36,U02645,South,Low,Completed,335.05
P000431,Home & Kitchen,60.64,Morning,60.64,U02448,West,Medium,Completed,413.66
P003364,Beauty,10.76,World,10.76,U00771,South,High,Completed,1635.45
P001327,Groceries,100.06,Summer,100.06,,South,Low,Completed,182.15
P004661,Beauty,53.44,Ready,53.44,U02760,North,Low,Pending,569.27
P003282,Sports,125.21,President,125.21,U02965,West,Medium,Completed,1144.41
P002270,Home & Kitchen,51.73,Yourself,51.73,U00548,North,Low,Cancelled,2583.72
P003402,Sports,43.5,Certain,43.5,U02884,West,Low,Completed,650.71
P004652,Clothing,160.56,Soon,160.56,U02682,North,Low,Completed,1020.0
P000825,Groceries,91.58,Summer,91.58,U02774,West,High,Completed,550.81
P006834,Sports,166.2,Rule,166.2,U02143,North,Medium,Refunded,804.85
P005210,Home & Kitchen,47.44,Work,47.44,U01430,East,Medium,Completed,696.78
P003533,Beauty,82.18,Crime,82.18,U02245,North,Low,Refunded,1189.69
P005474,Sports,116.11,Pattern,116.11,U00285,South,High,Refunded,307.42
P006132,Books,65.03,Reach,65.03,U00210,East,Medium,Completed,159.06
P000805,Groceries,206.28,Serious,206.28,U01274,East,Medium,Cancelled,785.13
P006429,Beauty,108.77,Star,108.77,U00214,North,Low,Completed,154.51
P007571,Groceries,36.04,Week,36.04,U01841,West,Low,Completed,1178.27
P007003,Home & Kitchen,86.36,Collection,86.36,U00965,West,Low,Completed,718.91
P005028,Electronics,59.08,Much,59.08,U02522,West,Low,Completed,2048.98
P001267,Electronics,60.87,Pick,60.87,U00447,West,Low,Completed,349.23
P006336,Home & Kitchen,242.6,Green,242.6,U00082,North,Medium,Completed,642.99
P007646,Beauty,125.4,Account,125.4,U00781,East,Medium,Completed,329.61
P003805,Sports,243.63,Produce,243.63,U00363,North,Medium,Completed,1700.31
P005976,Sports,33.6,Investment,33.6,U01425,West,Medium,Completed,1285.5
P002671,Clothing,136.79,Think,136.79,U01230,South,Medium,Completed,474.83
P003969,Beauty,17.57,Magazine,17.57,U00434,South,Low,Pending,479.39
P000417,Sports,154.52,Customer,154.52,U01707,North,Medium,Cancelled,535.57
P006844,Beauty,52.72,Own,52.72,U00118,South,Low,Pending,796.65
P002625,Electronics,136.1,Government,136.1,U02839,South,Medium,Pending,686.85
P002019,Clothing,139.56,Property,139.56,U02265,South,Medium,Completed,1815.13
P007938,Beauty,66.05,Watch,66.05,U01537,East,High,Completed,1335.64
P001967,Groceries,80.46,Area,80.46,U00314,North,High,Pending,1706.77
P002544,Clothing,52.51,None,52.51,U00022,East,Medium,Completed,1402.22
P007626,Beauty,137.06,Early,137.06,U01166,East,High,Completed,1257.51
P004711,Sports,115.24,Example,115.24,U00093,West,Medium,Completed,944.4
P004222,Groceries,116.19,List,116.19,U01289,West,High,Completed,617.1
P000956,Groceries,49.92,None,49.92,U00156,North,Low,Completed,328.08
P000084,Home & Kitchen,53.68,Spring,53.68,U02543,South,Low,Cancelled,1954.03
P006078,Books,98.89,Across,98.89,U01479,North,Low,Completed,926.26
P000958,Groceries,27.62,What,27.62,U01670,West,Medium,Completed,2060.36
P006136,Electronics,99.44,Nation,99.44,U00322,West,High,Cancelled,398.92
P001826,Home & Kitchen,48.87,Pull,48.87,U02595,South,Low,Completed,536.32
P007229,Clothing,45.26,Successful,45.26,U02690,West,Medium,Completed,742.3
P005511,Sports,43.27,Score,43.27,U01189,North,Medium,Completed,695.19
P001268,Groceries,46.49,Street,46.49,U02504,South,Medium,Pending,1322.52
P006411,Beauty,166.32,School,166.32,U02036,West,Medium,Completed,1752.07
P003633,Electronics,80.67,Describe,80.67,U01230,South,High,Completed,1837.22
P004702,Groceries,24.07,Fast,24.07,U02431,West,High,Cancelled,1438.57
P007215,Sports,76.82,Race,76.82,U02964,West,High,Completed,441.7
P003956,Groceries,178.21,Oil,178.21,U02619,South,High,Completed,947.63
P005973,Home & Kitchen,62.58,Development,62.58,U00269,West,Low,Completed,1121.19
P006026,Sports,70.6,Effort,70.6,U00582,East,Medium,Completed,2005.19
P007150,Books,31.85,Morning,31.85,U00974,South,High,Pending,756.49
P000045,Books,86.01,Grow,86.01,U01989,South,High,Completed,1286.64
P000504,Books,56.94,These,56.94,U02209,South,High,Cancelled,483.09
P006723,Electronics,54.78,Deal,54.78,U02874,North,Low,Completed,889.32
P005643,Clothing,41.47,Various,41.47,U02423,South,High,Completed,1304.32
P006957,Electronics,131.96,Huge,131.96,U01592,South,Medium,Completed,400.27
P001301,Home & Kitchen,106.15,Close,106.15,U01588,North,Low,Completed,743.96
P004086,Home & Kitchen,126.28,Money,126.28,U02418,West,High,Completed,1118.36
P007573,Beauty,83.36,Plan,83.36,U01082,East,Low,Completed,289.64
P004538,Home & Kitchen,153.49,Important,153.49,U02829,North,Medium,Cancelled,2182.75
P001655,Electronics,94.08,Structure,94.08,U02288,South,Low,Refunded,467.34
P003051,Beauty,29.07,Beat,29.07,U00657,South,Medium,Pending,846.68
P000840,Beauty,154.84,Nice,154.84,U02599,North,Medium,Cancelled,593.87
P007608,Beauty,38.31,Strategy,38.31,U02288,East,Low,Completed,1901.3
P007977,Books,35.4,Represent,35.4,U02948,East,Low,Completed,1247.37
P005326,Sports,79.19,Seek,79.19,U02246,South,Low,Completed,999.11
P001818,Groceries,83.59,Home,83.59,U00368,South,Medium,Refunded,1685.0
P000916,Groceries,90.72,Parent,90.72,U01205,West,Low,Completed,420.49
P000736,Home & Kitchen,94.4,Dark,94.4,U00563,West,Low,Completed,450.1
P004204,Electronics,71.66,Sister,71.66,U01945,East,High,Completed,2156.65
P007910,Home & Kitchen,33.39,They,33.39,U00190,South,Low,Completed,623.83
P004785,Beauty,93.1,Discover,93.1,U02097,North,Low,Completed,1286.36
P006221,Books,127.99,Financial,127.99,U00453,North,Medium,Completed,1154.24
P006220,Clothing,75.43,Pay,75.43,U02980,South,Low,Completed,1929.72
P006280,Electronics,28.61,Cold,28.61,U00845,South,High,Completed,1070.63
P007590,Groceries,69.58,Watch,69.58,U02258,West,High,Completed,246.42
P000065,Groceries,101.96,Capital,101.96,U00978,East,Medium,Completed,1413.65
P000762,Home & Kitchen,55.81,Letter,55.81,U00577,East,High,Completed,998.73
P000910,Electronics,78.84,Young,78.84,U02594,North,Medium,Completed,445.39
P006283,Electronics,196.88,Source,196.88,U02894,South,Medium,Completed,203.89
P003164,Home & Kitchen,70.47,Across,70.47,U02787,East,Low,Refunded,528.99
P007457,Home & Kitchen,54.73,Company,54.73,U01335,West,Medium,Completed,184.56
P006870,Groceries,57.05,Social,57.05,U00916,East,Low,Completed,1204.37
P006675,Groceries,114.56,Himself,114.56,U01956,West,Low,Completed,830.07
P006471,Sports,51.5,Loss,51.5,U02554,South,Low,Completed,296.33
P005479,Home & Kitchen,71.73,Realize,71.73,U02974,North,Medium,Completed,1223.42
P005195,Sports,56.1,Majority,56.1,U00900,South,Medium,Pending,753.88
P000296,Groceries,96.83,Down,96.83,U02956,East,High,Completed,828.08
P004651,Groceries,34.19,Analysis,34.19,U00398,South,Low,Pending,1384.55
P001581,Beauty,45.09,Black,45.09,U02017,West,Low,Completed,1428.73
P002087,Beauty,36.14,Item,36.14,U02880,North,High,Completed,703.53
P007046,Sports,75.75,You,75.75,U01178,East,High,Completed,1564.4
P000398,Home & Kitchen,116.11,Community,116.11,U00708,West,Low,Pending,1445.93
P004951,Groceries,97.82,Throw,97.82,U00834,East,Low,Completed,637.59
P004115,Groceries,57.73,Of,57.73,U00363,West,Low,Completed,413.49
P007746,Clothing,53.7,Young,53.7,U00428,South,Medium,Completed,1334.3
P000716,Clothing,60.27,Wife,60.27,U00558,North,Low,Completed,664.18
P001253,Sports,68.96,Rich,68.96,U02898,West,High,Pending,558.42
P004292,Electronics,71.44,Training,71.44,U00135,West,Low,Pending,475.59
P005550,Home & Kitchen,16.2,Trouble,16.2,U00005,South,High,Completed,2018.33
P000204,Clothing,108.11,Grow,108.11,U02042,East,High,Completed,161.97
P004389,Electronics,102.11,Not,102.11,U01033,North,Medium,Completed,1180.9
P002162,Beauty,68.47,Nice,68.47,U00547,East,Low,Completed,600.2
P004290,Electronics,177.06,Husband,177.06,U00179,East,Low,Refunded,941.46
P006624,Home & Kitchen,29.15,Full,29.15,U02823,North,High,Completed,566.09
P007632,Home & Kitchen,65.23,Under,65.23,U01123,North,High,Cancelled,750.5
P006972,Sports,69.02,Write,69.02,U02098,South,High,Pending,561.31
P005975,Clothing,118.44,Than,118.44,U01047,East,High,Completed,179.07
P000005,Books,84.96,Face,84.96,U02873,West,Low,Completed,188.03
P000176,Electronics,223.13,Claim,223.13,U02498,North,Low,Completed,211.52
P000413,Sports,118.63,Recently,118.63,U00383,South,High,Refunded,1022.14
P002350,Sports,60.32,Program,60.32,U01745,East,Low,Cancelled,917.23
P001991,Books,16.08,Trial,16.08,U01141,East,Low,Completed,892.03
P001431,Beauty,72.5,Spring,72.5,U02590,West,Low,Completed,577.36
P001941,Books,73.34,Wear,73.34,U01653,East,Medium,Completed,659.99
P004120,Electronics,130.83,Woman,130.83,U02478,West,High,Completed,923.05
P002293,Groceries,21.85,Goal,21.85,U00769,South,High,Cancelled,2281.01
P005250,Electronics,60.66,Hotel,60.66,U02245,South,Low,Pending,2087.11
P006092,Home & Kitchen,79.87,Together,79.87,U01489,South,Medium,Refunded,1969.19
P007026,Groceries,60.27,Range,60.27,U02759,North,Medium,Completed,2340.51
P006583,Clothing,36.41,Door,36.41,,South,Medium,Completed,376.9
P000421,Home & Kitchen,21.97,Particularly,21.97,,East,High,Completed,214.83
P005056,Beauty,38.19,Long,38.19,,West,Medium,Completed,2196.28
P003857,Home & Kitchen,56.51,Best,56.51,U00573,West,Medium,Completed,427.98
P000603,Electronics,100.85,Two,100.85,U00476,South,Medium,Completed,1560.43
P006571,Beauty,226.99,Real,226.99,U02841,South,Medium,Completed,501.04
P004926,Books,61.86,Candidate,61.86,U02562,South,Low,Pending,329.82
P002564,Beauty,231.93,News,231.93,U00804,West,High,Completed,402.6
P003327,Books,88.03,Machine,88.03,U00924,West,Low,Completed,267.62
P005710,Clothing,240.93,Sea,240.93,U01081,West,Medium,Completed,1356.5
P007563,Electronics,10.83,Return,10.83,U01700,East,High,Completed,452.9
P006446,Clothing,216.14,Medical,216.14,U00506,West,High,Completed,854.17
P005714,Books,144.11,Ready,144.11,U02561,East,Low,Completed,504.32
P005362,Groceries,37.29,Rich,37.29,U02998,South,Medium,Cancelled,1051.52
P003442,Groceries,78.25,Feeling,78.25,U01903,East,Medium,Pending,864.54
P001577,Home & Kitchen,63.35,Black,63.35,,South,Low,Completed,992.35
P000583,Home & Kitchen,50.89,Care,50.89,U01350,West,Medium,Completed,1829.74
P004761,Beauty,65.27,Would,65.27,U01109,South,High,Completed,479.8
P006959,Home & Kitchen,206.47,Later,206.47,U01239,West,Low,Pending,1104.92
P003138,Sports,99.58,Moment,99.58,U00493,East,Medium,Completed,794.4
P001216,Books,100.13,None,100.13,U01239,South,High,Completed,1505.48
P002875,Electronics,67.27,Life,67.27,U02182,East,Medium,Completed,545.84
P001227,Clothing,113.32,Trouble,113.32,U02979,North,Medium,Cancelled,184.19
P004794,Electronics,43.25,Green,43.25,U02181,East,Medium,Completed,827.6
P006039,Sports,168.45,Third,168.45,U00467,North,Medium,Cancelled,414.6
P001486,Groceries,77.73,Class,77.73,U00316,North,Low,Completed,714.49
P004551,Groceries,81.79,Season,81.79,U01073,East,High,Completed,1679.08
P001677,Home & Kitchen,58.54,Act,58.54,U01159,East,High,Pending,1348.57
P003152,Sports,72.61,Anything,72.61,U02224,South,High,Completed,561.19
P004043,Home & Kitchen,192.05,Big,192.05,U00946,West,Medium,Completed,1769.45
P004958,Sports,143.66,Mr,143.66,U01830,East,Low,Completed,962.26
P004598,Home & Kitchen,15.88,Her,15.88,U00582,West,High,Completed,437.45
P003332,Electronics,106.88,Health,106.88,U00856,South,High,Completed,313.69
P003615,Books,64.09,Organization,64.09,U02517,East,Low,Completed,1085.2
P005163,Beauty,122.35,Morning,122.35,U00203,West,Medium,Cancelled,237.1
P002100,Groceries,88.73,Forget,88.73,U00594,South,Low,Pending,490.54
P003268,Groceries,97.86,Reality,97.86,U02410,East,High,Completed,2040.6
P006410,Sports,92.37,Police,92.37,U02794,West,Medium,Completed,341.89
P001801,Beauty,160.98,Trade,160.98,U00184,West,Medium,Completed,1090.72
P001191,Electronics,44.14,North,44.14,U01633,West,High,Completed,1251.39
P000753,Books,145.36,Few,145.36,U00581,North,High,Cancelled,944.16
P002307,Sports,24.01,Short,24.01,U02486,North,Low,Completed,605.2
P005798,Electronics,213.34,Same,213.34,U02421,East,Medium,Completed,620.79
P005650,Clothing,87.26,Room,87.26,U01139,South,Low,Completed,1701.8
P004327,Beauty,96.62,Increase,96.62,,North,Low,Completed,981.43
P002981,Electronics,29.07,Man,29.07,U02555,West,Low,Completed,673.8
P005347,Electronics,59.68,Blue,59.68,U02550,East,High,Cancelled,297.83
P007094,Sports,26.71,Scientist,26.71,U01166,East,Medium,Completed,1557.55
P003970,Clothing,177.77,Concern,177.77,U00820,South,High,Completed,941.1
P005864,Beauty,192.72,Whether,192.72,U00571,West,Low,Completed,560.97
P000739,Sports,184.92,Yard,184.92,U01986,East,High,Completed,517.41
P004609,Home & Kitchen,34.81,Issue,34.81,U00434,South,Medium,Completed,1945.32
P007182,Beauty,70.98,Research,70.98,U01076,South,High,Completed,174.44
P000473,Clothing,185.13,Catch,185.13,U01186,North,Low,Completed,1035.93
P001652,Clothing,10.83,Its,10.83,U01068,South,High,Completed,2018.79
P002358,Beauty,75.95,Back,75.95,U01863,West,Low,Completed,1592.21
P005093,Sports,58.27,All,58.27,U02886,North,Low,Pending,1232.99
P006248,Home & Kitchen,80.82,City,80.82,U01502,East,Medium,Pending,1731.51
P005646,Books,57.06,Activity,57.06,U00122,West,High,Pending,371.29
P004580,Home & Kitchen,37.31,Note,37.31,U02926,West,High,Pending,2357.68
P002322,Groceries,47.11,Reality,47.11,U01909,West,High,Completed,574.74
P005938,Groceries,99.34,May,99.34,U01298,North,High,Cancelled,1454.51
P004983,Clothing,105.58,Cause,105.58,U01302,North,High,Completed,878.13
P004493,Books,17.96,Professional,17.96,U02083,North,High,Completed,999.72
P000626,Home & Kitchen,113.76,Suffer,113.76,U02909,West,Medium,Completed,2350.3
P001854,Sports,15.9,Answer,15.9,U02050,West,Low,Completed,503.62
P007077,Home & Kitchen,33.17,None,33.17,U00003,East,High,Completed,430.63
P000380,Home & Kitchen,71.82,Reach,71.82,U01389,South,Medium,Completed,1410.26
P002860,Sports,133.73,Audience,133.73,U02858,South,High,Completed,648.44
P006302,Sports,250.9,Wait,250.9,U00719,North,High,Refunded,607.9
P004034,Sports,52.84,Save,52.84,U00794,East,Medium,Pending,466.74
P003530,Groceries,176.09,Institution,176.09,U02511,West,Medium,Completed,662.66
P007092,Books,51.41,Note,51.41,U00995,North,High,Cancelled,544.76
P002195,Home & Kitchen,168.7,Explain,168.7,U00252,West,High,Completed,2485.62
P000150,Sports,37.3,Question,37.3,U01100,East,Low,Pending,691.77
P002241,Electronics,35.49,Relate,35.49,U00056,North,Low,Completed,728.97
P004818,Beauty,125.86,Let,125.86,U01531,North,High,Pending,443.71
P002411,Clothing,60.06,Need,60.06,U00808,North,Medium,Completed,1853.18
P004527,Books,62.4,Debate,62.4,U02839,East,Low,Completed,1043.27
P002490,Sports,88.1,Yourself,88.1,U01786,East,High,Completed,509.39
P007258,Clothing,144.85,President,144.85,U01017,North,Low,Pending,999.19
P005202,Beauty,134.41,Significant,134.41,,West,Medium,Completed,320.91
P006553,Electronics,25.14,Air,25.14,U00505,East,High,Completed,301.49
P005970,Home & Kitchen,108.24,Behind,108.24,U01738,West,Low,Completed,344.65
P005385,Sports,125.81,Table,125.81,U00051,South,Medium,Completed,1031.36
P001556,Electronics,76.59,Animal,76.59,U02369,North,High,Completed,724.85
P005108,Electronics,91.13,Here,91.13,U01846,West,Low,Cancelled,378.14
P007822,Books,79.25,Financial,79.25,U02220,North,Low,Completed,366.61
P000360,Beauty,158.04,Dark,158.04,U00613,West,Low,Pending,656.73
P007941,Clothing,82.01,Face,82.01,U00996,South,Medium,Completed,1000.02
P005483,Clothing,153.68,Team,153.68,U02556,East,Low,Completed,367.07
P003765,Beauty,76.17,Leg,76.17,U01032,North,Medium,Cancelled,227.39
P006679,Beauty,48.52,Dog,48.52,,South,Low,Completed,1121.32
P001973,Home & Kitchen,62.58,Skill,62.58,U01986,West,Low,Completed,624.46
P000878,Groceries,15.95,Sell,15.95,U01465,West,High,Completed,759.64
P001411,Groceries,204.06,Toward,204.06,U01993,North,High,Completed,1364.84
P000353,Groceries,31.8,Interesting,31.8,U01841,South,Medium,Completed,826.03
P005730,Home & Kitchen,26.05,Show,26.05,U00805,South,Medium,Completed,1441.56
P007429,Groceries,64.19,Human,64.19,U00136,North,Low,Completed,1277.65
P006240,Home & Kitchen,104.64,Responsibility,104.64,U02154,East,High,Completed,332.19
P001358,Books,54.19,Yes,54.19,U02740,North,High,Completed,580.21
P004053,Books,8.53,Example,8.53,,East,Medium,Completed,1579.07
P000408,Groceries,100.37,Land,100.37,U00526,South,Low,Completed,1253.43
P007884,Home & Kitchen,34.23,Could,34.23,U00608,East,High,Completed,298.99
P003308,Clothing,33.77,Wife,33.77,U01213,North,Low,Completed,651.68
P004826,Sports,48.12,Us,48.12,U01344,North,High,Completed,1688.68
P002601,Home & Kitchen,59.58,Doctor,59.58,,West,Low,Refunded,969.03
P006399,Home & Kitchen,33.55,Rich,33.55,U01732,East,Low,Completed,2299.07
P001931,Groceries,89.65,Despite,89.65,,West,Medium,Pending,1450.73
P007350,Home & Kitchen,83.97,Dog,83.97,U01752,West,Low,Completed,1270.08
P003344,Groceries,69.48,Dark,69.48,U00051,South,Low,Cancelled,847.25
P003491,Clothing,54.47,Minute,54.47,U01103,East,Medium,Completed,525.86
P001202,Books,12.11,Soon,12.11,U00456,East,Medium,Completed,833.07
P005955,Sports,99.2,Billion,99.2,U02931,North,High,Cancelled,561.93
P005755,Sports,54.09,Media,54.09,U00455,North,Low,Refunded,1052.18
P002525,Sports,50.51,Table,50.51,U00258,South,High,Completed,1780.5
P003691,Home & Kitchen,39.22,List,39.22,U00933,West,High,Completed,267.2
P005428,Books,41.16,Far,41.16,U02299,North,High,Completed,473.16
P003979,Electronics,211.76,Create,211.76,U02093,West,Medium,Cancelled,824.83
P003275,Clothing,241.18,Approach,241.18,U01580,West,Low,Cancelled,625.71
P001681,Electronics,167.25,Wear,167.25,U00942,South,Low,Completed,1918.68
P005631,Home & Kitchen,12.52,Economy,12.52,U00099,West,Low,Completed,1117.0
P004374,Books,79.31,Institution,79.31,U02705,South,Low,Completed,296.32
P006291,Beauty,39.77,International,39.77,U01507,North,High,Completed,779.52
P003091,Sports,59.08,Charge,59.08,U01214,South,Medium,Completed,813.2
P002361,Beauty,66.93,Live,66.93,U00918,East,Medium,Cancelled,1579.15
P000137,Books,66.03,Development,66.03,U00469,South,Medium,Completed,700.09
P002383,Electronics,101.58,Listen,101.58,U01695,North,Medium,Refunded,533.16
P005445,Clothing,163.14,Sell,163.14,U00398,East,High,Refunded,292.56
P004345,Beauty,20.8,Left,20.8,U02243,North,Low,Completed,1061.39
P004436,Books,166.97,Hair,166.97,U01375,South,Medium,Refunded,1561.5
P005480,Groceries,57.57,Effect,57.57,U02991,West,Low,Cancelled,404.95
P004759,Electronics,147.85,Fall,147.85,U02938,West,Low,Cancelled,911.99
P002049,Sports,34.8,Job,34.8,U00962,West,Medium,Completed,798.12
P004044,Sports,61.28,Need,61.28,U02538,North,Medium,Completed,669.56
P007090,Books,87.48,Body,87.48,U02633,West,High,Completed,1835.27
P004888,Clothing,106.77,Upon,106.77,U00144,North,High,Completed,1264.83
P003808,Beauty,129.92,Only,129.92,,South,Medium,Completed,772.52
P001846,Beauty,127.0,Majority,127.0,U01542,East,Medium,Completed,93.91
P007194,Electronics,172.56,Chance,172.56,U00144,North,Low,Completed,2930.03
P006420,Sports,77.1,Buy,77.1,U01537,East,Medium,Pending,1113.76
P001345,Beauty,127.5,Physical,127.5,U02745,South,Low,Completed,1409.7
P001817,Electronics,70.54,Look,70.54,U00407,South,Medium,Completed,1234.16
P004921,Groceries,39.95,Before,39.95,U01869,East,Low,Completed,460.83
P000991,Books,87.61,So,87.61,U00979,South,High,Completed,461.05
P002917,Beauty,58.26,Light,58.26,,South,High,Completed,632.84
P000818,Groceries,50.36,Speech,50.36,U02822,North,Medium,Completed,1188.47
P001575,Groceries,55.53,Glass,55.53,U01949,West,Medium,Completed,553.22
P004068,Electronics,11.72,Be,11.72,U00072,West,Low,Completed,829.75
P003440,Home & Kitchen,142.51,Field,142.51,U00272,North,High,Cancelled,969.61
P005114,Home & Kitchen,20.73,Hold,20.73,U00655,East,Medium,Completed,625.93
P007681,Clothing,96.97,One,96.97,U01673,East,Medium,Completed,1195.47
P007446,Books,69.59,Hair,69.59,U00190,North,Low,Completed,632.07
P004428,Groceries,56.35,Include,56.35,,South,High,Refunded,1233.93
P002355,Electronics,110.38,Arrive,110.38,U02525,West,Low,Completed,2062.24
P002857,Sports,60.77,Left,60.77,U01347,West,Medium,Cancelled,884.64
P000297,Electronics,78.06,Attack,78.06,U00638,South,High,Completed,683.31
P005310,Beauty,56.48,Believe,56.48,U02826,East,Low,Completed,361.26
P007490,Groceries,73.0,Either,73.0,U00368,South,High,Completed,1456.23
P000320,Sports,127.45,Relationship,127.45,U02634,East,High,Completed,1093.44
P007579,Groceries,138.61,Soldier,138.61,U00952,East,Medium,Completed,432.54
P004927,Clothing,82.93,Perform,82.93,U01142,East,High,Completed,509.4
P000663,Books,63.94,Family,63.94,U00586,North,High,Completed,559.48
P006158,Home & Kitchen,32.01,Kid,32.01,U01482,East,Medium,Completed,416.93
P006820,Books,81.25,Determine,81.25,U02661,South,Medium,Completed,1635.36
P002615,Groceries,14.38,Beat,14.38,U02548,North,Low,Completed,575.7
P006852,Beauty,86.56,Thought,86.56,U01497,West,Low,Refunded,497.33
P000536,Groceries,110.34,Democrat,110.34,U02267,West,Medium,Completed,1096.73
P006904,Groceries,45.31,Style,45.31,U00352,South,Low,Completed,2844.2
P001588,Sports,68.99,It,68.99,U02765,West,High,Completed,1466.77
P000333,Sports,22.58,Material,22.58,U02779,West,Medium,Completed,237.27
P006459,Sports,80.28,Church,80.28,U02632,North,High,Cancelled,1268.52
P001264,Groceries,26.21,South,26.21,U02539,South,Low,Completed,1829.42
P002858,Electronics,106.01,Already,106.01,,East,Medium,Completed,723.22
P002986,Electronics,37.36,Unit,37.36,U00108,North,Low,Completed,1155.75
P002423,Clothing,134.22,Respond,134.22,U00698,North,Low,Pending,341.82
P007607,Clothing,51.0,Meet,51.0,U02448,South,High,Completed,864.75
P002569,Electronics,228.5,Suddenly,228.5,U00976,South,Low,Completed,415.68
P003824,Groceries,72.71,However,72.71,U00088,East,High,Completed,380.45
P004657,Home & Kitchen,60.36,Large,60.36,U02226,West,High,Completed,562.87
P002120,Beauty,137.33,Draw,137.33,U01288,North,Low,Completed,1374.62
P006298,Electronics,142.33,Decision,142.33,U02804,North,High,Cancelled,2894.1
P000961,Books,61.0,Organization,61.0,U00298,East,High,Completed,835.58
P005257,Beauty,92.58,Cell,92.58,U01290,East,Low,Cancelled,1280.59
P005923,Groceries,87.78,Charge,87.78,U00450,South,High,Completed,463.96
P001442,Beauty,151.29,Arm,151.29,U00612,West,Medium,Completed,576.39
P007787,Groceries,188.4,Deep,188.4,U01449,South,Medium,Cancelled,645.97
P002016,Clothing,78.18,Card,78.18,U01929,West,Medium,Completed,612.32
P001332,Electronics,88.83,Off,88.83,U00371,South,Low,Cancelled,687.72
P003489,Groceries,168.01,Of,168.01,U01561,North,Medium,Completed,1195.82
P005510,Sports,87.39,Ahead,87.39,U02634,West,Low,Completed,270.57
P004113,Home & Kitchen,61.84,Fast,61.84,U02370,West,High,Completed,980.48
P003676,Groceries,65.01,Marriage,65.01,U00658,West,Low,Completed,266.65
P005228,Clothing,62.47,Short,62.47,U02052,East,High,Cancelled,290.43
P005412,Sports,73.87,Use,73.87,U01644,North,Medium,Cancelled,618.59
P004754,Clothing,15.1,Specific,15.1,U00395,South,High,Completed,738.7
P001656,Clothing,73.8,Couple,73.8,U01073,South,Low,Completed,1120.49
P000156,Electronics,17.41,Size,17.41,U00989,West,Medium,Completed,519.65
P007160,Books,165.52,With,165.52,U02124,North,Low,Refunded,999.12
P004489,Beauty,33.67,Maintain,33.67,U02582,West,High,Pending,1872.42
P001696,Beauty,73.48,Loss,73.48,U02637,East,Medium,Pending,1519.83
P005392,Books,71.86,Concern,71.86,U02479,West,Low,Completed,941.25
P002748,Home & Kitchen,40.68,Sense,40.68,U02296,West,Medium,Completed,1332.48
P001881,Electronics,29.5,Bit,29.5,U02429,South,High,Completed,1220.48
P006530,Electronics,52.45,Budget,52.45,U02759,West,Medium,Completed,241.15
P001590,Clothing,174.4,Real,174.4,U02076,North,Medium,Completed,996.35
P006994,Books,21.44,Second,21.44,U02580,West,High,Pending,1377.57
P002770,Clothing,110.26,Some,110.26,U01817,North,Medium,Completed,369.78
P007650,Home & Kitchen,56.62,Rise,56.62,U00506,West,Medium,Completed,1785.14
P004277,Books,131.29,Mission,131.29,U00204,North,High,Completed,383.03
P001632,Groceries,73.62,Score,73.62,U02415,North,Medium,Completed,1521.35
P007263,Sports,278.23,Mention,278.23,U02862,North,Medium,Completed,849.48
P005389,Clothing,19.63,Year,19.63,U00820,North,Low,Completed,1207.88
P005809,Books,81.45,Dream,81.45,U01114,North,Medium,Completed,1109.68
P006385,Electronics,16.42,Anything,16.42,U02338,North,Low,Completed,870.15
P004332,Beauty,65.59,Decision,65.59,U00529,West,High,Completed,445.96
P002607,Beauty,75.86,Agreement,75.86,U01804,East,Low,Completed,466.27
P000555,Books,101.83,Goal,101.83,U00702,North,Medium,Cancelled,1246.59
P006527,Books,91.26,Various,91.26,U02797,South,High,Completed,633.72
P007919,Home & Kitchen,35.74,Wife,35.74,U02125,South,High,Refunded,1282.65
P006318,Groceries,106.02,Forget,106.02,U00837,East,Low,Completed,1095.28
P006268,Clothing,114.46,Form,114.46,U00436,South,High,Completed,1915.07
P005089,Home & Kitchen,40.1,Various,40.1,U01055,North,Medium,Completed,477.59
P007963,Books,32.19,Indeed,32.19,U01078,South,Low,Pending,559.67
P003717,Sports,119.64,Agency,119.64,U02774,East,Medium,Completed,1120.63
P003745,Sports,151.19,Would,151.19,U00201,North,High,Completed,844.44
P001276,Groceries,55.38,Level,55.38,U01064,East,Low,Completed,1089.35
P007361,Books,47.74,Believe,47.74,U00848,North,Medium,Refunded,1141.04
P000171,Home & Kitchen,36.71,Benefit,36.71,U02015,North,High,Completed,845.8
P000687,Groceries,99.8,Former,99.8,U02143,East,Low,Completed,332.72
P005722,Books,173.93,Glass,173.93,U01520,South,Medium,Cancelled,606.27
P000061,Clothing,35.65,Animal,35.65,U00281,North,High,Cancelled,890.32
P003752,Books,15.39,Blood,15.39,U01925,North,Medium,Completed,1579.38
P006114,Electronics,36.96,Phone,36.96,U00210,West,Low,Completed,610.22
P004607,Beauty,30.31,Read,30.31,U01061,West,High,Pending,303.52
P005416,Groceries,99.54,President,99.54,U00033,North,Low,Cancelled,825.78
P006244,Groceries,56.32,Job,56.32,U02117,North,High,Completed,307.79
P006773,Sports,89.36,Consumer,89.36,U00946,North,High,Pending,1604.82
P003426,Sports,61.27,Accept,61.27,U02174,North,Medium,Cancelled,933.37
P004816,Sports,118.83,Toward,118.83,U00193,East,Medium,Completed,3074.75
P003570,Books,99.59,Speech,99.59,U00667,West,Medium,Completed,448.11
P005987,Groceries,120.63,Cold,120.63,U02909,North,Low,Completed,393.21
P004622,Sports,109.14,Sort,109.14,,East,Low,Completed,491.9
P004766,Home & Kitchen,60.78,Generation,60.78,U00273,North,Medium,Cancelled,2122.27
P006846,Groceries,44.65,Region,44.65,U01164,South,Medium,Completed,1029.71
P004076,Groceries,101.24,Hundred,101.24,U01651,West,Medium,Completed,1081.33
P006493,Groceries,83.03,Voice,83.03,U02792,West,Medium,Cancelled,490.56
P006071,Groceries,182.81,Matter,182.81,U00121,North,High,Refunded,902.53
P005095,Beauty,37.29,Surface,37.29,U01649,South,Medium,Pending,1219.19
P006993,Books,59.46,Step,59.46,U02131,East,Low,Pending,225.0
P005876,Books,56.95,Fact,56.95,U00998,South,Medium,Completed,851.31
P000054,Beauty,72.34,Bill,72.34,U00969,South,Medium,Completed,1830.71
P003228,Sports,54.79,Generation,54.79,,East,Low,Cancelled,316.29
P005813,Sports,49.83,Impact,49.83,U00607,South,Low,Completed,445.91
P001825,Home & Kitchen,180.01,Test,180.01,U02266,West,Low,Completed,530.8
P001451,Electronics,36.94,Soon,36.94,U01930,West,Low,Cancelled,1427.45
P001971,Home & Kitchen,69.39,Never,69.39,U00797,West,Low,Completed,820.29
P007135,Home & Kitchen,125.5,Nor,125.5,U00870,East,Medium,Completed,1739.92
P007017,Groceries,85.17,Finally,85.17,U01630,South,Low,Pending,1128.71
P007496,Groceries,14.43,Center,14.43,U01816,South,Low,Completed,523.5
P001832,Electronics,21.55,Market,21.55,U00247,West,Medium,Completed,698.1
P007874,Sports,30.0,Field,30.0,U00472,East,High,Completed,535.01
P007832,Groceries,27.3,Student,27.3,U01808,East,High,Refunded,911.85
P001193,Sports,52.69,Road,52.69,U00804,South,Low,Completed,1453.59
P002199,Groceries,192.86,Build,192.86,U00869,East,Medium,Completed,1191.32
P007599,Beauty,81.71,Two,81.71,U01908,North,High,Completed,843.96
P000935,Groceries,94.56,Water,94.56,U01839,South,High,Completed,877.88
P007555,Sports,35.81,Cause,35.81,U00508,North,High,Completed,220.38
P001889,Beauty,236.52,Road,236.52,U02292,North,Medium,Completed,2199.82
P005618,Groceries,82.55,Will,82.55,U01079,West,Medium,Completed,389.02
P002265,Groceries,108.55,Interview,108.55,U00567,South,Medium,Completed,255.25
P007412,Beauty,294.16,Range,294.16,U01364,East,Medium,Completed,902.36
P007574,Home & Kitchen,54.97,American,54.97,U02082,East,High,Completed,422.48
P007657,Electronics,107.75,Last,107.75,U01622,East,Medium,Completed,194.6
P005372,Electronics,32.8,Bad,32.8,U02287,East,High,Completed,465.72
P004835,Books,124.82,Real,124.82,U01370,West,Medium,Completed,1445.14
P003318,Sports,30.26,Despite,30.26,U00162,North,High,Completed,758.96
P007519,Home & Kitchen,89.45,Federal,89.45,U01725,West,High,Completed,507.69
P005088,Home & Kitchen,154.49,Significant,154.49,U00344,East,High,Cancelled,1294.8
P002051,Electronics,140.19,Their,140.19,U02726,North,Low,Completed,652.24
P005613,Home & Kitchen,11.75,Out,11.75,U00467,East,High,Pending,532.06
P005273,Beauty,16.11,With,16.11,U02317,West,Medium,Completed,408.25
P003366,Home & Kitchen,74.39,Set,74.39,U02290,West,Low,Completed,875.76
P003822,Groceries,115.18,Church,115.18,U00595,East,High,Completed,1417.65
P004144,Books,49.81,Now,49.81,U00012,West,Medium,Pending,1513.81
P000606,Electronics,37.17,So,37.17,,North,Low,Cancelled,245.03
P007983,Beauty,106.19,High,106.19,,South,Medium,Completed,1089.51
P007261,Beauty,7.21,Daughter,7.21,U01443,West,Low,Cancelled,834.62
P003183,Groceries,101.53,On,101.53,U02071,North,Low,Completed,870.94
P004390,Groceries,48.74,Phone,48.74,U02683,South,High,Completed,1324.33
P000673,Home & Kitchen,122.96,Ahead,122.96,U02614,North,High,Cancelled,357.26
P000488,Home & Kitchen,57.2,Back,57.2,U00628,West,High,Refunded,384.72
P004396,Groceries,148.9,Energy,148.9,,North,Low,Completed,1615.97
P004046,Clothing,97.43,Effect,97.43,U00533,South,Medium,Completed,207.5
P006352,Electronics,116.01,International,116.01,U00326,South,Medium,Completed,403.4
P007286,Beauty,44.2,Put,44.2,U02608,East,Medium,Completed,1492.74
P002988,Clothing,58.13,State,58.13,U01241,South,Medium,Refunded,527.54
P003542,Home & Kitchen,116.07,Eat,116.07,U01404,East,Medium,Refunded,929.13
P006036,Beauty,61.47,Hard,61.47,U00823,North,Low,Cancelled,650.35
P003054,Groceries,103.62,Spend,103.62,U00576,West,Low,Pending,607.68
P001930,Clothing,227.17,Once,227.17,,East,Low,Pending,1580.02
P004143,Groceries,120.21,Watch,120.21,U02436,North,High,Completed,633.96
P001573,Home & Kitchen,349.73,Morning,349.73,U00503,South,Medium,Pending,904.69
P004203,Clothing,112.89,Class,112.89,U02274,West,High,Completed,1240.43
P003999,Beauty,89.98,Professor,89.98,U01339,South,High,Refunded,1747.84
P000607,Books,81.67,Clear,81.67,U00448,South,High,Completed,714.58
P007931,Home & Kitchen,67.42,Meet,67.42,U01818,East,Medium,Completed,1081.44
P001222,Sports,133.41,Final,133.41,U00540,South,High,Completed,1003.54
P003076,Sports,66.0,Reveal,66.0,U00153,West,High,Pending,346.79
P007485,Clothing,52.79,Color,52.79,U02755,West,Medium,Pending,1271.79
P007872,Sports,80.17,Everyone,80.17,U01858,West,Low,Completed,1247.46
P007953,Sports,33.69,Arm,33.69,,South,Medium,Cancelled,591.66
P004175,Electronics,53.1,Little,53.1,U00717,South,Medium,Completed,180.58
P004128,Books,133.44,Tend,133.44,U02056,South,High,Completed,404.13
P003734,Beauty,107.67,Write,107.67,U02962,North,Low,Completed,445.79
P006207,Books,49.13,Behind,49.13,U01245,East,Medium,Refunded,929.14
P007455,Home & Kitchen,64.68,Chair,64.68,,West,High,Refunded,474.85
P006212,Sports,69.17,Try,69.17,U02050,West,Low,Cancelled,1729.36
P003095,Electronics,55.02,From,55.02,U01204,North,Medium,Refunded,931.58
P001735,Sports,79.14,Policy,79.14,U00078,West,High,Completed,1423.71
P000390,Clothing,141.08,Investment,141.08,U02643,East,Medium,Completed,1213.95
P004084,Beauty,56.31,Congress,56.31,U02450,West,Medium,Pending,697.44
P002136,Groceries,115.42,Themselves,115.42,U01777,West,Low,Refunded,738.2
P007474,Sports,34.36,Join,34.36,U00248,West,High,Completed,797.42
P004141,Sports,73.65,Improve,73.65,U01706,West,Low,Completed,920.58
P002771,Books,96.65,Radio,96.65,U02071,West,Low,Completed,1082.23
P006456,Home & Kitchen,67.77,Painting,67.77,U00528,East,Low,Completed,419.33
P003190,Sports,98.44,Oil,98.44,U00240,West,High,Completed,1131.96
P001960,Home & Kitchen,43.35,Story,43.35,U01421,East,Medium,Completed,881.72
P001056,Electronics,101.86,Return,101.86,U02871,East,Low,Completed,1198.29
P000819,Electronics,62.31,Value,62.31,U00668,South,Low,Completed,987.83
P005462,Clothing,103.49,Discuss,103.49,U01618,West,Medium,Completed,424.86
P000708,Clothing,41.33,Site,41.33,U01720,West,Low,Refunded,327.2
P000811,Sports,163.47,Choose,163.47,U01653,South,High,Cancelled,712.39
P002197,Books,38.95,Someone,38.95,U01713,South,Medium,Cancelled,1253.71
P004686,Sports,139.93,See,139.93,U00848,West,High,Pending,799.78
P006678,Home & Kitchen,145.79,Technology,145.79,U01399,West,Low,Completed,1121.8
P006733,Beauty,22.93,Cut,22.93,U00209,South,High,Completed,1201.55
P004468,Groceries,64.76,Take,64.76,U00764,East,Medium,Completed,600.42
P007841,Beauty,127.85,Either,127.85,U01094,East,Medium,Cancelled,2333.63
P005285,Electronics,155.17,Yet,155.17,U01950,North,High,Refunded,653.33
P000905,Beauty,74.07,Kitchen,74.07,U01196,East,High,Completed,1205.4
P002488,Clothing,81.89,Difficult,81.89,U02780,West,Medium,Completed,1975.09
P000851,Books,47.9,Mother,47.9,U01020,South,High,Cancelled,265.1
P001297,Beauty,67.49,Education,67.49,U00154,South,Low,Completed,940.59
P003181,Groceries,33.73,Day,33.73,U00719,East,Medium,Completed,1589.87
P002514,Electronics,56.32,Prepare,56.32,U00757,South,High,Completed,1979.81
P003317,Sports,41.2,Natural,41.2,U00142,East,Medium,Completed,2099.13
P007225,Clothing,102.72,Daughter,102.72,U00313,South,Medium,Pending,258.88
P004354,Home & Kitchen,57.33,Stuff,57.33,U00753,East,Low,Completed,348.82
P007256,Groceries,57.52,Black,57.52,U00951,North,Medium,Completed,1118.13
P007516,Home & Kitchen,87.97,Should,87.97,U02600,North,Low,Completed,408.35
P006325,Beauty,191.25,Computer,191.25,U02412,East,Medium,Completed,327.1
P001067,Sports,21.67,Recently,21.67,U00526,North,High,Pending,1691.19
P002287,Beauty,79.81,Individual,79.81,U02291,North,High,Completed,393.73
P007032,Groceries,201.92,Effect,201.92,U02909,South,Low,Completed,717.63
P005874,Sports,98.37,Gas,98.37,U01468,North,Low,Completed,2060.25
P001646,Books,72.99,Her,72.99,U02244,East,Medium,Completed,495.83
P002366,Clothing,72.52,Few,72.52,U02525,West,Low,Pending,405.05
P004420,Electronics,33.92,Natural,33.92,U00363,East,Low,Completed,294.4
P002646,Groceries,106.4,Establish,106.4,U00731,South,Low,Pending,1355.53
P005668,Clothing,119.82,Human,119.82,U01111,East,High,Completed,1907.44
P001928,Clothing,68.69,Themselves,68.69,U02766,East,Medium,Completed,1318.73
P000703,Books,92.5,Sure,92.5,U02551,South,Medium,Completed,658.0
P000719,Beauty,209.96,Former,209.96,U00492,North,Low,Pending,781.29
P000721,Groceries,61.72,Thus,61.72,U00608,North,High,Completed,466.33
P002067,Beauty,56.81,Audience,56.81,U02936,North,Low,Completed,1633.94
P005580,Home & Kitchen,173.35,Strong,173.35,U02034,East,Medium,Completed,384.64
P007717,Clothing,200.26,Provide,200.26,U00686,South,Low,Cancelled,1082.53
P006145,Sports,68.0,Plan,68.0,U00486,West,Medium,Completed,835.12
P004762,Groceries,178.94,Understand,178.94,U02918,East,High,Completed,695.25
P006031,Home & Kitchen,189.26,Cost,189.26,U00072,East,Low,Completed,730.02
P000205,Home & Kitchen,203.25,Brother,203.25,U01977,West,Low,Completed,560.82
P004108,Beauty,205.25,Any,205.25,U00737,South,Medium,Completed,1266.95
P002415,Beauty,103.66,Himself,103.66,U01650,North,High,Cancelled,1174.08
P003450,Home & Kitchen,48.07,Each,48.07,U02744,South,High,Cancelled,476.04
P002703,Electronics,24.29,Once,24.29,U00911,West,High,Completed,892.32
P005068,Sports,87.6,Second,87.6,U01900,North,Medium,Completed,1716.49
P001398,Electronics,70.54,Pay,70.54,U00590,West,Low,Completed,1249.36
P003404,Beauty,46.87,Power,46.87,U00116,West,Low,Completed,887.58
P006915,Sports,45.59,Story,45.59,U02152,West,Low,Completed,1229.72
P000231,Groceries,56.94,Sound,56.94,U02407,East,High,Refunded,1656.69
P007110,Clothing,118.62,Always,118.62,U01296,North,High,Completed,366.71
P004092,Electronics,41.99,Others,41.99,U02501,West,Low,Completed,208.33
P002688,Electronics,27.99,Effect,27.99,U02125,South,Medium,Completed,585.06
P002635,Beauty,44.23,Theory,44.23,U00140,West,Low,Completed,1132.24
P000954,Electronics,79.22,Care,79.22,U00843,West,High,Pending,1956.52
P005658,Clothing,96.37,Anything,96.37,U01005,East,Low,Completed,1359.05
P007944,Groceries,69.03,South,69.03,U00219,West,High,Completed,225.35
P005312,Electronics,127.25,Surface,127.25,U02867,West,Medium,Pending,1809.53
P002143,Books,114.3,Sound,114.3,U02344,East,High,Completed,1582.05
P001621,Home & Kitchen,10.15,Program,10.15,U01729,North,Low,Completed,571.52
P002887,Sports,23.7,Build,23.7,U02628,North,High,Pending,1169.46
P007754,Home & Kitchen,141.99,Defense,141.99,U00534,South,Low,Completed,2289.97
P006776,Electronics,151.45,Career,151.45,U01885,South,Low,Completed,945.7
P004533,Books,109.45,Might,109.45,,North,Low,Completed,1580.36
P002636,Electronics,60.64,Chair,60.64,U00543,West,Medium,Completed,607.5
P004917,Sports,61.5,Right,61.5,U01658,East,High,Completed,1013.58
P001341,Books,113.71,As,113.71,U02418,West,High,Completed,737.67
P004378,Groceries,46.52,Wife,46.52,U02254,North,High,Completed,248.69
P005345,Clothing,104.75,Between,104.75,U01380,South,Low,Completed,455.98
P002679,Clothing,68.31,Paper,68.31,U01676,North,High,Pending,1157.93
P006077,Beauty,32.83,Suddenly,32.83,U01264,West,Low,Completed,556.33
P005590,Books,132.89,Woman,132.89,U00362,North,Low,Cancelled,999.34
P006482,Clothing,18.16,Fill,18.16,U02298,South,High,Completed,711.28
P005861,Clothing,85.2,Physical,85.2,U00908,South,High,Pending,1031.35
P003736,Home & Kitchen,77.21,Share,77.21,U00403,West,High,Completed,736.21
P002652,Electronics,100.9,Short,100.9,U00848,South,Low,Completed,579.11
P001027,Clothing,88.85,Building,88.85,U01746,East,Medium,Cancelled,1048.46
P003482,Sports,229.16,Player,229.16,U01589,West,High,Completed,756.61
P004320,Books,23.26,Station,23.26,U00079,South,Medium,Pending,882.93
P007998,Books,59.76,Language,59.76,U02387,East,Low,Cancelled,759.01
P001100,Sports,76.24,Least,76.24,U00699,North,Low,Completed,1100.18
P002327,Sports,80.14,Minute,80.14,U00638,West,Low,Completed,913.27
P001136,Electronics,168.6,Science,168.6,U00173,West,High,Completed,1362.64
P005773,Books,58.57,Recent,58.57,U01959,North,Medium,Pending,774.45
P003779,Beauty,93.05,Sign,93.05,U00507,North,High,Refunded,1883.79
P004398,Groceries,128.16,Red,128.16,U00193,West,Medium,Completed,958.73
P006724,Groceries,42.64,Cup,42.64,U01387,North,Low,Refunded,331.42
P003790,Sports,39.39,Under,39.39,U00491,West,Low,Cancelled,210.38
P001753,Home & Kitchen,77.57,Well,77.57,U01873,North,Low,Pending,602.13
P003702,Books,114.82,Cell,114.82,U00027,West,Low,Pending,428.58
P005350,Books,13.42,Challenge,13.42,U01493,South,High,Refunded,1201.05
P004948,Groceries,168.17,Rock,168.17,U00379,East,High,Completed,944.41
P005381,Sports,161.01,Best,161.01,U00099,South,High,Completed,2067.82
P000081,Clothing,21.73,Answer,21.73,U01761,South,Low,Completed,1819.57
P003839,Home & Kitchen,44.14,Article,44.14,U02582,North,Low,Completed,1002.07
P000884,Home & Kitchen,129.29,Walk,129.29,U02331,West,Low,Completed,1367.67
P006827,Electronics,8.52,Remember,8.52,U01254,South,High,Completed,571.48
P007066,Sports,306.88,Water,306.88,U02079,North,High,Pending,496.92
P005076,Home & Kitchen,112.96,Nation,112.96,U02807,West,Low,Cancelled,253.46
P000306,Clothing,54.65,Avoid,54.65,U02050,East,Low,Completed,365.39
P003840,Home & Kitchen,46.15,Or,46.15,U01745,North,High,Pending,946.39
P000216,Sports,22.22,Sound,22.22,U01360,North,Medium,Completed,408.5
P000839,Sports,19.96,Region,19.96,U01205,West,Low,Completed,84.98
P001333,Beauty,109.61,Down,109.61,U02606,North,Low,Completed,673.26
P007497,Books,7.94,Professional,7.94,U00136,West,Medium,Pending,1775.94
P003470,Clothing,173.9,Mission,173.9,U00622,North,High,Completed,1843.34
P001915,Clothing,70.05,Quality,70.05,U01319,East,High,Completed,1053.6
P007372,Groceries,114.57,Company,114.57,U02881,South,Medium,Completed,700.18
P001530,Groceries,40.09,Receive,40.09,U02100,North,Medium,Completed,516.02
P000635,Books,42.51,Science,42.51,U02409,East,High,Completed,826.06
P002046,Beauty,114.7,Live,114.7,U01675,West,High,Cancelled,194.46
P005883,Sports,260.86,School,260.86,U02547,South,Low,Completed,859.43
P007536,Home & Kitchen,13.02,Tend,13.02,,West,Low,Cancelled,344.33
P007164,Sports,328.7,Term,328.7,U01708,North,High,Completed,1050.09
P000449,Clothing,54.45,Year,54.45,U00130,North,Low,Completed,379.24
P001539,Groceries,110.39,Old,110.39,U01987,West,Medium,Cancelled,776.05
P003924,Groceries,130.43,Sort,130.43,U01594,South,High,Completed,993.72
P002359,Home & Kitchen,23.89,Force,23.89,U00510,East,Medium,Completed,486.58
P001254,Sports,101.02,Argue,101.02,U02508,South,Medium,Completed,439.82
P003975,Books,63.36,Challenge,63.36,U01868,South,Low,Cancelled,888.26
P004522,Home & Kitchen,61.68,Try,61.68,U01982,South,Low,Pending,1240.19
P002039,Books,94.34,Understand,94.34,U01631,East,Low,Refunded,658.38
P003867,Electronics,67.72,Player,67.72,U01556,North,Low,Pending,1405.82
P003349,Electronics,77.3,Down,77.3,U01243,West,Medium,Pending,1234.55
P000230,Books,48.41,Hour,48.41,U02239,South,Low,Completed,605.79
P003652,Sports,73.43,Remember,73.43,U01120,South,Medium,Completed,1730.52
P003457,Sports,39.68,White,39.68,U01881,East,Low,Completed,696.47
P002773,Electronics,212.49,Feeling,212.49,,West,High,Pending,674.69
P007505,Home & Kitchen,24.54,Evening,24.54,,South,Medium,Completed,938.4
P006606,Home & Kitchen,59.99,Open,59.99,U01305,West,Medium,Completed,991.35
P005423,Books,137.54,Us,137.54,U02185,West,Low,Completed,576.94
P004074,Clothing,169.14,Better,169.14,U00324,East,High,Completed,1066.03
P001206,Books,48.04,Black,48.04,U02158,North,Medium,Completed,825.15
P007217,Beauty,107.99,Music,107.99,U01383,West,Low,Completed,555.41
P007089,Books,54.39,Thing,54.39,U02216,East,Low,Completed,1268.04
P005738,Electronics,133.59,Appear,133.59,U01003,North,Medium,Pending,1972.34
P007811,Beauty,55.84,International,55.84,,North,High,Cancelled,2454.6
P000475,Books,153.73,Quite,153.73,U02226,West,Low,Cancelled,963.84
P005576,Beauty,15.1,Century,15.1,U01755,East,Medium,Cancelled,737.06
P006614,Electronics,76.16,Mouth,76.16,U02200,East,Medium,Refunded,892.67
P001053,Sports,56.23,Spring,56.23,U00113,West,Low,Completed,726.78
P004666,Clothing,64.28,Alone,64.28,U00892,East,High,Completed,1508.4
P004202,Books,81.14,Protect,81.14,U02780,South,Medium,Completed,939.1
P006608,Groceries,55.86,Position,55.86,U02812,East,Medium,Completed,889.68
P003820,Home & Kitchen,119.43,Keep,119.43,U02691,East,High,Completed,2346.07
P006452,Clothing,97.58,Behind,97.58,U00570,East,Medium,Completed,2931.67
P000254,Sports,47.84,Our,47.84,U00556,West,Medium,Completed,1216.67
P006029,Books,47.18,Phone,47.18,U02767,South,Low,Completed,513.88
P001423,Beauty,97.94,Oil,97.94,U00436,North,Medium,Completed,1083.16
P005383,Beauty,30.68,Throw,30.68,U02229,West,High,Refunded,614.18
P002502,Groceries,131.59,Movement,131.59,U02662,North,Medium,Completed,570.49
P002503,Beauty,243.99,Spend,243.99,U01191,West,High,Completed,1913.2
P003552,Sports,136.32,Every,136.32,U01971,North,Medium,Cancelled,607.35
P004728,Clothing,52.96,Science,52.96,U00003,South,High,Pending,575.96
P002306,Home & Kitchen,46.57,Have,46.57,U00164,West,Low,Completed,542.13
P005000,Electronics,53.61,Address,53.61,U02176,South,Medium,Completed,668.35
P001764,Sports,62.43,Catch,62.43,U02795,East,Low,Completed,723.28
P005910,Electronics,17.71,Understand,17.71,U01397,South,High,Completed,796.01
P001313,Sports,193.57,Fear,193.57,U02579,West,High,Completed,670.74
P004335,Home & Kitchen,183.95,Couple,183.95,U01180,South,Medium,Pending,1054.7
P007086,Beauty,65.1,Treatment,65.1,U02435,South,Medium,Completed,533.69
P000965,Books,68.41,Question,68.41,U01602,East,High,Completed,1901.4
P002913,Home & Kitchen,62.5,Live,62.5,U01556,North,High,Refunded,587.21
P007499,Sports,28.5,Among,28.5,U01405,South,High,Completed,542.38
P005118,Clothing,78.88,Board,78.88,U02477,South,Low,Completed,541.47
P005860,Groceries,58.96,They,58.96,U01853,North,Low,Refunded,1133.62
P003498,Sports,64.69,Explain,64.69,U00214,South,Medium,Completed,618.23
P000391,Sports,49.51,Mention,49.51,U00133,South,High,Completed,2551.13
P007954,Clothing,83.75,Never,83.75,U01913,North,Medium,Completed,483.83
P003601,Home & Kitchen,220.66,End,220.66,U00196,North,Medium,Completed,1472.03
P002441,Clothing,40.24,What,40.24,U01889,North,High,Completed,579.03
P006488,Clothing,74.01,Single,74.01,U02429,South,Medium,Pending,919.16
P003553,Electronics,55.24,Ready,55.24,U01785,West,Medium,Completed,1444.35
P004103,Clothing,102.79,Role,102.79,U00659,North,Medium,Refunded,1164.02
P000463,Books,33.51,Four,33.51,U01963,South,Low,Pending,1048.17
P003438,Sports,170.98,Decision,170.98,U01666,South,Low,Completed,1118.04
P004273,Electronics,68.84,Yet,68.84,U02268,East,High,Completed,1011.2
P000661,Home & Kitchen,44.17,Available,44.17,U00366,North,Low,Completed,1904.7
P004377,Electronics,57.2,Wind,57.2,U02061,West,Low,Completed,410.95
P005791,Electronics,67.4,Draw,67.4,U01666,East,Medium,Completed,519.31
P006909,Electronics,35.99,Red,35.99,U00811,North,Medium,Pending,508.67
P007859,Electronics,285.88,Discussion,285.88,U01420,East,High,Completed,986.89
P007440,Books,30.29,Dog,30.29,U02943,North,High,Refunded,1076.83
P005541,Sports,24.16,Defense,24.16,U00050,West,High,Completed,2106.19
P005298,Electronics,127.3,Investment,127.3,U01869,North,High,Pending,717.76
P006903,Beauty,87.48,Still,87.48,U02304,North,Medium,Completed,683.92
P000274,Groceries,177.47,Turn,177.47,U02492,South,Low,Completed,998.96
P001689,Clothing,142.99,Hair,142.99,U02041,North,Medium,Completed,1118.19
P006796,Clothing,19.33,Financial,19.33,U02802,West,High,Completed,363.94
P005520,Home & Kitchen,19.91,Think,19.91,U00343,West,Medium,Completed,375.17
P001921,Groceries,134.57,Goal,134.57,U00943,North,Medium,Completed,200.78
P001284,Groceries,12.33,As,12.33,U01399,West,High,Completed,697.92
P005872,Beauty,214.97,Industry,214.97,U01454,North,Low,Completed,659.72
P003598,Beauty,103.02,That,103.02,U00159,South,High,Cancelled,403.28
P001768,Books,70.41,General,70.41,U02922,East,Medium,Completed,286.27
P007056,Sports,413.7,Term,413.7,U00791,West,High,Completed,992.59
P004287,Beauty,60.82,Go,60.82,U01440,North,Low,Completed,904.63
P004924,Clothing,103.82,Challenge,103.82,U00352,West,Medium,Completed,484.47
P005152,Home & Kitchen,62.39,Energy,62.39,U01829,North,High,Completed,768.39
P002724,Groceries,204.99,Sport,204.99,U02310,South,Low,Completed,343.11
P003136,Clothing,84.72,Myself,84.72,U01806,South,High,Completed,684.58
P005077,Clothing,77.02,Stay,77.02,U02274,East,Low,Completed,1527.18
P000241,Electronics,61.22,Middle,61.22,U02374,East,High,Completed,364.52
P006137,Groceries,107.65,Southern,107.65,,East,Medium,Pending,952.81
P003679,Groceries,143.38,Issue,143.38,U02139,East,High,Completed,642.81
P004817,Beauty,95.3,Coach,95.3,U01742,West,High,Completed,533.15
P000469,Home & Kitchen,65.75,Former,65.75,U01956,South,Medium,Completed,1692.0
P003081,Beauty,104.19,Risk,104.19,U00196,East,Medium,Completed,1318.01
P001778,Groceries,79.03,Nice,79.03,U02976,West,High,Completed,558.58
P006996,Beauty,82.77,Never,82.77,U00912,South,Low,Completed,725.84
P004223,Beauty,39.31,Onto,39.31,U01964,North,Medium,Pending,421.75
P002958,Books,47.56,Ok,47.56,U01995,South,Medium,Refunded,1881.03
P004842,Electronics,198.99,Range,198.99,U01548,East,Medium,Completed,2295.05
P001987,Books,113.8,Animal,113.8,U00777,South,High,Completed,671.61
P004748,Home & Kitchen,21.06,How,21.06,U00731,South,Low,Completed,940.89
P003759,Clothing,150.35,Turn,150.35,U02165,North,Medium,Completed,1822.82
P006896,Electronics,56.28,Door,56.28,U01081,West,Low,Cancelled,847.9
P004331,Beauty,101.73,Organization,101.73,U02017,North,Medium,Completed,1012.61
P001405,Home & Kitchen,19.29,Happen,19.29,U02824,West,Low,Completed,829.8
P006934,Electronics,88.23,Sea,88.23,U01812,North,High,Completed,677.83
P003662,Groceries,17.84,Discover,17.84,U00462,North,High,Completed,543.82
P004549,Sports,32.46,Teach,32.46,U02335,East,High,Completed,439.44
P000199,Electronics,54.12,Not,54.12,U00834,East,High,Completed,637.16
P001813,Clothing,70.83,Address,70.83,U02891,West,Low,Pending,1574.08
P002095,Home & Kitchen,112.07,Whole,112.07,U01427,West,Medium,Completed,458.5
P001643,Electronics,119.96,Style,119.96,U01123,North,Medium,Completed,808.91
P006683,Books,69.2,Opportunity,69.2,U01708,North,Medium,Completed,293.28
P000775,Groceries,68.53,Federal,68.53,U00842,South,Medium,Completed,1083.12
P001098,Clothing,92.23,Member,92.23,U00346,West,Medium,Completed,2392.48
P002186,Groceries,162.86,Beat,162.86,U01991,North,Medium,Completed,430.72
P002129,Beauty,90.37,Republican,90.37,U00882,South,High,Completed,308.0
P007905,Beauty,238.76,Turn,238.76,U02378,North,Low,Completed,871.36
P004790,Groceries,66.07,Executive,66.07,U00920,South,Medium,Completed,1754.97
P001628,Sports,112.76,Leader,112.76,U02152,East,Medium,Cancelled,273.13
P004139,Sports,60.71,They,60.71,U00399,West,Medium,Completed,611.94
P003210,Sports,11.14,Mr,11.14,U01769,South,Medium,Completed,505.5
P001095,Groceries,44.82,Wide,44.82,U02871,North,Low,Completed,1541.5
P005544,Electronics,211.67,Grow,211.67,U00860,East,Medium,Completed,985.29
P005806,Home & Kitchen,43.86,Job,43.86,U00738,East,Low,Pending,1725.03
P000249,Books,53.58,Food,53.58,U01522,North,High,Completed,965.35
P004026,Sports,48.25,Next,48.25,U02989,South,Low,Completed,1471.35
P004805,Books,33.09,Sound,33.09,U02714,North,Low,Completed,677.43
P003754,Electronics,20.65,Along,20.65,U02558,South,Low,Completed,666.98
P003180,Electronics,163.51,Or,163.51,U02330,North,Low,Completed,1829.24
P001180,Books,87.85,Long,87.85,U00317,East,Medium,Completed,174.87
P007315,Electronics,147.88,Nothing,147.88,U01313,North,Low,Completed,798.68
P005546,Home & Kitchen,57.14,Cost,57.14,U00839,East,Medium,Pending,901.73
P006625,Electronics,95.63,Effect,95.63,U02044,South,Low,Completed,1800.72
P006457,Electronics,137.7,Relationship,137.7,U00593,East,Low,Completed,1128.93
P007570,Electronics,124.52,Maybe,124.52,U02266,South,Medium,Completed,1005.08
P000224,Groceries,109.13,Thought,109.13,U00119,North,Medium,Pending,1021.55
P006711,Home & Kitchen,148.25,Watch,148.25,U02230,West,Low,Completed,826.54
P003599,Groceries,47.15,Discover,47.15,U01618,East,Low,Completed,1228.06
P000690,Sports,88.62,Much,88.62,U02571,North,Medium,Completed,1244.12
P003506,Clothing,23.21,Raise,23.21,U00542,South,High,Pending,703.87
P000665,Clothing,52.51,Put,52.51,U02573,South,Medium,Completed,950.49
P005222,Sports,84.76,Ability,84.76,,East,Medium,Completed,606.24
P007467,Books,163.78,High,163.78,U02115,East,High,Completed,1256.7
P004072,Books,14.34,Song,14.34,U00821,West,Low,Pending,478.63
P003284,Electronics,44.81,Thought,44.81,U00275,East,High,Completed,2887.75
P006908,Groceries,76.96,Room,76.96,U02706,West,High,Completed,1707.52
P006326,Sports,66.87,Attention,66.87,U01866,South,Medium,Refunded,1641.89
P005533,Sports,38.54,Discuss,38.54,U01745,North,High,Pending,1161.02
P006992,Groceries,68.06,Baby,68.06,U00758,West,Medium,Completed,484.09
P006223,Electronics,97.07,Today,97.07,U01535,South,Medium,Completed,1042.78
P007655,Clothing,17.31,Both,17.31,U01264,South,Medium,Pending,295.06
P007826,Books,64.13,Suggest,64.13,U00849,South,Medium,Completed,775.97
P004525,Sports,73.34,History,73.34,U02191,West,High,Completed,1517.99
P005348,Home & Kitchen,67.71,Summer,67.71,U00513,North,High,Refunded,1248.3
P002794,Groceries,84.05,Model,84.05,U02654,North,Low,Cancelled,1542.39
P002074,Sports,83.52,Size,83.52,U02596,West,Low,Pending,593.21
P007322,Groceries,92.66,Short,92.66,U02328,East,High,Completed,1152.41
P007353,Books,64.17,Perform,64.17,U02899,South,High,Completed,426.66
P003423,Sports,44.96,Responsibility,44.96,U00163,South,Low,Completed,691.54
P006099,Groceries,12.32,Research,12.32,U01560,West,High,Refunded,300.22
P001963,Clothing,332.49,Game,332.49,U02862,North,Medium,Completed,775.96
P003499,Home & Kitchen,78.58,Data,78.58,U00688,South,Low,Pending,507.94
P002140,Beauty,33.48,Couple,33.48,U00925,East,Low,Completed,2738.65
P005113,Home & Kitchen,18.31,Compare,18.31,U02366,South,Low,Cancelled,543.15
P003391,Electronics,196.76,Small,196.76,U01729,East,High,Completed,1059.0
P005824,Sports,51.62,Eat,51.62,U01903,South,Low,Completed,706.6
P002277,Electronics,52.68,Behavior,52.68,U00602,East,Low,Completed,383.99
P005971,Sports,207.27,Cup,207.27,U01926,West,Medium,Completed,1675.14
P006163,Sports,112.91,Past,112.91,U01526,South,Low,Cancelled,902.67
P003361,Electronics,24.33,Happy,24.33,U02363,North,High,Completed,1084.43
P001124,Beauty,87.15,Today,87.15,U00130,East,Low,Cancelled,403.57
P003504,Beauty,65.44,Side,65.44,U01116,North,High,Completed,1348.55
P003715,Clothing,87.19,About,87.19,U01701,North,Medium,Completed,953.38
P006431,Electronics,167.16,Theory,167.16,U01212,West,Low,Completed,641.28
P001478,Clothing,49.12,Thought,49.12,U00567,East,Low,Completed,643.16
P004694,Beauty,27.03,Design,27.03,U02082,South,Medium,Cancelled,1177.78
P003247,Electronics,19.37,Firm,19.37,U00527,North,Low,Completed,1878.14
P005822,Home & Kitchen,60.27,Page,60.27,U01185,North,High,Completed,343.6
P003788,Electronics,225.88,Economic,225.88,U01002,West,Medium,Completed,997.85
P003500,Clothing,146.87,Table,146.87,U02469,North,Low,Pending,294.84
P000588,Beauty,56.1,Worker,56.1,,East,Low,Refunded,1163.47
P004763,Clothing,107.06,Home,107.06,U02394,East,Low,Completed,1317.05
P000018,Beauty,140.34,Almost,140.34,U00230,South,Low,Pending,1396.41
P006203,Home & Kitchen,48.79,Response,48.79,U00989,East,High,Completed,254.07
P001956,Home & Kitchen,61.6,Catch,61.6,U01129,South,Low,Refunded,1614.63
P004634,Clothing,123.73,Situation,123.73,U00043,East,High,Completed,1179.66
P007771,Electronics,62.79,Represent,62.79,U02723,East,Medium,Cancelled,697.6
P002113,Beauty,99.83,Through,99.83,U02429,South,Medium,Completed,1891.85
P001255,Electronics,117.83,Civil,117.83,U00700,East,High,Cancelled,525.0
P006563,Beauty,63.25,Method,63.25,U02762,East,Medium,Pending,984.91
P002205,Clothing,89.88,Resource,89.88,U02579,North,Low,Completed,1148.48
P001498,Electronics,103.24,Either,103.24,U01297,South,Medium,Completed,856.24
P005440,Electronics,63.34,Of,63.34,U01295,West,Low,Completed,1028.67
P007616,Home & Kitchen,105.11,Sort,105.11,U01637,North,Low,Completed,1359.27
P001770,Groceries,42.9,Just,42.9,U00033,East,High,Completed,870.13
P004742,Books,65.46,Change,65.46,U00504,North,Low,Completed,425.25
P004553,Home & Kitchen,21.46,Finish,21.46,,South,High,Completed,930.74
P002034,Electronics,112.14,Science,112.14,U02124,South,Medium,Completed,1478.66
P005415,Books,110.71,Positive,110.71,,North,High,Completed,1027.44
P001334,Home & Kitchen,36.84,Raise,36.84,U02177,East,Medium,Completed,801.09
P003486,Groceries,154.59,Feel,154.59,U00946,West,High,Cancelled,596.63
P004909,Electronics,74.56,Seven,74.56,U00853,South,Medium,Completed,517.3
P004405,Sports,119.44,Quite,119.44,U00168,South,High,Pending,1657.09
P005103,Electronics,34.64,Product,34.64,U01741,North,Low,Completed,1553.23
P006792,Clothing,130.14,Energy,130.14,U02627,South,Low,Completed,591.33
P007577,Books,39.9,Night,39.9,U02424,West,Medium,Completed,361.53
P000261,Books,74.09,Authority,74.09,U02446,North,Low,Pending,1191.86
P001218,Beauty,103.68,Eye,103.68,U00121,East,Low,Completed,1355.21
P002492,Clothing,73.39,Mention,73.39,U01234,East,Low,Completed,1735.44
P006717,Sports,110.93,Situation,110.93,U02036,South,High,Completed,721.45
P006970,Books,84.42,Man,84.42,U02554,North,Low,Refunded,1099.83
P003792,Groceries,64.83,Recent,64.83,U00549,North,Low,Completed,1137.2
P003977,Groceries,97.48,Office,97.48,U02303,East,Medium,Completed,524.01
P002491,Beauty,100.25,Space,100.25,U00818,East,Low,Completed,348.45
P002782,Groceries,193.03,Capital,193.03,,West,Medium,Completed,620.31
P001886,Sports,54.09,Wrong,54.09,U00597,South,Medium,Completed,315.18
P006538,Sports,85.04,Body,85.04,U02776,East,Medium,Completed,603.93
P005713,Beauty,25.32,Yes,25.32,U00994,East,High,Completed,694.21
P007991,Beauty,88.01,Exist,88.01,U02807,West,High,Completed,906.63
P005334,Electronics,56.23,Ever,56.23,U01187,East,Low,Completed,1031.07
P001226,Sports,100.97,Pull,100.97,U02947,North,Low,Completed,1129.67
P003200,Books,55.2,Hour,55.2,U01446,South,Medium,Completed,1375.21
P007521,Books,26.54,Bed,26.54,U01461,East,Medium,Pending,1525.15
P000920,Books,68.92,Yes,68.92,U02663,South,High,Completed,406.49
P005715,Beauty,40.96,Community,40.96,U00951,East,Medium,Pending,688.45
P004181,Books,24.77,How,24.77,U01591,North,Low,Pending,1203.75
P001703,Home & Kitchen,97.61,Both,97.61,U01825,West,Medium,Completed,729.55
P003035,Beauty,40.04,Partner,40.04,U02127,East,Low,Pending,1131.47
P000674,Electronics,28.88,Business,28.88,U01480,East,Low,Completed,427.06
P000187,Home & Kitchen,20.27,Management,20.27,,North,High,Completed,780.7
P001434,Beauty,32.35,My,32.35,U01950,South,Low,Completed,316.0
P007870,Electronics,136.6,School,136.6,,West,High,Pending,195.62
P006232,Books,120.64,Pressure,120.64,U00594,North,High,Completed,453.71
P001089,Clothing,185.8,Similar,185.8,U00687,East,Medium,Completed,839.71
P007876,Groceries,216.1,Inside,216.1,U00169,South,Medium,Completed,991.24
P003148,Electronics,60.4,Effect,60.4,U02009,North,Medium,Completed,645.43
P000620,Books,59.71,Since,59.71,U00580,West,Medium,Completed,1259.97
P006655,Home & Kitchen,49.97,Itself,49.97,U00334,West,High,Completed,1453.91
P001215,Clothing,144.44,Section,144.44,U00076,East,High,Completed,1405.12
P005799,Books,32.74,Region,32.74,U01647,South,Medium,Completed,2866.3
P004007,Clothing,97.12,Lose,97.12,U00970,West,Low,Pending,700.28
P002066,Sports,88.12,Matter,88.12,U00800,South,High,Cancelled,555.34
P000784,Home & Kitchen,218.14,Easy,218.14,U01514,South,Medium,Completed,1309.86
P006798,Sports,44.32,Support,44.32,U01921,South,Medium,Completed,198.53
P006969,Home & Kitchen,110.53,Give,110.53,U00789,East,Medium,Refunded,1062.63
P005208,Beauty,55.59,City,55.59,U02529,East,Medium,Completed,2318.34
P006292,Home & Kitchen,109.71,Laugh,109.71,,East,High,Cancelled,1129.47
P005676,Books,58.48,Treat,58.48,U00034,East,Low,Completed,1047.94
P004908,Books,225.4,Have,225.4,,West,Low,Completed,1583.9
P005998,Books,27.39,Outside,27.39,U01189,West,Low,Cancelled,578.4
P006506,Beauty,25.73,Executive,25.73,U02627,West,Medium,Cancelled,822.41
P003270,Home & Kitchen,19.85,Stand,19.85,U01467,West,Medium,Completed,712.34
P004721,Sports,72.54,Its,72.54,U02187,North,Medium,Completed,1006.18
P005953,Books,19.87,Safe,19.87,U00004,North,Low,Cancelled,2060.25
P001366,Clothing,10.46,Among,10.46,U02071,North,Medium,Completed,595.27
P002221,Clothing,134.0,Speak,134.0,U01138,South,Medium,Cancelled,1291.82
P005964,Home & Kitchen,81.49,Full,81.49,U01155,West,Low,Completed,704.51
P007018,Sports,183.07,Discover,183.07,U02865,South,High,Refunded,462.58
P004011,Groceries,57.31,Pull,57.31,U00668,South,High,Completed,1587.14
P003483,Clothing,72.91,Both,72.91,U02882,North,High,Pending,1770.8
P007340,Beauty,35.71,Ever,35.71,U00091,East,Low,Completed,1144.97
P006404,Clothing,74.84,Recently,74.84,,North,Medium,Completed,2040.94
P006891,Clothing,122.06,Trip,122.06,U01891,South,Medium,Completed,792.24
P007789,Groceries,28.05,Administration,28.05,U00097,East,Low,Completed,1204.15
P006116,Home & Kitchen,127.85,Fear,127.85,U01831,South,High,Completed,713.22
P006275,Books,215.94,Sort,215.94,U02710,East,Medium,Cancelled,1441.88
P002757,Books,77.53,Decision,77.53,U02885,East,Medium,Completed,1449.63
P005364,Electronics,97.43,Writer,97.43,U01110,West,Medium,Completed,1175.54
P006672,Groceries,102.8,Remain,102.8,U01586,North,Medium,Cancelled,539.15
P000459,Beauty,222.74,Really,222.74,U02956,East,Medium,Completed,1511.95
P000009,Beauty,45.21,Since,45.21,U00178,West,High,Completed,667.76
P003490,Home & Kitchen,53.07,Need,53.07,U01738,North,Medium,Completed,780.3
P002167,Books,103.93,Growth,103.93,U02112,North,Medium,Cancelled,287.69
P007305,Groceries,99.24,Continue,99.24,U02190,West,High,Completed,1100.56
P006238,Electronics,77.0,Call,77.0,U02198,North,Medium,Completed,304.98
P006270,Clothing,97.14,Article,97.14,U02341,East,Medium,Completed,1955.63
P004186,Books,83.25,Recent,83.25,U01674,East,Low,Completed,1358.64
P001542,Electronics,118.16,Huge,118.16,U00478,South,Low,Completed,824.67
P002431,Home & Kitchen,70.15,Girl,70.15,U01150,East,High,Completed,885.1
P006973,Sports,73.23,Clear,73.23,U01241,West,High,Completed,317.32
P002586,Home & Kitchen,69.12,Capital,69.12,U02029,North,Medium,Completed,543.21
P004812,Electronics,40.89,Machine,40.89,U00336,South,High,Refunded,547.58
P000444,Home & Kitchen,47.91,Republican,47.91,U00069,East,Medium,Completed,1295.54
P002939,Beauty,71.27,Contain,71.27,U01770,East,Low,Cancelled,842.73
P006322,Groceries,36.23,Most,36.23,U02462,North,Medium,Completed,1352.78
P004375,Sports,38.06,Nor,38.06,U00510,West,High,Completed,1599.46
P002063,Electronics,57.08,Claim,57.08,U01334,West,Low,Completed,760.27
P004288,Groceries,219.98,Thought,219.98,U00005,South,Medium,Cancelled,1492.87
P002097,Books,39.77,Approach,39.77,U02245,West,Low,Completed,757.0
P004521,Sports,109.72,Successful,109.72,U01944,South,Low,Completed,1207.55
P001073,Clothing,80.15,Actually,80.15,U01104,West,High,Completed,371.84
P001644,Home & Kitchen,19.49,Arrive,19.49,U01363,West,Low,Pending,538.89
P005486,Groceries,26.1,Since,26.1,U00076,West,Medium,Pending,945.9
P000182,Books,65.38,Pick,65.38,U02416,South,Medium,Completed,837.41
P005777,Beauty,76.09,Off,76.09,U02890,North,High,Completed,588.55
P005915,Home & Kitchen,107.54,Mention,107.54,U00750,East,Medium,Refunded,1837.42
P000788,Beauty,54.47,Sure,54.47,,South,High,Completed,1932.1
P001351,Home & Kitchen,135.17,Leg,135.17,U02477,North,High,Completed,1444.18
P005587,Books,13.27,Or,13.27,U01962,West,Low,Completed,415.26
P007172,Clothing,41.62,Skin,41.62,U01634,North,High,Completed,650.7
P003554,Home & Kitchen,25.74,Here,25.74,U00126,East,Medium,Completed,1289.25
P004941,Clothing,81.75,Plant,81.75,U01871,West,High,Completed,196.03
P001601,Home & Kitchen,26.13,Be,26.13,U01321,North,Medium,Completed,507.53
P007725,Beauty,63.38,Plan,63.38,U02252,South,Low,Cancelled,831.24
P006009,Books,97.42,Loss,97.42,U00747,South,Low,Completed,782.96
P007779,Clothing,34.1,Fact,34.1,U01421,West,Medium,Cancelled,646.48
P006515,Electronics,44.96,Institution,44.96,U02326,East,Medium,Completed,2030.86
P004155,Home & Kitchen,56.06,Skill,56.06,U02846,North,Medium,Completed,2183.74
P000523,Home & Kitchen,122.91,Everything,122.91,U02283,South,Medium,Completed,1698.34
P001901,Groceries,145.69,Week,145.69,U02945,South,Medium,Cancelled,464.28
P006340,Beauty,48.73,Center,48.73,,West,High,Completed,374.95
P002275,Home & Kitchen,63.08,Wide,63.08,U01523,North,High,Completed,1728.13
P002602,Home & Kitchen,77.77,Technology,77.77,U02613,South,Medium,Completed,407.85
P004219,Electronics,120.24,Begin,120.24,U00603,West,High,Completed,1883.82
P001002,Clothing,77.58,Allow,77.58,U01802,South,Low,Completed,1224.22
P001374,Clothing,101.17,Benefit,101.17,U02367,East,Low,Completed,746.55
P005013,Clothing,250.97,Speak,250.97,U00669,North,High,Completed,1110.8
P000827,Sports,130.67,National,130.67,U01158,East,High,Completed,864.13
P004623,Sports,156.38,Discussion,156.38,U02529,East,High,Completed,985.3
P002002,Books,65.77,Last,65.77,U00156,South,High,Completed,816.1
P001547,Clothing,139.68,Current,139.68,U00322,West,High,Pending,1582.86
P003565,Clothing,123.66,Morning,123.66,U00697,West,Medium,Completed,409.03
P001137,Groceries,57.6,Up,57.6,U00367,South,Low,Completed,1743.92
P003920,Books,121.55,Billion,121.55,U00546,East,Medium,Pending,387.56
P000124,Electronics,244.75,Garden,244.75,U02359,West,Medium,Completed,2119.77
P000279,Clothing,42.32,Notice,42.32,U01695,East,Medium,Completed,600.91
P006025,Books,184.67,Allow,184.67,U01670,West,Medium,Completed,1200.29
P000883,Beauty,56.0,Front,56.0,U00653,North,Medium,Cancelled,343.77
P000738,Sports,22.24,Red,22.24,U00080,West,High,Completed,430.22
P002927,Beauty,57.98,Oil,57.98,U00210,East,High,Completed,1694.48
P000611,Sports,106.91,Treatment,106.91,U00809,West,High,Completed,247.02
P000367,Electronics,75.98,Family,75.98,U02155,North,Medium,Cancelled,758.52
P000295,Home & Kitchen,46.21,End,46.21,U01720,West,Medium,Completed,2091.92
P004601,Clothing,64.59,Century,64.59,U00946,East,Medium,Completed,439.59
P001660,Clothing,44.1,Poor,44.1,U00781,East,Medium,Pending,703.27
P005814,Groceries,80.22,Tell,80.22,U00054,East,Medium,Completed,452.09
P007275,Clothing,51.97,System,51.97,U02763,South,High,Completed,492.57
P007719,Home & Kitchen,41.91,Summer,41.91,U00847,North,Medium,Pending,342.52
P003202,Home & Kitchen,259.16,Group,259.16,U01490,East,Medium,Completed,487.86
P004644,Clothing,55.57,Stage,55.57,U00619,East,Low,Completed,409.09
P004100,Electronics,140.98,Development,140.98,U01821,North,High,Pending,332.59
P000979,Clothing,25.97,Sort,25.97,U00020,East,Low,Pending,1214.65
P005240,Books,104.65,Better,104.65,U00357,East,High,Pending,1716.53
P007629,Beauty,16.51,Because,16.51,U02243,North,Medium,Completed,900.91
P001878,Beauty,127.61,Value,127.61,U01754,North,Medium,Completed,987.82
P005670,Sports,30.97,Office,30.97,U00937,North,Medium,Completed,314.69
P007403,Electronics,56.76,Strong,56.76,U01874,East,Medium,Cancelled,747.31
P006730,Groceries,82.62,Lot,82.62,U01663,West,Low,Cancelled,895.88
P004932,Clothing,74.59,Forward,74.59,U00060,East,Medium,Completed,1204.95
P003511,Sports,271.55,Since,271.55,U02218,West,High,Completed,1403.29
P003019,Beauty,91.4,Enough,91.4,U02340,South,Low,Completed,879.21
P003415,Beauty,63.48,Early,63.48,,West,Low,Completed,1269.04
P000198,Sports,100.27,Value,100.27,U01482,West,High,Completed,691.14
P004708,Clothing,43.26,Final,43.26,U01262,South,Medium,Completed,1181.06
P006424,Sports,45.93,Born,45.93,U00376,North,High,Completed,1048.14
P005899,Clothing,132.17,Wish,132.17,U00620,South,High,Completed,751.29
P001141,Sports,44.95,Nation,44.95,U02641,East,Medium,Pending,739.77
P001022,Beauty,86.3,Computer,86.3,U02854,North,Medium,Completed,1117.64
P002476,Groceries,88.81,While,88.81,U01267,South,Low,Completed,782.24
P007030,Electronics,68.16,Half,68.16,U00076,East,Low,Completed,1207.6
P001819,Books,254.86,Remember,254.86,U00694,North,High,Refunded,591.15
P006284,Clothing,104.91,State,104.91,U02648,South,High,Cancelled,1977.41
P007309,Home & Kitchen,41.0,Thought,41.0,U01690,North,High,Completed,1273.06
P002944,Beauty,36.7,Campaign,36.7,U01623,South,Low,Completed,1619.32
P006206,Beauty,139.88,Real,139.88,U02393,North,High,Completed,1424.36
P001865,Books,30.96,Important,30.96,U00925,West,Low,Cancelled,2148.66
P004452,Books,92.42,Lose,92.42,U00075,North,High,Completed,576.09
P007810,Electronics,54.81,Wonder,54.81,U00734,West,Medium,Completed,1391.08
P004159,Groceries,109.79,Leave,109.79,,East,High,Completed,1065.56
P006189,Clothing,48.14,Course,48.14,U02251,South,Medium,Completed,476.43
P000714,Beauty,76.19,Available,76.19,U01291,West,High,Pending,434.27
P004849,Clothing,77.78,Scene,77.78,U01730,South,High,Cancelled,1455.79
P005319,Clothing,105.97,Amount,105.97,U01528,East,High,Pending,512.54
P000971,Sports,68.57,Apply,68.57,U01036,South,Low,Completed,1627.19
P004905,Clothing,89.72,Rate,89.72,U00381,West,Low,Completed,350.1
P002106,Home & Kitchen,100.44,Clear,100.44,U01004,North,Low,Completed,1506.27
P003751,Home & Kitchen,173.84,Audience,173.84,U02989,North,High,Completed,1059.79
P003933,Sports,35.85,Order,35.85,U01984,South,Low,Completed,884.57
P003775,Clothing,45.72,Figure,45.72,U00856,East,Low,Pending,1407.98
P006024,Clothing,36.68,Responsibility,36.68,U00376,West,High,Completed,893.32
P001189,Beauty,32.65,Call,32.65,U01616,South,Low,Completed,468.93
P007210,Beauty,38.84,She,38.84,U01820,West,Medium,Pending,435.04
P005759,Clothing,30.67,Design,30.67,U01115,East,Low,Completed,1278.78
P001447,Electronics,30.18,Something,30.18,U00291,South,High,Completed,1161.49
P007478,Beauty,229.62,Build,229.62,U02739,South,Low,Pending,364.31
P000717,Home & Kitchen,69.11,Give,69.11,U01909,East,Medium,Completed,3118.39
P005979,Home & Kitchen,142.59,Song,142.59,U02702,South,Low,Completed,1006.23
P005396,Electronics,343.83,Term,343.83,U01374,East,High,Completed,1434.95
P001676,Clothing,116.37,Reflect,116.37,U02045,East,High,Completed,904.94
P000987,Electronics,39.73,They,39.73,U02260,East,High,Cancelled,1416.99
P004237,Home & Kitchen,219.84,Treat,219.84,U00381,East,Low,Cancelled,759.36
P003353,Groceries,12.11,Fight,12.11,U00581,East,Medium,Refunded,561.66
P001924,Clothing,42.76,Stop,42.76,U01810,South,Medium,Completed,858.08
P006648,Groceries,61.84,By,61.84,,West,High,Completed,1182.76
P001112,Sports,46.01,Upon,46.01,U01791,West,Low,Completed,571.67
P000378,Electronics,55.73,Billion,55.73,U02686,East,Medium,Completed,534.18
P005896,Electronics,187.15,Son,187.15,U02766,North,Medium,Completed,944.39
P005733,Home & Kitchen,60.45,Recent,60.45,U00415,West,High,Completed,1731.33
P005197,Beauty,84.35,Perhaps,84.35,U01900,North,Low,Refunded,979.36
P003981,Beauty,36.48,Visit,36.48,U00745,West,Low,Completed,1090.98
P006902,Clothing,86.43,Much,86.43,U00286,North,Low,Refunded,2154.77
P000500,Books,40.21,Hope,40.21,U00262,North,Low,Refunded,311.31
P003815,Electronics,36.51,I,36.51,U00420,East,Medium,Completed,867.11
P007010,Books,56.87,Do,56.87,U00599,East,High,Completed,652.45
P001280,Beauty,66.35,Laugh,66.35,U02521,West,Medium,Completed,436.9
P000145,Sports,75.74,Reality,75.74,U02653,East,Low,Cancelled,445.53
P003432,Electronics,56.99,Worry,56.99,U02319,South,Low,Completed,208.88
P007433,Home & Kitchen,132.9,Water,132.9,U00708,West,High,Completed,954.77
P003083,Beauty,44.65,Coach,44.65,U02242,East,High,Completed,188.1
P004463,Home & Kitchen,79.51,Local,79.51,,South,Medium,Completed,1155.57
P006920,Beauty,67.78,Add,67.78,U01847,East,Low,Refunded,618.47
P007956,Beauty,99.94,Land,99.94,U01038,South,Low,Completed,586.17
P005771,Groceries,52.57,Middle,52.57,U01239,East,Low,Refunded,1256.05
P000238,Clothing,58.15,A,58.15,U02608,South,High,Completed,399.73
P007808,Sports,52.28,Day,52.28,U00601,North,High,Refunded,890.9
P003272,Clothing,55.89,Participant,55.89,U00935,South,Low,Completed,650.05
P002599,Sports,52.88,Your,52.88,U00051,North,Medium,Completed,336.28
P007652,Clothing,21.68,Four,21.68,U02812,West,Low,Completed,715.77
P004334,Clothing,172.17,Offer,172.17,U02730,North,Low,Completed,639.51
P002334,Home & Kitchen,98.25,Responsibility,98.25,U01401,East,Low,Completed,369.69
P005115,Clothing,189.97,Coach,189.97,U02275,North,High,Completed,1279.3
P004637,Groceries,77.36,Mission,77.36,U02556,South,Medium,Completed,993.15
P007009,Home & Kitchen,31.57,Happy,31.57,U02372,East,Medium,Completed,802.59
P001146,Beauty,109.0,Service,109.0,,South,Low,Completed,2004.28
P000640,Beauty,45.33,Town,45.33,U01686,North,Medium,Cancelled,1802.49
P004402,Clothing,73.72,Position,73.72,U00291,North,High,Completed,999.04
P003645,Clothing,12.36,Must,12.36,U00282,North,High,Completed,3124.3
P007271,Groceries,47.96,Claim,47.96,U02513,East,Medium,Completed,367.73
P007515,Beauty,22.77,Serve,22.77,U02108,South,High,Completed,460.42
P003580,Clothing,72.27,Do,72.27,U01414,North,Low,Completed,1113.81
P005453,Groceries,51.71,Others,51.71,U02813,West,Low,Pending,2668.38
P002954,Sports,12.8,Page,12.8,U00817,South,High,Completed,1187.44
P007088,Beauty,121.28,Language,121.28,U00903,South,High,Completed,837.0
P001454,Groceries,47.54,Example,47.54,U00829,East,Low,Completed,460.26
P007140,Clothing,122.68,At,122.68,U01640,West,High,Completed,659.89
P007644,Sports,19.94,Buy,19.94,U02695,North,Medium,Completed,488.21
P005592,Electronics,155.93,Stop,155.93,U02093,South,Low,Completed,579.51
P004001,Books,49.69,Author,49.69,U00404,South,Medium,Completed,460.18
P000890,Clothing,97.79,Identify,97.79,U01974,East,High,Completed,2032.37
P004091,Books,64.22,Glass,64.22,U02822,East,High,Completed,366.62
P004753,Groceries,38.49,Up,38.49,U02447,South,High,Completed,771.11
P002538,Sports,49.98,Feel,49.98,U02586,North,Low,Completed,365.04
P001481,Groceries,200.95,Main,200.95,U00224,North,Medium,Completed,675.39
P007823,Clothing,119.11,Grow,119.11,U02945,West,Low,Cancelled,380.29
P003922,Groceries,56.36,Seven,56.36,U00327,East,Low,Completed,1462.26
P001514,Home & Kitchen,69.79,Strategy,69.79,U02298,North,Low,Pending,1201.47
P000654,Beauty,114.66,Agent,114.66,U01123,North,High,Completed,1046.55
P005597,Clothing,125.85,Teacher,125.85,U00918,East,High,Completed,631.96
P003407,Clothing,117.68,Education,117.68,U01851,East,Low,Completed,1208.45
P003373,Electronics,85.46,Hundred,85.46,U02467,East,Low,Completed,515.45
P000631,Electronics,52.21,Energy,52.21,U02945,West,High,Completed,915.52
P005331,Beauty,23.53,Appear,23.53,U01031,South,Low,Completed,1411.78
P002923,Home & Kitchen,42.64,Region,42.64,U00727,North,High,Completed,1767.4
P006455,Books,35.72,Thing,35.72,U01898,East,High,Completed,631.01
P005675,Sports,52.48,Story,52.48,U01298,South,Low,Completed,575.71
P006880,Home & Kitchen,42.27,Still,42.27,U00419,South,Medium,Completed,271.55
P001804,Home & Kitchen,202.81,Represent,202.81,U01843,West,Low,Cancelled,885.14
P006426,Clothing,211.47,Decide,211.47,U01062,South,High,Completed,297.19
P000786,Sports,125.53,Force,125.53,U00253,South,High,Completed,781.65
P007051,Groceries,33.95,Shake,33.95,U00075,West,High,Completed,438.19
P003061,Electronics,23.66,Keep,23.66,U01563,East,Low,Completed,825.39
P003278,Clothing,32.87,Conference,32.87,U02429,South,Low,Completed,1124.06
P001104,Books,39.13,Executive,39.13,U02605,West,High,Completed,1264.84
P004663,Home & Kitchen,176.3,End,176.3,U01002,East,High,Completed,608.94
P003514,Clothing,21.67,Find,21.67,U02061,West,Low,Pending,2590.52
P005758,Books,75.75,Agree,75.75,U02397,North,Low,Completed,642.16
P001165,Home & Kitchen,47.56,Either,47.56,U00433,East,High,Completed,1298.11
P006936,Clothing,113.84,Raise,113.84,U00381,East,Medium,Completed,1195.9
P001612,Clothing,29.08,Very,29.08,U00077,South,High,Completed,1607.2
P007279,Home & Kitchen,44.81,Above,44.81,U01969,West,Low,Completed,675.55
P004665,Home & Kitchen,56.25,Two,56.25,U01274,North,High,Completed,713.61
P002038,Beauty,108.33,Rather,108.33,U01411,South,Medium,Pending,1143.13
P005666,Electronics,51.73,Mind,51.73,U00887,East,Low,Refunded,373.31
P000826,Sports,13.65,Safe,13.65,U02714,East,High,Completed,773.52
P005256,Beauty,125.18,Mouth,125.18,U00693,West,Medium,Completed,357.43
P000096,Electronics,248.6,His,248.6,U02904,West,Low,Completed,1575.13
P001352,Books,170.76,Capital,170.76,U00970,East,Medium,Cancelled,448.51
P004319,Home & Kitchen,43.28,Parent,43.28,U02079,West,Low,Completed,336.32
P005893,Sports,30.9,Our,30.9,U00656,North,High,Completed,1462.54
P001143,Groceries,40.45,Cut,40.45,U00162,West,High,Completed,2021.62
P003245,Groceries,28.52,Section,28.52,U01093,North,Medium,Cancelled,934.05
P002090,Home & Kitchen,54.82,Reduce,54.82,,West,Low,Refunded,336.11
P005446,Home & Kitchen,138.3,Her,138.3,U02391,North,Medium,Pending,1313.3
P007706,Books,45.33,Stock,45.33,U01485,South,Low,Pending,1279.05
P000900,Books,142.65,Man,142.65,U02751,West,Medium,Completed,1059.17
P000250,Electronics,90.47,Education,90.47,U02538,East,High,Completed,720.78
P003797,Sports,130.28,Face,130.28,U00606,North,Low,Completed,922.11
P005901,Home & Kitchen,212.66,Order,212.66,U02605,East,High,Completed,553.77
P004558,Home & Kitchen,92.32,Remember,92.32,U02964,South,High,Completed,1343.06
P002683,Electronics,93.76,Film,93.76,U01264,West,Medium,Completed,1668.5
P007114,Home & Kitchen,177.75,Could,177.75,U02383,East,Low,Refunded,353.05
P002232,Clothing,21.15,Continue,21.15,U02383,West,Low,Completed,936.04
P006534,Groceries,145.61,Artist,145.61,,West,Low,Completed,1009.15
P003957,Clothing,77.13,Real,77.13,U00298,South,Low,Completed,529.2
P006060,Books,45.53,Design,45.53,U01625,South,Medium,Cancelled,462.93
P004985,Electronics,54.17,Traditional,54.17,U02087,West,Medium,Completed,516.86
P004808,Beauty,108.92,Bit,108.92,U00406,East,Low,Completed,1628.47
P002342,Books,65.99,Treat,65.99,U01665,East,High,Pending,556.73
P000492,Electronics,151.47,Evidence,151.47,U02311,North,Low,Pending,423.88
P003232,Beauty,55.61,Commercial,55.61,U00341,East,High,Refunded,2325.03
P002776,Books,98.3,Statement,98.3,U00083,South,Low,Completed,517.78
P002973,Electronics,49.15,Than,49.15,U02066,East,High,Completed,1338.15
P004220,Groceries,59.94,Culture,59.94,U02208,West,High,Completed,1390.99
P002333,Books,36.25,List,36.25,U01063,South,Low,Completed,1957.37
P004714,Home & Kitchen,144.34,We,144.34,U00089,North,High,Pending,579.21
P001562,Groceries,115.25,Talk,115.25,U00507,West,Low,Completed,646.42
P005370,Books,97.53,Whose,97.53,,East,Low,Completed,541.31
P001150,Books,49.93,Son,49.93,U00260,West,Low,Completed,814.96
P006073,Beauty,62.68,Cause,62.68,U01588,East,Medium,Completed,578.72
P003919,Clothing,90.8,Man,90.8,U01446,East,Low,Completed,1088.11
P004658,Home & Kitchen,79.29,Blue,79.29,U01221,North,Low,Pending,1539.4
P001698,Clothing,69.32,Five,69.32,U00984,West,Low,Completed,799.83
P004861,Beauty,360.07,Cause,360.07,U00144,South,Medium,Refunded,1231.78
P002155,Electronics,77.93,Available,77.93,U00677,North,Low,Pending,889.04
P000696,Books,58.27,Environmental,58.27,,West,Low,Completed,673.14
P003525,Electronics,201.78,The,201.78,U02451,East,Medium,Pending,645.33
P005363,Groceries,55.64,Professor,55.64,U01127,West,Medium,Completed,968.91
P001951,Home & Kitchen,66.98,Contain,66.98,U01602,South,Low,Completed,1424.18
P006308,Beauty,50.9,Affect,50.9,U02545,South,Medium,Completed,841.29
P002109,Books,54.68,Door,54.68,U01566,East,High,Completed,163.93
P002299,Books,61.16,Build,61.16,U02063,North,High,Pending,1563.09
P002203,Beauty,67.97,Federal,67.97,U01481,East,Low,Completed,2257.48
P002020,Groceries,30.81,Pay,30.81,,East,Medium,Completed,409.62
P006478,Beauty,44.42,Contain,44.42,U02135,East,High,Completed,1019.67
P006731,Groceries,57.11,Thank,57.11,U02664,North,Low,Completed,1798.92
P007149,Home & Kitchen,140.68,Without,140.68,U00747,North,High,Completed,1639.17
P000358,Groceries,75.67,Boy,75.67,U01936,South,High,Completed,898.97
P006461,Electronics,92.09,State,92.09,U01180,North,Low,Pending,1313.62
P006545,Books,15.67,Resource,15.67,U02510,East,High,Pending,731.46
P001559,Home & Kitchen,66.76,Material,66.76,U01502,South,Medium,Completed,462.59
P000311,Electronics,55.23,Author,55.23,U01789,North,Low,Completed,642.26
P007099,Beauty,121.46,Radio,121.46,,East,High,Completed,1125.3
P001308,Sports,83.14,Film,83.14,,East,Low,Refunded,583.49
P003320,Electronics,90.13,Garden,90.13,U02142,South,High,Completed,1462.62
P000128,Books,196.09,Arrive,196.09,U01657,South,Medium,Cancelled,296.39
P006999,Sports,82.54,Near,82.54,U02765,North,High,Cancelled,1096.31
P005927,Groceries,74.85,Rule,74.85,U02806,East,Low,Completed,477.65
P000104,Sports,61.24,Write,61.24,,East,Medium,Completed,1341.56
P000660,Home & Kitchen,31.39,Treatment,31.39,U02843,South,Medium,Completed,303.13
P006486,Sports,66.53,Form,66.53,U01048,West,High,Completed,494.66
P003687,Sports,80.71,Kitchen,80.71,U00818,West,High,Cancelled,1009.34
P003566,Sports,111.46,Wind,111.46,U01194,North,High,Completed,262.3
P005770,Beauty,41.68,Market,41.68,U00822,East,High,Cancelled,1083.81
P004003,Electronics,23.63,City,23.63,U00183,East,High,Completed,415.04
P006264,Groceries,17.44,Method,17.44,U00893,South,Low,Cancelled,327.78
P001531,Electronics,36.5,Might,36.5,U00599,East,Medium,Cancelled,534.86
P002713,Clothing,26.37,Small,26.37,U00150,East,High,Completed,559.92
P004230,Beauty,150.39,Health,150.39,U00644,South,Low,Completed,1207.39
P004140,Beauty,11.67,Time,11.67,U00792,East,Medium,Completed,1954.12
P003980,Sports,134.5,Whom,134.5,U00988,North,Medium,Completed,635.38
P004010,Sports,27.97,Prepare,27.97,U02351,East,Low,Completed,943.03
P004317,Books,95.39,Property,95.39,U01268,North,High,Refunded,429.61
P002262,Books,77.38,Key,77.38,U01141,South,Low,Completed,1447.61
P005102,Sports,67.3,Part,67.3,U01656,South,Low,Completed,780.68
P007603,Books,40.58,Laugh,40.58,U01531,North,Medium,Completed,499.85
P005889,Sports,144.22,Budget,144.22,U02865,North,Low,Completed,1622.58
P007464,Beauty,28.2,Citizen,28.2,U02068,South,Low,Pending,2124.62
P001741,Books,139.34,Pressure,139.34,U02914,West,Medium,Pending,388.76
P003401,Groceries,82.99,Expert,82.99,U00989,West,Low,Completed,785.36
P005359,Home & Kitchen,50.51,Than,50.51,U00353,South,Low,Completed,1210.21
P005515,Books,82.82,Out,82.82,U01330,West,High,Completed,421.59
P004029,Books,83.37,North,83.37,U01235,North,Low,Pending,424.75
P003421,Sports,63.26,Marriage,63.26,U01530,East,Medium,Completed,337.11
P005642,Home & Kitchen,137.72,Shoulder,137.72,,East,Low,Pending,686.1
P006801,Beauty,64.28,Itself,64.28,U02783,South,Low,Completed,735.41
P001004,Groceries,58.04,Decision,58.04,U02466,North,High,Completed,298.16
P001389,Electronics,242.5,Something,242.5,U00233,South,High,Completed,778.89
P002496,Home & Kitchen,95.94,Clear,95.94,,West,Medium,Completed,362.83
P005939,Home & Kitchen,135.08,Wife,135.08,U01640,West,Low,Completed,1879.16
P007383,Electronics,20.05,Child,20.05,U02020,North,High,Completed,1401.71
P007463,Home & Kitchen,111.51,Development,111.51,U02919,North,Low,Refunded,416.12
P002042,Home & Kitchen,75.78,Set,75.78,U00699,South,Medium,Completed,831.26
P001184,Beauty,151.25,During,151.25,U00494,South,High,Completed,1428.25
P004462,Clothing,38.19,Same,38.19,U02365,West,Medium,Completed,1098.52
P006017,Books,73.92,Than,73.92,U00856,East,Medium,Cancelled,834.76
P002864,Home & Kitchen,182.85,Hit,182.85,U00122,South,High,Completed,776.19
P007617,Clothing,52.5,Third,52.5,U01698,South,High,Completed,529.56
P004931,Clothing,90.72,Laugh,90.72,U00817,West,High,Refunded,912.54
P007324,Clothing,69.08,Wait,69.08,U02820,West,Low,Completed,375.23
P001839,Beauty,53.19,Whole,53.19,U02899,West,Medium,Completed,787.17
P001917,Books,28.66,Picture,28.66,U02392,North,Low,Completed,472.47
P001495,Groceries,77.12,They,77.12,U01181,North,Low,Completed,887.9
P003855,Groceries,25.87,Throw,25.87,U00069,West,Medium,Completed,384.78
P007939,Home & Kitchen,41.34,Paper,41.34,U02735,North,Low,Completed,569.63
P001151,Home & Kitchen,99.64,Effect,99.64,U02259,South,High,Completed,606.51
P006540,Electronics,27.49,Which,27.49,U01760,East,High,Completed,956.01
P001285,Electronics,172.2,Poor,172.2,U00720,South,Medium,Pending,293.32
P001599,Sports,114.57,Information,114.57,U02109,West,Medium,Completed,454.0
P007058,Books,52.76,House,52.76,U02921,East,Medium,Refunded,719.36
P001314,Groceries,36.13,Scientist,36.13,U00812,North,Medium,Completed,859.85
P007453,Clothing,50.26,More,50.26,U02220,South,High,Completed,1296.25
P001959,Electronics,63.91,Strategy,63.91,U00374,East,High,Cancelled,473.51
P003171,Groceries,142.88,Short,142.88,U00686,East,High,Completed,513.49
P004579,Books,87.08,Prove,87.08,U00442,North,Medium,Completed,1221.07
P002595,Home & Kitchen,53.35,Choice,53.35,U00976,South,Low,Completed,249.33
P002128,Clothing,40.74,Positive,40.74,U00151,South,Low,Completed,440.1
P007680,Electronics,48.99,Operation,48.99,U00175,West,Low,Cancelled,331.7
P006464,Beauty,39.95,Several,39.95,U01635,East,Low,Completed,1021.54
P006019,Sports,67.43,Mouth,67.43,U02050,South,Medium,Completed,792.87
P006051,Clothing,22.35,Too,22.35,U02763,South,Low,Cancelled,413.61
P000903,Books,79.61,Design,79.61,U01854,North,Low,Pending,438.96
P007449,Electronics,49.58,Meet,49.58,U00981,North,Medium,Cancelled,1224.08
P006508,Clothing,50.68,Significant,50.68,U02960,North,Low,Completed,1579.86
P001779,Electronics,101.6,More,101.6,U01528,East,High,Completed,1740.59
P003017,Groceries,41.9,Throughout,41.9,U00526,East,High,Completed,1469.31
P004928,Home & Kitchen,87.83,Show,87.83,U00161,South,Low,Completed,454.64
P001364,Sports,48.99,Be,48.99,U00693,North,High,Refunded,318.84
P002180,Groceries,58.3,Clearly,58.3,U00487,West,Medium,Completed,994.38
P004016,Clothing,101.41,Meeting,101.41,U00021,West,Medium,Completed,548.81
P007397,Sports,223.18,East,223.18,U02601,South,Low,Refunded,1223.97
P000650,Beauty,71.38,Stuff,71.38,U01408,North,Low,Completed,1207.67
P004424,Sports,37.76,Parent,37.76,U02815,North,High,Completed,1678.48
P002273,Clothing,130.89,Theory,130.89,U00229,South,Low,Refunded,405.02
P007695,Books,25.96,By,25.96,U02051,West,Low,Pending,1110.43
P003849,Clothing,34.04,Democrat,34.04,U02507,East,Low,Completed,308.94
P007663,Beauty,67.7,North,67.7,U02141,East,High,Completed,218.88
P007957,Clothing,71.75,Mean,71.75,U00360,West,Medium,Completed,901.93
P001126,Home & Kitchen,142.25,Court,142.25,U00744,South,Medium,Pending,260.0
P006437,Books,46.05,Find,46.05,U01282,East,Medium,Completed,761.81
P004036,Sports,40.05,Law,40.05,U02443,East,Low,Pending,1158.7
P005605,Groceries,98.09,Cost,98.09,U01803,North,Medium,Completed,787.06
P003133,Groceries,36.34,Source,36.34,U00114,East,Low,Refunded,859.68
P000301,Books,69.7,Once,69.7,U02780,West,High,Completed,1196.49
P005144,Beauty,29.83,Suggest,29.83,U01104,East,Low,Completed,1090.81
P004357,Groceries,42.76,Money,42.76,U01356,North,Low,Completed,530.46
P002272,Beauty,142.43,Magazine,142.43,U02259,West,Low,Completed,1291.26
P002305,Groceries,261.2,Happy,261.2,U01192,East,High,Cancelled,1414.95
P006005,Clothing,49.42,Third,49.42,U01178,East,Low,Completed,750.13
P001080,Home & Kitchen,115.5,High,115.5,U00551,East,Medium,Completed,556.4
P006522,Home & Kitchen,84.69,Today,84.69,U00168,West,Medium,Cancelled,452.4
P000480,Electronics,146.96,Society,146.96,U01642,North,Low,Refunded,1210.29
P003360,Electronics,90.25,Media,90.25,U02038,West,Medium,Completed,2043.69
P000609,Home & Kitchen,186.34,Wonder,186.34,U00950,West,High,Completed,285.86
P001340,Groceries,38.09,Away,38.09,U00450,East,Low,Completed,848.0
P003260,Beauty,77.21,Share,77.21,U00311,South,Low,Cancelled,1276.75
P007885,Beauty,49.03,Maybe,49.03,U01018,West,High,Completed,1668.02
P000513,Home & Kitchen,75.71,Region,75.71,U00960,South,Low,Completed,898.58
P002968,Home & Kitchen,168.38,Measure,168.38,,East,Low,Completed,252.51
P004967,Books,195.6,Student,195.6,U01341,East,High,Completed,2019.11
P002460,Electronics,48.74,Writer,48.74,U02729,West,Medium,Completed,2048.14
P001436,Clothing,51.17,Ability,51.17,U02501,North,High,Completed,1480.56
P001900,Clothing,229.64,Off,229.64,U00811,East,Low,Completed,948.45
P001401,Home & Kitchen,52.09,Teach,52.09,U00610,North,Low,Completed,648.4
P002311,Sports,122.83,Choose,122.83,U01489,East,Low,Completed,933.51
P005158,Clothing,29.87,That,29.87,U02703,East,Medium,Cancelled,1280.45
P003912,Home & Kitchen,176.42,Her,176.42,U02636,South,High,Completed,1390.19
P003731,Home & Kitchen,15.66,Clear,15.66,U02953,North,High,Pending,500.52
P004261,Clothing,30.26,Child,30.26,U01768,East,Medium,Cancelled,1296.01
P002885,Clothing,32.39,Family,32.39,U02366,West,Medium,Completed,1570.87
P006483,Electronics,66.21,Here,66.21,U01675,West,Low,Completed,448.12
P004093,Beauty,39.94,Toward,39.94,U01082,South,Medium,Cancelled,1153.55
P003053,Beauty,27.49,Put,27.49,U01436,North,Low,Refunded,1931.6
P005230,Groceries,35.77,Body,35.77,U00961,East,High,Completed,466.22
P004898,Electronics,116.62,Research,116.62,,West,Medium,Completed,1379.57
P003439,Groceries,15.55,Something,15.55,U02037,North,Medium,Completed,426.14
P002178,Electronics,49.6,Use,49.6,U00548,West,Medium,Pending,1026.8
P001815,Beauty,66.24,Not,66.24,,East,Medium,Completed,1537.67
P007422,Clothing,17.19,Everyone,17.19,U02141,West,High,Completed,724.7
P007825,Groceries,50.67,But,50.67,U01491,East,High,Completed,673.65
P000510,Home & Kitchen,79.54,Ready,79.54,U02519,North,Low,Completed,1979.08
P007154,Clothing,102.21,Rich,102.21,U01712,North,Low,Cancelled,848.78
P004821,Home & Kitchen,93.41,Later,93.41,U00082,North,Low,Completed,403.88
P002504,Electronics,30.39,Notice,30.39,U00498,North,High,Completed,229.61
P001856,Books,60.12,Always,60.12,U00267,South,Medium,Refunded,1074.91
P004610,Groceries,37.08,Reveal,37.08,U02621,South,High,Cancelled,827.18
P005841,Books,107.18,Choice,107.18,U01221,East,Low,Completed,1231.79
P000067,Electronics,60.17,Human,60.17,U00039,West,High,Refunded,2735.08
P000761,Sports,105.16,Make,105.16,U01304,South,High,Completed,439.38
P001397,Home & Kitchen,143.68,Course,143.68,U00822,West,Low,Completed,163.04
P001622,Clothing,158.7,Return,158.7,U00120,East,Medium,Completed,1633.25
P004707,Groceries,48.51,Score,48.51,U02355,North,Low,Completed,1731.77
P000679,Beauty,70.46,Evidence,70.46,U01702,West,High,Completed,722.01
P004469,Clothing,126.05,See,126.05,U00492,West,Low,Completed,1933.12
P002159,Clothing,62.16,Allow,62.16,U00030,West,High,Completed,1260.25
P004285,Home & Kitchen,20.77,According,20.77,,West,High,Cancelled,660.91
P002125,Sports,97.38,Speak,97.38,U01202,West,Low,Completed,1336.47
P002119,Electronics,103.14,Painting,103.14,U00741,South,Low,Completed,464.44
P007889,Books,62.12,Wall,62.12,U00433,West,Medium,Completed,115.83
P007762,Home & Kitchen,26.52,Along,26.52,U01025,West,High,Completed,477.08
P001153,Books,41.25,Maybe,41.25,U00274,North,Low,Completed,585.24
P001716,Home & Kitchen,29.54,Face,29.54,U02886,East,Medium,Completed,2707.95
P000243,Beauty,100.47,Brother,100.47,U02210,East,High,Completed,524.94
P007025,Beauty,85.34,Soldier,85.34,U00093,East,Low,Completed,1069.95
P000215,Books,40.77,Month,40.77,U00624,West,Low,Completed,534.9
P005357,Electronics,297.29,Case,297.29,U02033,West,Medium,Completed,946.43
P006309,Books,27.6,Require,27.6,,South,Medium,Completed,735.99
P000453,Books,43.56,Particular,43.56,U01960,West,Medium,Refunded,466.62
P006927,Sports,107.37,Traditional,107.37,U01551,East,High,Completed,379.78
P006395,Clothing,174.66,Science,174.66,U01511,West,Medium,Refunded,323.8
P001380,Sports,128.77,People,128.77,U02798,North,Low,Cancelled,1138.14
P000424,Electronics,187.22,Ask,187.22,U01308,South,Medium,Completed,2382.46
P005891,Electronics,108.92,Citizen,108.92,U01412,South,High,Completed,886.25
P002149,Books,34.4,Course,34.4,U01517,South,High,Completed,599.24
P005429,Home & Kitchen,73.5,Identify,73.5,U01425,East,High,Completed,1385.19
P004058,Books,97.03,Into,97.03,U01690,South,Low,Completed,461.08
P006725,Clothing,40.4,Camera,40.4,U02790,South,High,Completed,1337.45
P007502,Sports,272.45,Choice,272.45,U02432,North,Low,Pending,550.42
P005885,Electronics,28.55,People,28.55,U01578,West,Medium,Cancelled,659.2
P002677,Books,137.19,Project,137.19,U00525,West,Medium,Completed,386.74
P001720,Electronics,24.44,Rich,24.44,U01618,North,Low,Completed,814.65
P006014,Groceries,44.36,Decide,44.36,U00153,North,Low,Completed,458.79
P005775,Electronics,86.02,Benefit,86.02,U01327,West,Low,Cancelled,2980.34
P004172,Groceries,13.92,Protect,13.92,U00222,North,Medium,Completed,361.31
P000684,Home & Kitchen,68.26,Hair,68.26,U00476,West,High,Completed,496.12
P005882,Groceries,93.62,Stop,93.62,U01450,East,Low,Pending,677.56
P006521,Home & Kitchen,41.67,Road,41.67,U00065,East,Low,Completed,487.98
P007799,Electronics,44.32,Operation,44.32,U01126,North,Medium,Completed,414.51
P006747,Books,85.45,Wait,85.45,,West,Low,Pending,350.14
P005031,Clothing,35.11,System,35.11,U00166,West,Medium,Completed,477.43
P001506,Electronics,77.35,Movie,77.35,U00572,North,Medium,Completed,644.05
P005929,Books,177.39,American,177.39,U01521,North,Low,Completed,771.91
P002179,Electronics,27.56,Area,27.56,U00657,South,Medium,Refunded,853.29
P006182,Books,80.87,First,80.87,U01419,North,Low,Completed,591.66
P001994,Sports,45.55,Fish,45.55,U01329,West,High,Cancelled,1924.85
P000666,Home & Kitchen,91.04,Mr,91.04,U00890,North,Low,Completed,783.54
P006218,Books,89.72,Hot,89.72,U01183,West,Low,Completed,593.33
P001446,Sports,212.83,Prevent,212.83,U00721,South,Low,Completed,815.28
P005669,Sports,46.67,Have,46.67,,West,Low,Completed,736.94
P006273,Electronics,32.67,Eye,32.67,U01927,West,High,Completed,242.95
P001727,Beauty,92.07,Model,92.07,U02207,South,Low,Completed,1722.85
P005912,Beauty,175.37,Everything,175.37,U01589,East,Low,Completed,626.47
P001231,Sports,87.72,Turn,87.72,U02528,East,High,Completed,256.96
P003673,Beauty,92.19,Wall,92.19,U00057,West,High,Completed,800.67
P002556,Groceries,34.16,Own,34.16,U02676,North,Low,Completed,1210.9
P005045,Beauty,65.53,Say,65.53,U02658,East,Low,Completed,1374.66
P007314,Clothing,104.24,Vote,104.24,U01015,East,Medium,Completed,913.5
P002219,Groceries,67.43,Young,67.43,U02902,East,High,Completed,2663.18
P000356,Electronics,92.91,Such,92.91,U01536,South,Low,Completed,2037.6
P005787,Groceries,121.99,Everyone,121.99,U00694,South,High,Completed,680.43
P001320,Home & Kitchen,140.21,Window,140.21,U00700,East,Medium,Completed,1297.29
P001980,Beauty,39.12,Personal,39.12,U02601,North,Medium,Completed,957.41
P000448,Home & Kitchen,74.9,Call,74.9,U00699,West,Low,Pending,902.91
P002008,Sports,127.75,Life,127.75,U01318,South,Medium,Completed,849.47
P003708,Clothing,110.46,Note,110.46,U00803,South,Low,Completed,1066.16
P000815,Sports,134.17,Walk,134.17,U01626,North,High,Completed,1355.12
P002685,Sports,49.17,Ability,49.17,U02502,East,Low,Completed,1390.2
P004153,Clothing,20.01,Bar,20.01,U02959,South,Low,Cancelled,1162.17
P002964,Sports,65.58,For,65.58,,East,High,Completed,1398.57
P004952,Home & Kitchen,95.29,Reason,95.29,U00123,West,Medium,Completed,1297.68
P000932,Sports,28.08,Office,28.08,U00221,North,High,Completed,228.89
P007249,Clothing,82.61,Message,82.61,U02114,North,Low,Completed,627.79
P007517,Home & Kitchen,109.03,Recently,109.03,U02243,North,Medium,Completed,831.36
P007451,Books,108.82,Pm,108.82,U01182,South,High,Completed,1477.03
P005575,Clothing,54.55,Future,54.55,U01932,North,Low,Completed,466.38
P007504,Home & Kitchen,172.28,Compare,172.28,U02460,South,Low,Completed,767.26
P003991,Books,38.61,Television,38.61,U01897,West,Low,Completed,671.99
P002080,Beauty,47.91,As,47.91,U01284,West,High,Pending,378.17
P001603,Beauty,66.29,Get,66.29,U02734,East,Low,Completed,2313.58
P002170,Groceries,226.08,Forget,226.08,U02960,South,Medium,Completed,3392.27
P000743,Clothing,26.13,Weight,26.13,U00411,South,High,Completed,503.03
P006658,Books,37.23,Often,37.23,U01565,North,Medium,Completed,392.51
P002886,Sports,146.68,Enjoy,146.68,U01818,South,Low,Refunded,688.6
P000810,Beauty,219.94,Either,219.94,U00231,South,Low,Completed,859.99
P000595,Beauty,77.07,Rest,77.07,U02834,West,High,Completed,1919.04
P001510,Beauty,23.43,Treat,23.43,U01825,North,High,Completed,2132.7
P004974,Clothing,22.28,Pull,22.28,U00121,East,High,Completed,334.27
P000381,Groceries,20.63,Now,20.63,U02127,East,Low,Pending,299.62
P005209,Home & Kitchen,69.16,According,69.16,U01228,South,Low,Completed,998.84
P001884,Electronics,33.69,Power,33.69,U00248,South,Medium,Completed,430.5
P003686,Books,201.25,Race,201.25,U01741,East,High,Pending,1017.06
P002534,Books,94.01,Serve,94.01,U01952,East,Low,Refunded,763.3
P001827,Sports,24.79,Yard,24.79,U02766,North,Low,Pending,838.85
P004925,Home & Kitchen,52.23,Soldier,52.23,U02340,South,Medium,Completed,267.7
P001220,Sports,86.14,Arm,86.14,U02778,South,Medium,Completed,641.56
P005085,Sports,47.55,Statement,47.55,U01612,South,Low,Completed,938.7
P000307,Books,24.67,Second,24.67,U00174,West,Low,Completed,1577.36
P007118,Groceries,29.22,Avoid,29.22,U00487,East,High,Completed,668.6
P002104,Home & Kitchen,38.23,Movement,38.23,U00736,North,Low,Refunded,576.93
P004603,Beauty,111.33,Teacher,111.33,U00540,North,Low,Completed,454.05
P004577,Books,55.63,Cultural,55.63,U00556,North,Low,Completed,281.22
P004705,Clothing,60.17,Concern,60.17,U02874,West,Medium,Completed,1238.37
P005507,Books,157.75,Her,157.75,U00662,East,Medium,Completed,591.6
P001282,Books,40.53,Outside,40.53,U01154,East,Low,Completed,258.39
P001240,Sports,18.57,Approach,18.57,U01559,East,Medium,Completed,1046.38
P007482,Beauty,37.97,Measure,37.97,U01708,West,High,Completed,816.45
P007747,Books,74.89,Staff,74.89,U01614,East,High,Completed,459.9
P004421,Beauty,79.13,Open,79.13,U01684,South,High,Completed,1287.1
P004556,Sports,33.87,Performance,33.87,U02769,South,Low,Completed,1672.3
P002352,Clothing,138.64,Style,138.64,U02224,West,Medium,Completed,601.09
P006811,Books,138.02,Traditional,138.02,U02815,East,Medium,Completed,492.45
P004133,Sports,17.37,Ball,17.37,U02622,South,Low,Completed,402.23
P004955,Books,62.45,Describe,62.45,U00220,North,Low,Completed,869.47
P001796,Electronics,94.67,Management,94.67,U02142,South,Low,Completed,1712.78
P001799,Groceries,157.25,Somebody,157.25,U01162,South,Low,Pending,340.12
P000454,Home & Kitchen,78.2,Phone,78.2,U02184,East,High,Completed,1991.06
P001617,Beauty,91.94,Also,91.94,U00264,South,Medium,Completed,343.83
P006749,Sports,79.48,Lot,79.48,U00662,North,Medium,Completed,1303.75
P007083,Sports,27.36,Professional,27.36,U02115,South,Low,Completed,1110.33
P006225,Clothing,140.66,Many,140.66,U01703,East,Medium,Completed,560.18
P002974,Sports,58.31,Paper,58.31,,North,High,Completed,831.08
P004682,Clothing,88.09,Per,88.09,U01712,South,High,Pending,646.39
P001707,Books,96.97,Her,96.97,U02811,South,Medium,Completed,628.29
P007033,Clothing,92.56,West,92.56,U00852,North,Low,Completed,256.86
P004176,Beauty,58.17,Military,58.17,U01852,West,Medium,Completed,682.53
P000066,Books,111.28,Win,111.28,U01229,West,Medium,Cancelled,475.8
P002751,Beauty,15.83,Lot,15.83,U01910,East,High,Completed,1112.84
P006539,Groceries,25.73,Keep,25.73,U02475,South,Medium,Completed,309.47
P003620,Beauty,34.97,Weight,34.97,U02587,East,Low,Completed,1700.25
P005140,Sports,63.46,Word,63.46,U00794,South,Low,Cancelled,927.5
P003939,Beauty,172.08,Every,172.08,U02149,North,Low,Pending,2127.79
P007862,Sports,55.76,Drug,55.76,U00616,East,High,Completed,471.93
P002107,Home & Kitchen,36.59,Realize,36.59,U01240,South,High,Pending,1422.29
P002043,Clothing,14.7,Tree,14.7,U00812,West,Low,Completed,1022.26
P007388,Groceries,36.51,Her,36.51,U01169,South,High,Cancelled,821.74
P000451,Home & Kitchen,109.02,Over,109.02,U02056,West,High,Pending,2438.92
P002614,Groceries,42.19,Imagine,42.19,U01373,West,High,Completed,760.8
P007837,Clothing,54.06,Huge,54.06,U02106,North,High,Completed,197.62
P000869,Sports,69.75,Space,69.75,U02034,South,High,Refunded,829.82
P005427,Groceries,95.65,Begin,95.65,U00923,North,Low,Completed,857.46
P000255,Books,219.73,Your,219.73,U02853,West,High,Pending,1155.15
P002276,Sports,72.7,High,72.7,U00303,West,High,Cancelled,620.44
P006544,Electronics,123.14,Outside,123.14,U01972,North,Medium,Completed,459.92
P003090,Electronics,67.8,Policy,67.8,U00778,East,High,Completed,1343.53
P003917,Clothing,75.13,Us,75.13,U01404,East,Medium,Completed,217.61
P006149,Home & Kitchen,35.96,Responsibility,35.96,U00243,East,Medium,Completed,630.19
P006109,Groceries,49.64,Threat,49.64,U01232,South,High,Completed,196.97
P002498,Sports,62.63,Find,62.63,U01239,South,High,Completed,750.64
P006123,Clothing,72.39,Factor,72.39,U01407,South,Low,Completed,555.55
P003203,Clothing,44.25,Open,44.25,U02963,South,Low,Completed,1867.73
P000100,Home & Kitchen,46.59,Determine,46.59,,East,High,Completed,941.67
P003422,Beauty,127.01,Black,127.01,U02689,South,High,Completed,654.86
P002054,Sports,88.03,Just,88.03,U01760,East,Medium,Completed,265.24
P004310,Clothing,33.4,Former,33.4,U01568,East,Medium,Cancelled,476.71
P002085,Groceries,90.94,Religious,90.94,U00897,West,High,Completed,2287.0
P006241,Groceries,30.33,I,30.33,U02383,West,High,Completed,843.59
P007479,Electronics,21.45,Meet,21.45,U00057,South,High,Refunded,160.69
P002402,Books,112.14,Become,112.14,U02173,East,Medium,Completed,1795.72
P007595,Clothing,21.95,Lawyer,21.95,U02112,East,Medium,Pending,177.31
P005255,Clothing,38.95,Beyond,38.95,U02346,West,Low,Completed,421.3
P002598,Groceries,34.93,Benefit,34.93,U01101,East,High,Pending,1134.12
P005983,Electronics,53.88,Tend,53.88,U00830,North,Low,Pending,821.65
P001304,Groceries,75.95,Little,75.95,U02617,South,Medium,Completed,788.98
P001932,Beauty,189.06,Peace,189.06,U02685,North,Medium,Completed,181.79
P004337,Clothing,38.18,Special,38.18,U00129,South,Medium,Completed,1152.06
P006072,Groceries,24.7,Which,24.7,U00512,West,Low,Cancelled,1725.29
P005495,Sports,41.94,Hear,41.94,U02901,East,High,Pending,1089.8
P001923,Groceries,114.92,Car,114.92,U02038,East,Medium,Completed,276.29
P002896,Electronics,80.58,Buy,80.58,U00598,East,High,Pending,1422.92
P007060,Beauty,80.8,Suggest,80.8,U00437,North,Low,Cancelled,903.09
P007486,Sports,91.67,Radio,91.67,U01804,West,High,Completed,1000.51
P005004,Sports,212.73,Win,212.73,U01720,North,Medium,Completed,806.14
P007274,Groceries,20.21,His,20.21,U00632,North,Low,Completed,374.01
P006439,Groceries,90.67,Among,90.67,U01334,East,Low,Pending,521.48
P005067,Electronics,16.27,Actually,16.27,U00112,West,Low,Completed,579.22
P003357,Sports,21.77,Sea,21.77,U02847,East,Medium,Completed,430.12
P003296,Clothing,26.85,After,26.85,U01021,West,High,Completed,404.09
P005586,Home & Kitchen,56.19,Second,56.19,U00842,North,Low,Refunded,1173.25
P000394,Clothing,42.44,Treatment,42.44,U00465,North,High,Completed,635.27
P006576,Home & Kitchen,14.5,Resource,14.5,U01426,North,High,Cancelled,1336.12
P004497,Groceries,72.04,Really,72.04,U01659,North,Medium,Completed,1189.25
P000706,Beauty,52.35,Serve,52.35,U02841,North,Medium,Completed,666.24
P007168,Home & Kitchen,179.97,Close,179.97,U02243,East,Low,Completed,873.39
P003644,Home & Kitchen,85.78,Cause,85.78,U00381,East,Medium,Pending,352.05
P004696,Books,51.05,Design,51.05,U02869,North,Medium,Refunded,410.94
P001537,Groceries,17.25,Hair,17.25,U02808,East,Low,Completed,582.07
P002665,Groceries,164.3,Purpose,164.3,U01926,South,Medium,Pending,880.13
P000616,Home & Kitchen,99.16,Upon,99.16,U02405,North,Medium,Completed,658.21
P004466,Groceries,26.72,First,26.72,U01334,North,Low,Completed,270.63
P000680,Books,65.11,American,65.11,U02198,South,Medium,Completed,1318.47
P004878,Clothing,111.97,Avoid,111.97,U01135,West,Low,Completed,468.01
P007520,Books,240.1,Your,240.1,U02572,West,Medium,Completed,810.45
P003096,Home & Kitchen,163.6,Similar,163.6,U00168,South,High,Completed,768.17
P007147,Clothing,148.99,Baby,148.99,U01036,East,High,Completed,229.17
P002248,Electronics,44.14,And,44.14,U02231,East,Low,Completed,489.5
P005426,Books,98.19,Ask,98.19,U02281,East,High,Completed,882.21
P006609,Electronics,113.09,Arm,113.09,U00449,North,High,Completed,509.16
P005213,Beauty,22.33,Early,22.33,U00130,West,High,Completed,248.64
P005741,Home & Kitchen,102.15,Often,102.15,U01975,North,High,Cancelled,305.98
P004564,Sports,257.48,But,257.48,U00541,South,Low,Completed,595.39
P002704,Groceries,135.88,Again,135.88,U02879,South,Medium,Completed,163.38
P002952,Clothing,19.98,Herself,19.98,,East,Medium,Pending,832.39
P007971,Beauty,61.11,National,61.11,U02681,East,High,Pending,292.27
P002003,Home & Kitchen,90.58,Rich,90.58,U01347,South,Medium,Completed,488.48
P001402,Groceries,23.63,Million,23.63,U00621,East,Medium,Completed,824.62
P005978,Clothing,216.17,Memory,216.17,U01014,South,Medium,Completed,540.37
P006768,Electronics,66.76,Will,66.76,U02325,East,Low,Completed,636.06
P005934,Home & Kitchen,80.85,Rock,80.85,U00100,South,Low,Completed,573.41
P004419,Clothing,131.67,Skin,131.67,U01579,South,Medium,Cancelled,558.61
P002452,Electronics,65.25,Force,65.25,U01129,South,High,Completed,663.02
P005974,Beauty,136.33,White,136.33,U00116,East,High,Completed,1430.33
P000226,Sports,98.3,Movement,98.3,U01688,South,Low,Completed,1051.9
P000535,Electronics,27.07,Gun,27.07,U02305,South,High,Completed,884.39
P002832,Electronics,84.45,Which,84.45,U01381,East,Low,Completed,761.12
P003249,Beauty,20.51,Team,20.51,U00358,North,Low,Pending,573.57
P004710,Beauty,102.76,Page,102.76,U01821,East,Low,Completed,525.0
P001642,Clothing,18.82,Garden,18.82,U01798,East,High,Completed,311.09
P002133,Books,21.7,Politics,21.7,U01743,South,High,Completed,1016.97
P002809,Books,87.89,Test,87.89,U02275,East,Low,Completed,924.08
P001074,Clothing,20.79,Time,20.79,,West,Low,Completed,1410.61
P001413,Sports,75.24,Girl,75.24,U00977,West,Medium,Completed,1471.41
P005724,Books,46.5,Customer,46.5,U00956,East,Low,Completed,665.86
P002866,Electronics,141.5,Identify,141.5,U01163,West,Low,Completed,912.54
P005574,Electronics,102.98,Five,102.98,U01845,North,Low,Cancelled,237.7
P007723,Home & Kitchen,157.74,Market,157.74,U01684,East,Medium,Completed,692.21
P003065,Books,129.74,Modern,129.74,U02026,West,Medium,Completed,501.39
P005074,Books,118.67,Hand,118.67,U01881,South,Medium,Completed,1101.23
P006485,Books,40.27,Research,40.27,U02991,West,Medium,Completed,821.1
P001504,Home & Kitchen,134.86,Will,134.86,U01188,South,High,Pending,798.03
P007096,Beauty,107.64,Site,107.64,U00178,West,Medium,Completed,334.19
P003961,Books,42.51,Even,42.51,U00412,East,Medium,Completed,1234.34
P007338,Groceries,149.82,Although,149.82,U01171,North,High,Completed,829.29
P000214,Beauty,25.02,Everyone,25.02,U01562,West,High,Pending,1107.51
P001032,Books,143.57,Box,143.57,U01631,South,High,Completed,1341.82
P004899,Electronics,40.92,Character,40.92,,East,Medium,Cancelled,308.25
P003435,Beauty,95.91,Maybe,95.91,U01617,North,Low,Completed,1897.68
P002146,Beauty,53.65,Group,53.65,U02178,West,Medium,Completed,1460.82
P001517,Sports,54.18,Grow,54.18,U00353,South,Low,Completed,578.73
P004656,Books,36.86,Discover,36.86,U00462,East,High,Completed,296.27
P001638,Books,75.99,Firm,75.99,U02870,East,High,Completed,1210.16
P006720,Sports,7.99,Both,7.99,U01607,East,Medium,Completed,813.6
P002045,Books,62.61,Law,62.61,U00749,South,Medium,Refunded,630.86
P005655,Electronics,53.62,Box,53.62,U01943,West,High,Completed,458.23
P004793,Sports,148.71,Federal,148.71,U02400,North,High,Completed,1028.31
P002655,Sports,48.65,Land,48.65,U01747,West,High,Completed,906.11
P003495,Groceries,111.01,Today,111.01,U01856,South,Medium,Completed,1092.07
P006066,Sports,55.09,Treatment,55.09,U00991,East,High,Completed,306.41
P007381,Home & Kitchen,22.24,Receive,22.24,U01627,South,High,Completed,1189.58
P004333,Groceries,51.37,Person,51.37,U02902,East,High,Completed,1367.96
P001528,Home & Kitchen,110.31,People,110.31,U00274,East,High,Completed,949.61
P005035,Books,240.32,Include,240.32,U01201,South,Low,Completed,758.09
P001715,Home & Kitchen,54.83,Individual,54.83,,South,Medium,Completed,557.92
P006815,Electronics,52.55,Worry,52.55,U01022,East,Low,Completed,984.04
P007043,Electronics,90.19,I,90.19,U01042,East,Medium,Cancelled,580.58
P001708,Books,24.08,Paper,24.08,U02150,North,Medium,Completed,730.28
P006929,Beauty,46.58,Level,46.58,U00437,North,Low,Cancelled,619.22
P000407,Books,63.4,Feeling,63.4,U00304,West,Medium,Completed,963.43
P006660,Sports,93.01,That,93.01,U01314,South,Low,Completed,1157.06
P004276,Groceries,15.87,Process,15.87,U02036,North,High,Completed,980.13
P000579,Groceries,76.35,Pass,76.35,U01725,East,Medium,Pending,914.6
P005229,Home & Kitchen,118.11,Food,118.11,,South,Low,Completed,1275.74
P005854,Sports,124.61,Result,124.61,U00020,North,Medium,Completed,647.28
P004915,Sports,35.86,Its,35.86,U02734,North,Medium,Refunded,557.26
P007113,Groceries,62.96,Arm,62.96,U01158,North,Low,Cancelled,1294.45
P000368,Electronics,86.45,Maintain,86.45,U02604,West,Medium,Completed,986.43
P006645,Beauty,88.5,Moment,88.5,U01508,South,High,Pending,1348.92
P006444,Books,55.03,Rise,55.03,U01567,West,High,Completed,564.27
P002993,Electronics,69.11,Special,69.11,U00381,South,High,Cancelled,1847.3
P000537,Groceries,38.7,Right,38.7,,West,High,Pending,531.34
P000148,Sports,105.17,Usually,105.17,U02665,East,High,Pending,520.09
P004743,Groceries,68.0,Participant,68.0,U01242,East,Low,Completed,1481.09
P003543,Groceries,72.21,Likely,72.21,U02364,East,High,Completed,291.56
P004840,Electronics,49.32,Red,49.32,U00649,West,High,Completed,2048.79
P002001,Home & Kitchen,36.58,Interest,36.58,,South,Low,Completed,522.89
P002427,Beauty,58.41,Program,58.41,U01555,East,High,Completed,573.12
P000651,Beauty,114.42,Try,114.42,U01883,North,Low,Cancelled,1335.28
P005745,Books,76.34,Arm,76.34,,South,High,Completed,484.88
P000194,Books,11.69,Response,11.69,U02030,East,High,Refunded,289.77
P001944,Home & Kitchen,73.37,Factor,73.37,U00261,West,Low,Completed,979.79
P000939,Clothing,146.63,Explain,146.63,U00164,South,Medium,Completed,553.32
P000167,Electronics,201.12,Discuss,201.12,U02267,East,High,Refunded,1320.91
P000543,Beauty,88.87,Enter,88.87,U02584,South,Low,Completed,623.93
P003588,Books,101.63,Hour,101.63,U00740,West,Low,Pending,549.94
P004745,Home & Kitchen,61.75,Exist,61.75,U02289,West,Medium,Completed,363.15
P003804,Clothing,87.65,Continue,87.65,U00227,South,Medium,Completed,2040.11
P005001,Beauty,150.44,Everybody,150.44,U02739,West,Low,Completed,277.38
P000628,Clothing,23.86,Treat,23.86,U02203,East,Low,Pending,715.01
P006063,Clothing,132.49,It,132.49,U01834,West,Low,Refunded,970.45
P002592,Books,184.42,Listen,184.42,U00234,North,High,Completed,899.32
P006062,Home & Kitchen,189.5,Reach,189.5,U01819,North,High,Completed,424.78
P006562,Sports,37.57,Wife,37.57,U01503,East,Medium,Completed,169.33
P004536,Home & Kitchen,39.81,Form,39.81,U02430,West,Medium,Cancelled,366.18
P001102,Sports,197.34,Side,197.34,U01116,West,Low,Refunded,940.47
P007948,Books,124.73,Information,124.73,U01334,West,High,Completed,1646.09
P006476,Electronics,83.36,Black,83.36,U02366,North,Low,Completed,1039.66
P004400,Sports,54.76,Compare,54.76,,West,Medium,Completed,1601.76
P000586,Home & Kitchen,93.05,His,93.05,U01308,East,High,Completed,432.08
P002766,Groceries,56.78,Of,56.78,U02906,South,High,Pending,873.77
P005377,Home & Kitchen,41.68,Race,41.68,U01937,North,Low,Completed,343.48
P000372,Beauty,72.2,Bag,72.2,U02633,South,High,Completed,313.39
P005657,Electronics,47.65,Ability,47.65,U01124,East,Low,Completed,1004.97
P006879,Groceries,116.63,Rock,116.63,U00160,East,Medium,Pending,377.82
P003618,Beauty,45.25,Them,45.25,U00354,North,Low,Completed,1052.59
P001553,Clothing,135.38,Total,135.38,U00757,East,Low,Completed,323.93
P006873,Sports,55.83,Few,55.83,U02638,West,Medium,Refunded,461.68
P005850,Home & Kitchen,74.95,Card,74.95,U01212,East,Medium,Completed,1063.95
P001272,Groceries,104.01,Necessary,104.01,U02159,West,High,Completed,149.55
P005261,Books,66.39,Bad,66.39,U02963,West,Low,Completed,883.0
P006750,Books,104.29,Reason,104.29,U01524,East,Low,Completed,518.17
P004386,Books,104.22,Science,104.22,U01953,South,Low,Completed,622.88
P003175,Clothing,90.58,History,90.58,U00521,North,Medium,Completed,1158.74
P006610,Beauty,166.88,Activity,166.88,U02852,East,Low,Completed,1178.86
P006738,Books,203.71,Join,203.71,U00043,West,Low,Pending,333.49
P002661,Books,86.28,Campaign,86.28,U02101,North,High,Completed,841.63
P002211,Home & Kitchen,56.78,Answer,56.78,U02146,North,Low,Completed,1473.09
P003186,Sports,59.67,Imagine,59.67,U01301,North,Low,Completed,1141.44
P006622,Sports,100.49,Society,100.49,U00972,West,Medium,Completed,520.22
P002768,Beauty,78.07,Environment,78.07,U02735,North,Low,Completed,1065.1
P000904,Clothing,41.24,There,41.24,U00009,East,Medium,Pending,692.16
P004422,Books,112.53,Partner,112.53,U02273,East,Medium,Completed,611.49
P006290,Electronics,79.75,Laugh,79.75,U00645,East,Low,Pending,502.76
P001635,Books,67.29,Life,67.29,U01507,East,Low,Completed,693.63
P000556,Books,102.03,Spend,102.03,U01357,North,High,Cancelled,1299.95
P003603,Books,52.16,Somebody,52.16,U02622,East,High,Completed,465.4
P007031,Electronics,39.77,Like,39.77,U02534,East,High,Completed,475.85
P007604,Sports,18.78,Drop,18.78,U00389,South,High,Completed,477.86
P003527,Groceries,192.58,Myself,192.58,U00793,East,High,Completed,396.25
P002479,Home & Kitchen,185.45,Race,185.45,U02808,South,Medium,Completed,601.42
P005950,Groceries,94.83,Threat,94.83,U01718,East,High,Completed,456.78
P007078,Electronics,72.03,Account,72.03,U00447,East,High,Cancelled,911.09
P006952,Electronics,103.49,Culture,103.49,U01069,North,Low,Completed,879.2
P001650,Sports,78.38,Election,78.38,U02923,South,High,Completed,996.11
P003416,Books,114.02,Area,114.02,U01509,North,Medium,Completed,136.64
P000284,Sports,27.96,Sell,27.96,U02301,East,High,Completed,700.1
P004102,Beauty,69.73,Trip,69.73,U00290,West,Medium,Completed,1314.79
P006470,Sports,203.77,During,203.77,U01814,West,Medium,Completed,1352.85
P001445,Beauty,87.85,High,87.85,U01857,North,Low,Pending,575.97
P007612,Electronics,224.83,Perform,224.83,U02305,East,Low,Completed,1329.2
P002017,Books,41.12,Face,41.12,U01776,South,Medium,Completed,1545.28
P003403,Electronics,131.7,Boy,131.7,U00043,South,High,Cancelled,1139.7
P005490,Beauty,15.45,Discuss,15.45,U02083,East,High,Cancelled,696.73
P000676,Clothing,141.69,Every,141.69,U01930,North,Low,Completed,1584.57
P007023,Groceries,127.22,Option,127.22,U02232,East,Low,Completed,859.38
P006247,Electronics,45.74,Too,45.74,U01671,South,Low,Completed,1269.66
P003348,Electronics,152.88,Fire,152.88,U00128,North,Low,Refunded,364.1
P005390,Home & Kitchen,39.43,Main,39.43,U01229,East,Low,Completed,672.06
P002849,Sports,12.52,Respond,12.52,U00999,North,Medium,Completed,1172.97
P001378,Home & Kitchen,11.55,Traditional,11.55,U01076,South,High,Cancelled,1763.26
P006044,Home & Kitchen,52.17,Risk,52.17,U00363,South,Medium,Completed,780.64
P001350,Sports,31.8,Fight,31.8,U01844,West,Medium,Completed,508.68
P004593,Clothing,62.77,Thousand,62.77,U01353,West,High,Refunded,3087.94
P000843,Sports,43.12,Free,43.12,U01875,South,Medium,Cancelled,839.13
P001969,Sports,54.53,Site,54.53,U00183,West,Low,Completed,452.51
P000071,Beauty,43.36,Themselves,43.36,U02679,North,High,Pending,170.34
P004563,Books,82.54,Focus,82.54,U01691,East,Medium,Completed,1832.5
P001664,Clothing,82.21,Result,82.21,U02531,West,Low,Completed,944.24
P000047,Beauty,42.36,Clearly,42.36,U01668,South,Low,Completed,934.39
P001164,Sports,6.21,Role,6.21,U02562,South,High,Pending,683.79
P004494,Sports,85.54,Create,85.54,U01197,East,Low,Completed,613.28
P002874,Groceries,194.83,Hot,194.83,U01841,South,Low,Completed,516.85
P005764,Electronics,30.52,Material,30.52,U01029,North,Low,Completed,1849.82
P002932,Sports,61.48,Today,61.48,U01869,North,Medium,Pending,470.6
P000785,Home & Kitchen,94.14,Remember,94.14,,East,Low,Pending,673.54
P005660,Clothing,34.8,Left,34.8,U01544,North,Low,Completed,1034.96
P004798,Groceries,76.14,Others,76.14,U01597,East,High,Refunded,816.97
P000423,Groceries,47.04,Occur,47.04,U01634,South,Medium,Completed,3037.23
P005272,Sports,41.3,Forward,41.3,U02836,North,Low,Completed,260.96
P000925,Books,23.08,Tonight,23.08,U00232,South,Medium,Pending,734.15
P000926,Clothing,115.18,Wait,115.18,,East,Low,Pending,690.05
P001695,Books,21.22,Enough,21.22,U02332,South,Low,Cancelled,2235.83
P000817,Home & Kitchen,60.5,Traditional,60.5,U02404,East,Medium,Completed,1446.34
P004614,Sports,31.9,Though,31.9,U01155,East,High,Pending,1107.55
P000865,Clothing,85.51,End,85.51,U01716,North,High,Completed,1487.08
P003605,Groceries,28.51,Tv,28.51,U00475,South,Medium,Completed,1927.85
P006205,Home & Kitchen,295.33,Government,295.33,U00027,East,Low,Pending,299.18
P007736,Sports,57.87,If,57.87,U00376,North,High,Completed,378.29
P007128,Books,76.64,Interview,76.64,U03000,North,Medium,Completed,495.87
P002121,Clothing,49.04,Surface,49.04,U02674,South,Low,Completed,1123.91
P003067,Groceries,151.53,Product,151.53,U01719,East,Medium,Completed,413.69
P006619,Electronics,101.31,True,101.31,U02082,West,Medium,Cancelled,426.51
P005694,Electronics,131.41,Guess,131.41,U01185,South,Low,Completed,980.48
P005196,Sports,178.95,Home,178.95,U02537,South,Low,Completed,955.78
P002084,Beauty,72.28,Girl,72.28,U01887,East,Low,Pending,406.96
P002407,Groceries,82.08,End,82.08,U00953,North,Medium,Completed,739.27
P006956,Home & Kitchen,67.79,Call,67.79,U02489,South,Low,Cancelled,529.01
P001459,Sports,116.49,Left,116.49,,South,High,Completed,342.97
P001717,Home & Kitchen,222.07,Across,222.07,U02746,West,High,Pending,620.59
P003968,Electronics,51.42,Military,51.42,U02154,South,Low,Completed,463.49
P003928,Books,117.47,Democrat,117.47,U02006,East,Medium,Refunded,959.16
P001379,Electronics,77.83,Parent,77.83,U01183,West,Medium,Completed,343.45
P006914,Home & Kitchen,73.75,Keep,73.75,U01088,East,High,Completed,931.4
P000989,Beauty,143.96,Many,143.96,U02416,East,Low,Completed,665.17
P005214,Groceries,127.52,Number,127.52,U02476,East,Low,Completed,124.1
P004025,Groceries,45.84,Adult,45.84,U02711,West,Low,Completed,176.7
P002078,Groceries,139.09,Case,139.09,U00360,North,Low,Completed,618.92
P000269,Electronics,31.61,Your,31.61,U01951,West,Medium,Completed,1234.94
P005829,Home & Kitchen,158.06,Weight,158.06,U02277,West,Medium,Completed,990.3
P007185,Sports,170.43,Stuff,170.43,U02279,East,High,Completed,1936.17
P001484,Beauty,151.5,Raise,151.5,U02758,North,Low,Cancelled,240.0
P007139,Electronics,28.97,Present,28.97,U00120,South,High,Pending,816.88
P007136,Home & Kitchen,219.83,According,219.83,U01996,East,Low,Completed,954.93
P000189,Books,58.72,Enter,58.72,U02357,North,High,Pending,3056.76
P006415,Electronics,21.05,Way,21.05,,South,High,Refunded,1092.66
P000285,Groceries,73.06,Forget,73.06,U02726,West,High,Completed,687.99
P007281,Sports,89.48,Employee,89.48,U01896,West,Low,Pending,698.21
P004440,Groceries,35.2,Find,35.2,U00091,North,High,Completed,677.21
P003606,Groceries,42.38,Store,42.38,U00726,South,Low,Completed,952.57
P004104,Groceries,23.76,Very,23.76,U02138,South,High,Refunded,765.17
P000760,Books,40.21,Fund,40.21,U02347,West,High,Completed,584.78
P002062,Books,54.44,House,54.44,U01320,North,High,Completed,1409.19
P003949,Groceries,99.48,Girl,99.48,U01224,South,Low,Completed,926.0
P007267,Clothing,111.9,Receive,111.9,U01449,West,Medium,Completed,581.52
P006360,Books,34.2,Age,34.2,U02438,East,Medium,Completed,963.22
P002158,Books,68.67,Property,68.67,U02181,North,Medium,Completed,700.11
P007973,Home & Kitchen,111.8,Four,111.8,U00078,South,Medium,Completed,2222.64
P005193,Beauty,69.91,Prevent,69.91,U01168,North,Low,Completed,766.7
P000055,Clothing,109.48,Her,109.48,U01643,North,Low,Completed,446.91
P006841,Sports,51.37,Or,51.37,U00460,East,Medium,Completed,741.24
P006883,Electronics,69.46,Some,69.46,U01380,North,Medium,Completed,571.39
P006042,Sports,111.22,Smile,111.22,U00737,North,High,Pending,1436.57
P007384,Sports,117.31,Simply,117.31,U00037,North,High,Completed,1274.69
P005148,Home & Kitchen,156.47,Reality,156.47,U01266,East,Medium,Completed,641.85
P006938,Groceries,128.99,Someone,128.99,U00932,South,Low,Completed,387.05
P002279,Home & Kitchen,56.33,Three,56.33,U00574,East,Medium,Completed,955.42
P006751,Beauty,13.27,Perform,13.27,U00865,West,Low,Completed,244.65
P002555,Sports,108.46,Your,108.46,U02858,North,High,Completed,478.03
P006560,Groceries,125.39,Case,125.39,U02658,East,Medium,Completed,551.79
P003125,Home & Kitchen,84.24,Collection,84.24,U02352,West,Medium,Completed,493.02
P006637,Books,28.03,Bar,28.03,U01531,North,Low,Completed,1737.19
P007224,Books,42.67,Entire,42.67,U01738,East,High,Completed,1518.13
P005744,Sports,30.18,Class,30.18,U01220,West,Medium,Completed,794.01
P004978,Home & Kitchen,54.3,Visit,54.3,U00897,East,Medium,Pending,1746.7
P001780,Electronics,50.36,White,50.36,U00196,North,Medium,Completed,528.37
P001611,Groceries,113.61,Serious,113.61,,West,High,Pending,679.73
P002012,Books,39.12,Fund,39.12,U01914,East,Low,Pending,1754.07
P000376,Sports,26.68,Total,26.68,U01632,West,Medium,Completed,1161.3
P004040,Groceries,54.9,Country,54.9,U00534,South,Low,Completed,1010.55
P001583,Beauty,31.2,Whether,31.2,U02215,North,Low,Refunded,1340.88
P002245,Beauty,58.54,Industry,58.54,U02306,West,Low,Completed,1151.42
P005898,Beauty,75.54,Black,75.54,U01958,West,Low,Completed,471.74
P007186,Home & Kitchen,29.82,Trial,29.82,U00012,North,Medium,Completed,600.8
P005433,Home & Kitchen,126.68,Question,126.68,U00050,South,Medium,Completed,750.71
P006128,Groceries,64.98,Every,64.98,U02360,North,Medium,Refunded,858.03
P001663,Beauty,145.64,President,145.64,U00598,North,Medium,Refunded,2575.47
P005906,Electronics,71.54,Trip,71.54,U00849,South,Medium,Completed,266.94
P004161,Books,28.26,This,28.26,U02345,East,Low,Completed,1008.57
P005307,Beauty,65.84,Evidence,65.84,U02885,North,Low,Completed,563.63
P005190,Books,129.24,Still,129.24,U01817,North,Low,Completed,691.92
P003672,Groceries,63.02,Worry,63.02,U00577,East,Medium,Completed,878.25
P003168,Books,42.93,Center,42.93,U01620,North,High,Pending,1130.81
P006473,Clothing,29.61,Everything,29.61,U02424,North,Low,Refunded,306.58
P000848,Home & Kitchen,41.33,Teacher,41.33,U01653,West,Medium,Completed,2099.31
P006524,Books,21.84,Such,21.84,U01363,South,Medium,Cancelled,1301.46
P003340,Electronics,133.38,Room,133.38,U01588,North,High,Refunded,768.16
P000846,Clothing,83.93,Level,83.93,U00691,South,Medium,Pending,1575.92
P005583,Groceries,58.89,Range,58.89,U02024,North,High,Completed,1467.94
P004779,Sports,203.0,Help,203.0,U01944,South,High,Completed,661.01
P004649,Clothing,69.89,Test,69.89,U00176,West,Medium,Completed,657.1
P004235,Electronics,43.47,Still,43.47,U02081,West,High,Completed,425.6
P005558,Home & Kitchen,111.48,Change,111.48,U01095,South,Low,Completed,891.01
P006502,Clothing,26.09,Help,26.09,U01756,West,Medium,Pending,973.13
P000484,Books,51.61,Low,51.61,U00968,North,High,Completed,1256.19
P000236,Beauty,174.14,Nice,174.14,U02810,North,High,Pending,601.19
P006310,Home & Kitchen,58.2,Above,58.2,U02759,South,High,Pending,1594.74
P005908,Clothing,66.41,Up,66.41,U01961,East,Low,Completed,508.27
P003624,Books,45.82,Not,45.82,U02025,West,Medium,Completed,3701.11
P003705,Groceries,36.42,Happen,36.42,,South,Low,Pending,822.58
P003453,Sports,145.12,Several,145.12,U02131,South,Low,Pending,1231.38
P006101,Books,12.42,Thank,12.42,U01097,South,Medium,Completed,1668.9
P005868,Clothing,132.26,Audience,132.26,U00109,East,Low,Completed,1317.47
P006491,Clothing,129.2,Today,129.2,U01006,East,Low,Completed,920.24
P007131,Electronics,21.07,Adult,21.07,U01494,West,Medium,Completed,772.3
P002433,Sports,75.12,Open,75.12,U00993,South,High,Completed,1086.39
P001125,Clothing,44.03,Garden,44.03,U00230,East,Medium,Completed,345.84
P002639,Books,172.35,Manager,172.35,U01454,West,Medium,Completed,1077.17
P004791,Sports,53.31,Future,53.31,U02358,East,Medium,Completed,960.46
P005041,Groceries,45.22,Responsibility,45.22,U02855,South,Low,Completed,1461.65
P001357,Sports,107.96,Interesting,107.96,U00363,South,Medium,Completed,392.63
P002224,Groceries,75.83,Especially,75.83,U01330,North,High,Cancelled,669.36
P005727,Groceries,35.44,Once,35.44,U00830,West,Medium,Cancelled,1945.77
P007209,Clothing,43.68,Well,43.68,U00977,West,High,Pending,1159.98
P002484,Electronics,63.96,Affect,63.96,U01030,South,Medium,Cancelled,355.16
P000823,Beauty,149.19,Discuss,149.19,U01252,East,Medium,Cancelled,369.25
P000557,Clothing,118.7,Case,118.7,U00866,West,Medium,Completed,1004.19
P001283,Sports,47.52,Pressure,47.52,U02253,East,Low,Completed,509.47
P003723,Books,109.44,Language,109.44,U02186,North,High,Completed,2146.1
P004471,Sports,141.66,Agency,141.66,U02571,North,Medium,Refunded,943.0
P000824,Beauty,47.91,Control,47.91,U01429,West,Medium,Completed,383.86
P007678,Electronics,106.62,Country,106.62,U00889,West,High,Refunded,347.37
P002851,Clothing,61.15,Allow,61.15,U01134,North,High,Completed,883.38
P005819,Clothing,44.8,Trial,44.8,U01422,North,Medium,Completed,931.82
P004179,Clothing,66.23,On,66.23,U01151,North,Low,Completed,564.81
P003262,Sports,24.32,Rise,24.32,U01216,West,High,Completed,1076.23
P005182,Clothing,37.1,Before,37.1,U00752,East,Low,Pending,640.96
P004534,Sports,291.72,News,291.72,U01902,West,Medium,Completed,768.3
P006697,Electronics,63.74,Doctor,63.74,,North,Medium,Completed,1020.74
P004640,Home & Kitchen,34.95,Budget,34.95,U01943,East,Low,Completed,1055.83
P007850,Home & Kitchen,46.48,Training,46.48,U01445,East,Low,Refunded,1129.86
P007065,Clothing,118.86,Fine,118.86,U00082,East,Medium,Pending,536.66
P005205,Home & Kitchen,114.33,Soon,114.33,U00370,West,Medium,Completed,280.1
P005665,Home & Kitchen,72.46,Job,72.46,U01077,North,Medium,Completed,1358.39
P001845,Beauty,124.61,Than,124.61,U02751,West,High,Completed,527.77
P005492,Groceries,101.59,Throughout,101.59,U02350,West,Medium,Completed,1731.34
P001252,Electronics,153.06,Professional,153.06,U00468,West,High,Completed,1563.82
P000211,Home & Kitchen,32.83,Seven,32.83,U01866,East,Low,Refunded,1471.71
P001532,Clothing,62.83,Tree,62.83,U01464,South,Low,Completed,753.06
P001616,Beauty,13.75,Number,13.75,U01230,West,Medium,Completed,1822.42
P003776,Groceries,123.68,East,123.68,U02405,East,High,Completed,1617.59
P004252,Electronics,19.42,Condition,19.42,U01505,South,Medium,Completed,1282.55
P000140,Electronics,106.09,Our,106.09,U02371,North,Medium,Completed,980.25
P004283,Books,86.66,Central,86.66,U02117,South,Low,Completed,865.13
P004065,Clothing,72.66,Return,72.66,U01361,North,Low,Pending,264.48
P002417,Beauty,88.04,Whose,88.04,U01701,East,Medium,Completed,1426.96
P002499,Clothing,66.53,Three,66.53,U02544,East,Low,Pending,827.85
P002326,Books,43.89,Production,43.89,U01951,North,Medium,Completed,1257.74
P003371,Home & Kitchen,138.19,Require,138.19,U01424,East,Low,Pending,623.43
P007377,Books,115.49,Collection,115.49,U01801,North,Low,Pending,1062.25
P001054,Home & Kitchen,83.23,Fish,83.23,U02596,South,High,Completed,294.34
P003655,Sports,75.88,Several,75.88,U01686,East,Medium,Completed,620.92
P002620,Sports,51.73,Word,51.73,,West,High,Pending,1029.02
P006821,Electronics,50.33,Probably,50.33,U01764,North,High,Completed,1163.87
P007475,Books,68.92,Talk,68.92,,South,High,Completed,706.57
P004232,Electronics,28.91,Better,28.91,U00480,North,Low,Completed,257.6
P004968,Books,47.69,Education,47.69,U01629,North,Low,Completed,715.31
P005835,Books,227.5,Wear,227.5,U02542,West,Medium,Refunded,376.2
P002015,Beauty,5.89,Attorney,5.89,U01971,North,Medium,Completed,523.44
P004811,Sports,21.9,Think,21.9,U02060,East,Medium,Cancelled,178.74
P005253,Books,93.57,Become,93.57,U02077,West,Medium,Completed,2783.31
P005855,Books,79.21,Learn,79.21,U00517,East,Low,Pending,611.62
P006106,Home & Kitchen,23.04,Account,23.04,U01495,West,Low,Cancelled,1154.25
P006112,Groceries,33.13,Option,33.13,U02953,North,High,Completed,414.18
P007588,Clothing,89.74,Their,89.74,U00475,East,Low,Refunded,804.88
P000594,Sports,112.8,Develop,112.8,U01963,West,High,Completed,1155.91
P002883,Clothing,102.55,Former,102.55,U00718,West,High,Cancelled,857.12
P006772,Sports,174.4,Particular,174.4,U00630,North,Low,Completed,386.82
P006573,Electronics,22.92,Actually,22.92,U02123,South,Medium,Refunded,968.85
P000880,Home & Kitchen,120.31,Easy,120.31,U01640,West,Medium,Pending,400.32
P003636,Books,73.65,Middle,73.65,U01229,West,Low,Completed,877.37
P001033,Clothing,37.39,Particular,37.39,U01830,South,Low,Completed,1294.76
P006865,Sports,27.39,Argue,27.39,U00856,West,Medium,Completed,1769.27
P000345,Home & Kitchen,41.91,Treat,41.91,U01493,South,Medium,Completed,666.3
P000842,Electronics,97.66,Physical,97.66,U00618,South,Low,Completed,113.07
P007072,Groceries,223.28,Yourself,223.28,U01823,West,High,Completed,413.53
P002474,Groceries,103.2,Single,103.2,U02568,West,High,Completed,1866.83
P005181,Beauty,135.15,Generation,135.15,U02399,West,Low,Completed,662.85
P004148,Groceries,72.43,Sister,72.43,,West,High,Completed,556.79
P003253,Electronics,189.82,Report,189.82,U00761,North,High,Refunded,1365.36
P001864,Clothing,49.07,Central,49.07,U01371,North,High,Pending,1607.42
P006093,Books,110.08,Happy,110.08,,East,Low,Completed,325.58
P004021,Books,38.02,Night,38.02,U00572,North,Low,Completed,603.62
P003394,Home & Kitchen,12.79,Defense,12.79,,North,High,Completed,614.66
P005070,Beauty,106.3,Science,106.3,U00942,West,High,Pending,442.33
P003720,Clothing,79.65,Report,79.65,U00083,South,Medium,Completed,264.95
P007877,Beauty,19.39,Report,19.39,U01692,East,Medium,Pending,548.61
P003179,Electronics,147.04,Over,147.04,U02716,South,Low,Pending,908.3
P003789,Books,54.75,Five,54.75,U02038,East,High,Completed,687.74
P004615,Clothing,59.27,Life,59.27,U01014,West,Low,Completed,688.19
P006935,Home & Kitchen,21.25,Security,21.25,U00214,North,Medium,Completed,1784.9
P004976,Clothing,9.59,Avoid,9.59,U02993,East,Medium,Completed,698.84
P005747,Groceries,59.01,About,59.01,U01411,West,Low,Cancelled,1187.42
P006361,Sports,65.71,Perform,65.71,U01547,South,Low,Completed,138.3
P006441,Sports,60.96,Model,60.96,U02450,East,Medium,Completed,1200.34
P003448,Groceries,124.99,Reach,124.99,U00981,South,Medium,Refunded,1087.12
P005049,Groceries,41.56,Edge,41.56,U00439,West,High,Pending,817.46
P007980,Groceries,12.39,Partner,12.39,U01390,South,Medium,Completed,342.0
P003208,Home & Kitchen,82.99,Decide,82.99,U01231,West,Low,Completed,1438.13
P003099,Clothing,36.4,Inside,36.4,U00596,North,Medium,Completed,1214.95
P001810,Sports,48.39,Believe,48.39,U02363,North,High,Completed,393.89
P004039,Groceries,87.04,Where,87.04,U02252,East,High,Completed,475.75
P002910,Clothing,162.85,Central,162.85,,South,High,Cancelled,1199.26
P003356,Electronics,101.86,Road,101.86,U02969,South,Medium,Cancelled,2292.26
P001190,Home & Kitchen,32.95,Situation,32.95,U02341,North,High,Completed,1231.52
P002235,Beauty,73.85,No,73.85,U00722,South,High,Completed,3139.2
P005150,Groceries,79.25,Door,79.25,U02626,North,High,Completed,1231.33
P004170,Beauty,48.6,General,48.6,U01514,East,Medium,Cancelled,1128.81
P006490,Clothing,24.9,Beyond,24.9,U02937,North,Low,Completed,860.23
P005094,Sports,80.02,Government,80.02,U01064,South,Low,Completed,174.39
P005353,Beauty,46.85,Assume,46.85,U02670,East,Low,Completed,943.54
P001359,Beauty,28.08,Expert,28.08,U02375,East,High,Completed,571.45
P001490,Home & Kitchen,117.62,Film,117.62,U02641,North,Medium,Completed,1167.16
P003639,Groceries,22.62,Mrs,22.62,U01368,East,Low,Completed,1371.61
P001565,Home & Kitchen,16.09,Record,16.09,U02460,East,High,Refunded,1825.49
P006840,Books,17.57,He,17.57,U02000,South,Low,Pending,694.68
P003859,Electronics,117.63,Shake,117.63,U02016,West,Medium,Cancelled,1859.7
P007849,Electronics,25.81,Peace,25.81,U02460,South,Low,Completed,705.37
P007975,Sports,61.85,Across,61.85,U00794,North,Medium,Refunded,593.92
P003531,Groceries,104.57,Relationship,104.57,U01508,North,High,Completed,533.79
P004385,Groceries,26.42,Here,26.42,U00219,North,High,Completed,632.24
P007283,Beauty,170.33,Do,170.33,U01101,West,Low,Refunded,978.59
P005117,Clothing,88.42,Spring,88.42,,East,Low,Completed,2988.04
P002519,Groceries,239.07,Commercial,239.07,U01873,North,High,Completed,263.17
P006124,Home & Kitchen,61.21,Push,61.21,U02444,East,High,Completed,372.15
P000126,Books,142.62,Special,142.62,U02237,South,Medium,Completed,215.22
P000365,Sports,14.7,Knowledge,14.7,U01446,South,High,Completed,1101.3
P000118,Clothing,65.93,Wish,65.93,U01125,West,Low,Completed,1641.5
P007352,Clothing,76.09,Sport,76.09,U00107,South,High,Completed,1384.27
P005082,Groceries,43.33,Hot,43.33,,South,Low,Cancelled,804.44
P004973,Clothing,33.36,Money,33.36,U02326,West,Low,Completed,1426.71
P005199,Electronics,46.31,Spring,46.31,U02167,South,Medium,Completed,2428.03
P000630,Beauty,71.04,Talk,71.04,U02225,East,High,Pending,1363.16
P005622,Home & Kitchen,24.33,Purpose,24.33,U02073,South,Low,Completed,430.14
P006448,Books,49.5,Easy,49.5,U02045,East,High,Completed,1313.67
P007873,Groceries,34.28,Energy,34.28,U00062,East,High,Completed,1364.95
P002576,Beauty,172.43,Medical,172.43,U01463,South,Medium,Completed,704.16
P007982,Electronics,20.81,Gas,20.81,U02497,South,Medium,Completed,441.12
P005156,Clothing,18.57,Front,18.57,U02873,North,High,Completed,1705.6
P007642,Sports,98.55,Participant,98.55,U01427,North,Medium,Completed,820.66
P004685,Beauty,85.27,Traditional,85.27,U01787,South,Low,Completed,521.87
P001686,Beauty,76.29,Back,76.29,U01164,South,Low,Pending,934.84
P006644,Sports,46.19,Tough,46.19,U00043,South,High,Completed,1626.98
P002013,Clothing,233.55,Political,233.55,U01737,South,High,Completed,788.35
P001989,Groceries,97.72,Step,97.72,,North,Medium,Completed,755.83
P005402,Groceries,65.17,Result,65.17,,East,Medium,Completed,816.84
P001519,Sports,49.73,Store,49.73,U01540,North,Low,Completed,1527.11
P005919,Clothing,48.63,Always,48.63,U01142,East,High,Completed,1741.9
P006851,Groceries,60.78,Wall,60.78,U01766,North,Medium,Completed,946.63
P007598,Electronics,123.27,Hospital,123.27,U00281,South,Medium,Pending,497.54
P001513,Electronics,44.19,Spring,44.19,U01166,East,Medium,Completed,674.16
P006791,Groceries,13.85,Sound,13.85,,North,High,Cancelled,1092.11
P003178,Groceries,81.8,Approach,81.8,U01795,South,Medium,Completed,523.56
P006878,Clothing,45.09,Assume,45.09,U01024,North,Low,Completed,489.44
P004583,Clothing,29.72,Quite,29.72,U02331,East,Medium,Pending,1746.0
P005246,Electronics,75.83,Nature,75.83,U00934,South,Medium,Completed,1000.09
P005674,Electronics,201.96,Measure,201.96,U01068,West,High,Completed,266.35
P000976,Electronics,196.15,Look,196.15,U00793,East,Medium,Completed,546.36
P007181,Home & Kitchen,33.85,Fire,33.85,U02387,South,Low,Cancelled,1509.78
P003750,Electronics,117.54,Design,117.54,U01500,East,Low,Pending,526.81
P004481,Clothing,42.12,Either,42.12,U01734,West,Low,Completed,393.04
P004258,Electronics,96.29,Fish,96.29,U01520,West,Low,Completed,673.63
P007395,Clothing,65.29,Everything,65.29,U00964,West,Medium,Completed,780.5
P006634,Beauty,147.56,Interesting,147.56,U01993,North,Low,Completed,922.93
P003059,Sports,32.46,Speak,32.46,U02499,West,Low,Completed,1214.38
P001736,Electronics,100.57,Suffer,100.57,U01098,West,Medium,Completed,636.56
P000478,Books,42.44,Four,42.44,U01381,East,High,Completed,1105.1
P001798,Clothing,137.56,Chance,137.56,U00583,West,Low,Refunded,1594.73
P001006,Home & Kitchen,33.72,Again,33.72,,South,High,Pending,258.86
P005494,Clothing,20.37,Important,20.37,U02405,West,High,Completed,2765.52
P006586,Clothing,49.76,Ground,49.76,U02188,South,Medium,Pending,461.09
P000632,Home & Kitchen,158.01,Example,158.01,U00420,South,Medium,Cancelled,379.56
P006122,Electronics,41.6,Great,41.6,U02695,South,High,Completed,653.69
P007063,Sports,176.2,Message,176.2,U02205,South,Medium,Completed,358.95
P002641,Books,53.88,Power,53.88,U00752,North,Low,Cancelled,630.66
P004736,Groceries,94.78,End,94.78,U01587,East,Low,Completed,832.66
P001521,Sports,78.84,Example,78.84,U00561,South,Low,Pending,1051.11
P007437,Clothing,189.86,Enter,189.86,U00347,West,High,Completed,254.23
P001399,Electronics,91.49,Least,91.49,U01809,East,Low,Completed,338.39
P006868,Beauty,48.2,Decision,48.2,U01156,South,High,Completed,466.11
P007660,Clothing,28.85,Environment,28.85,U01321,South,Medium,Completed,267.16
P004590,Clothing,62.37,Challenge,62.37,U01837,East,High,Cancelled,941.56
P006559,Books,96.33,Wait,96.33,U01999,East,Low,Completed,558.67
P005834,Beauty,16.97,Own,16.97,U00473,South,Low,Completed,939.08
P004215,Clothing,53.37,Sort,53.37,U02192,East,High,Completed,267.92
P002329,Electronics,81.86,Somebody,81.86,,West,Medium,Completed,448.91
P007052,Books,98.19,Fear,98.19,U01703,North,High,Completed,630.88
P004723,Beauty,96.1,Artist,96.1,U01616,North,Medium,Refunded,2041.6
P005187,Clothing,189.3,Deep,189.3,U00666,South,Medium,Completed,1082.35
P002938,Sports,85.15,Pull,85.15,U01928,West,Low,Completed,1213.76
P007141,Beauty,216.97,Something,216.97,U00583,West,High,Completed,1053.65
P002463,Home & Kitchen,57.34,Operation,57.34,U01014,West,Low,Completed,634.82
P006371,Beauty,85.69,Under,85.69,,West,High,Completed,520.25
P005572,Beauty,24.6,Blood,24.6,U00096,West,Low,Completed,581.04
P004867,Electronics,74.98,Act,74.98,U01430,South,High,Pending,561.02
P006949,Clothing,155.36,Cost,155.36,U02295,East,High,Completed,1082.58
P007542,Home & Kitchen,61.78,Everything,61.78,U01209,South,High,Completed,1367.03
P005248,Home & Kitchen,87.49,School,87.49,U02641,West,High,Completed,1667.79
P002997,Groceries,23.68,Whether,23.68,U01958,East,High,Completed,437.45
P002918,Books,67.56,Begin,67.56,U00135,West,High,Completed,1325.23
P003324,Beauty,112.84,However,112.84,U00367,South,Medium,Completed,894.78
P002621,Beauty,158.64,Bit,158.64,U02162,North,High,Completed,1248.04
P001998,Books,85.14,Ask,85.14,U00953,North,Low,Completed,1247.78
P004302,Clothing,81.88,Century,81.88,U01441,West,Low,Completed,752.88
P005097,Clothing,215.0,Expert,215.0,U01975,North,Low,Pending,1353.69
P003118,Beauty,64.05,If,64.05,U02081,West,Low,Pending,443.81
P006817,Beauty,29.37,Project,29.37,U00281,West,Low,Completed,732.59
P001807,Books,55.63,Summer,55.63,U01137,North,Low,Completed,787.24
P004496,Books,38.1,Push,38.1,U02586,South,Low,Pending,1270.25
P001990,Electronics,79.14,When,79.14,U01595,South,Medium,Completed,842.33
P001576,Clothing,20.45,True,20.45,U01863,North,Low,Completed,324.67
P002600,Groceries,35.37,Whether,35.37,U01084,South,Medium,Completed,865.22
P003951,Groceries,44.75,Hundred,44.75,U02218,East,High,Completed,646.79
P001199,Beauty,11.8,Factor,11.8,U00957,South,High,Completed,656.31
P002369,Home & Kitchen,221.69,Treat,221.69,U00947,North,High,Pending,501.99
P003597,Clothing,75.14,Red,75.14,U01841,East,Medium,Cancelled,2042.98
P000470,Books,70.49,Edge,70.49,U00243,North,High,Completed,1329.08
P007313,Sports,12.66,Challenge,12.66,U02044,North,Medium,Completed,437.53
P007875,Sports,109.46,Better,109.46,U00558,East,Medium,Completed,2437.59
P004957,Sports,78.62,Policy,78.62,U00376,South,Low,Completed,1602.48
P000867,Sports,54.83,Public,54.83,U00819,East,High,Refunded,188.68
P006688,Groceries,109.23,Sense,109.23,U01919,North,High,Completed,1129.99
P000080,Books,31.53,Available,31.53,U00611,North,Medium,Completed,1998.53
P000534,Beauty,66.28,Series,66.28,U01312,South,Medium,Completed,1063.17
P001110,Beauty,110.01,Before,110.01,U01764,East,High,Completed,405.65
P006602,Clothing,112.51,Image,112.51,U00681,North,Medium,Completed,921.78
P002339,Sports,56.39,Prove,56.39,,East,High,Refunded,791.72
P007411,Sports,82.63,Among,82.63,U00682,West,High,Pending,626.86
P004467,Clothing,148.58,Another,148.58,U01982,South,High,Completed,866.9
P004362,Home & Kitchen,71.33,Entire,71.33,U00901,South,High,Cancelled,599.03
P005709,Groceries,160.81,Meeting,160.81,U02497,West,Medium,Pending,637.49
P005598,Beauty,28.3,Continue,28.3,U01789,East,High,Cancelled,804.81
P000165,Groceries,56.21,Inside,56.21,U00932,East,Low,Completed,168.39
P004015,Books,97.69,While,97.69,U02095,South,Low,Completed,992.09
P007239,Sports,200.14,Often,200.14,U00195,East,Medium,Pending,2594.42
P004570,Sports,61.09,Important,61.09,U02896,West,Low,Completed,2415.24
P000876,Groceries,77.48,Less,77.48,U01745,North,Low,Cancelled,536.82
P006342,Beauty,104.14,Week,104.14,U02917,East,Low,Pending,767.55
P000186,Books,24.66,Pick,24.66,U01246,West,Medium,Completed,682.3
P002166,Sports,32.19,Long,32.19,U01613,South,Medium,Cancelled,447.6
P002470,Sports,58.13,Religious,58.13,U02983,North,Low,Refunded,1488.71
P001476,Groceries,16.03,Better,16.03,U01907,North,Medium,Completed,948.11
P006401,Clothing,92.42,Act,92.42,U00638,North,Medium,Completed,1082.96
P000136,Clothing,41.67,Attorney,41.67,U00084,South,Low,Completed,924.0
P002420,Home & Kitchen,120.59,Issue,120.59,U02021,North,Medium,Refunded,470.48
P003937,Groceries,44.45,Child,44.45,U01343,South,Low,Completed,1306.75
P007448,Sports,60.12,Structure,60.12,U01163,East,Medium,Completed,743.5
P007022,Home & Kitchen,89.14,May,89.14,U00941,West,Medium,Pending,1530.74
P005951,Electronics,96.77,Million,96.77,U00466,South,Low,Completed,1128.64
P004423,Electronics,61.38,Rise,61.38,,North,High,Pending,411.2
P003656,Beauty,75.74,Age,75.74,U00511,West,Medium,Completed,515.88
P007011,Books,49.79,Use,49.79,U00350,North,Low,Completed,2885.92
P004415,Electronics,162.47,Billion,162.47,U01807,West,Medium,Refunded,730.81
P007774,Groceries,62.6,Edge,62.6,U01263,North,Medium,Completed,373.52
P002892,Books,159.05,National,159.05,U02188,North,Medium,Completed,880.3
P002098,Beauty,18.96,Field,18.96,U02378,North,High,Completed,385.06
P007512,Groceries,97.25,Public,97.25,U00140,South,High,Completed,1014.64
P003870,Clothing,112.59,Baby,112.59,,North,High,Completed,418.56
P002575,Groceries,46.18,Put,46.18,U02227,South,Medium,Completed,1351.91
P002501,Beauty,35.26,Blood,35.26,U02122,West,Low,Completed,1143.79
P007365,Sports,159.87,Action,159.87,U00378,North,High,Pending,1437.71
P002731,Electronics,25.51,He,25.51,,West,High,Completed,1497.45
P004559,Sports,29.56,Center,29.56,U02632,East,Low,Completed,461.53
P001229,Beauty,182.67,Military,182.67,U02609,East,Low,Pending,1568.21
P004646,Groceries,58.95,Than,58.95,U01294,West,Low,Completed,1761.53
P005468,Clothing,182.4,Article,182.4,U00718,East,Medium,Completed,1591.16
P005589,Books,44.11,Visit,44.11,U02736,North,High,Cancelled,880.06
P000648,Beauty,46.79,Focus,46.79,U00868,West,Medium,Completed,371.03
P007434,Books,170.1,Thing,170.1,U02361,East,High,Completed,377.31
P003106,Sports,115.34,From,115.34,U02372,South,Low,Refunded,1282.26
P005930,Clothing,124.09,Individual,124.09,U01199,West,Medium,Completed,795.32
P004956,Groceries,33.19,National,33.19,U02638,North,Low,Completed,734.35
P002296,Groceries,37.49,Ball,37.49,U00035,East,Medium,Refunded,581.68
P003039,Sports,85.13,Probably,85.13,U00340,South,Medium,Pending,232.79
P007864,Groceries,65.29,Four,65.29,U00347,South,Medium,Completed,2987.08
P000692,Clothing,236.57,Image,236.57,,North,High,Completed,477.97
P001464,Sports,130.6,Air,130.6,U00138,West,High,Completed,269.2
P007755,Electronics,130.43,To,130.43,U02784,West,Medium,Completed,967.44
P005678,Home & Kitchen,49.85,Rather,49.85,U00389,South,Low,Completed,811.37
P002029,Home & Kitchen,95.28,Mouth,95.28,U01737,South,Low,Completed,598.78
P004313,Groceries,88.02,From,88.02,,East,Medium,Completed,1288.0
P007952,Home & Kitchen,169.81,Career,169.81,U02670,West,Medium,Completed,1035.08
P001277,Home & Kitchen,75.23,Finish,75.23,U02129,West,Medium,Pending,1820.18
P000544,Electronics,109.19,Western,109.19,U00896,West,Medium,Completed,633.41
P002759,Home & Kitchen,126.01,Analysis,126.01,U00712,West,High,Cancelled,1316.25
P006142,Clothing,89.27,Tough,89.27,U00356,East,Medium,Completed,614.47
P005585,Sports,83.29,Contain,83.29,U00861,East,High,Completed,949.43
P005779,Books,52.51,Crime,52.51,U00018,South,High,Completed,482.71
P004067,Beauty,16.16,Thus,16.16,U01641,South,Low,Completed,638.25
P002487,Groceries,16.76,Couple,16.76,U00897,North,Medium,Refunded,489.29
P007373,Books,13.1,Sometimes,13.1,U01882,South,Low,Completed,930.48
P001986,Home & Kitchen,54.8,Possible,54.8,U02100,North,Medium,Completed,830.72
P005365,Books,131.87,Quite,131.87,U02190,West,Low,Pending,1412.62
P002909,Groceries,274.93,Can,274.93,U01492,West,Medium,Completed,281.78
P002999,Home & Kitchen,37.09,Around,37.09,U00410,East,Medium,Refunded,451.09
P002375,Clothing,83.61,If,83.61,U01859,East,Low,Completed,725.6
P000227,Sports,82.98,Politics,82.98,U01567,South,Medium,Cancelled,376.61
P007639,Beauty,86.57,Six,86.57,,North,Medium,Pending,1055.74
P000554,Home & Kitchen,126.85,About,126.85,U02264,West,Low,Completed,1412.98
P004158,Clothing,249.4,Billion,249.4,U01683,South,Low,Completed,1156.38
P002933,Sports,84.05,Coach,84.05,,West,High,Completed,2336.41
P005539,Sports,24.53,Whose,24.53,U02191,South,Low,Refunded,972.26
P006179,Beauty,85.53,Remain,85.53,U00728,North,Low,Pending,2124.5
P001733,Books,55.98,Successful,55.98,U02371,East,Low,Completed,729.89
P002060,Clothing,23.47,Reduce,23.47,U01510,West,High,Completed,348.12
P002021,Home & Kitchen,83.91,Official,83.91,U00295,East,Low,Completed,182.6
P004004,Beauty,56.23,Act,56.23,U02810,West,High,Completed,1712.97
P006300,Beauty,35.09,Hour,35.09,U00290,North,High,Completed,1412.52
P003869,Sports,36.05,Tv,36.05,U02349,East,Medium,Completed,485.72
P007584,Home & Kitchen,108.68,Case,108.68,U02548,East,Medium,Completed,935.52
P007456,Electronics,75.58,Less,75.58,U02702,South,Low,Cancelled,676.52
P001840,Groceries,36.59,Poor,36.59,U01400,South,Medium,Refunded,513.09
P005086,Groceries,146.44,Tv,146.44,U01518,South,Medium,Completed,595.1
P007619,Groceries,28.33,Parent,28.33,U00301,West,Medium,Completed,753.67
P002108,Beauty,115.05,Meet,115.05,U02834,North,Medium,Cancelled,371.77
P003942,Beauty,34.1,Pattern,34.1,U00357,North,Medium,Completed,1516.44
P003934,Beauty,39.73,Treat,39.73,U02887,East,High,Completed,1850.73
P000662,Groceries,47.65,Spring,47.65,U00562,West,Low,Completed,224.99
P001636,Sports,35.35,Compare,35.35,U00143,North,High,Cancelled,1192.13
P000349,Sports,64.36,Ready,64.36,U02161,West,Low,Pending,555.86
P005671,Clothing,170.0,How,170.0,U00957,North,Medium,Cancelled,1648.47
P000298,Electronics,17.29,Ground,17.29,U01115,West,High,Completed,585.65
P006311,Groceries,83.43,Produce,83.43,U01680,South,Low,Pending,742.48
P005977,Clothing,46.99,Sit,46.99,U02235,East,Low,Completed,973.87
P007481,Clothing,30.24,Measure,30.24,U01997,North,High,Completed,1281.31
P002584,Electronics,20.32,Name,20.32,U01108,East,High,Completed,653.77
P003619,Clothing,46.01,Officer,46.01,U02139,South,Medium,Refunded,596.08
P004301,Books,49.75,Phone,49.75,U00290,North,Medium,Completed,821.99
P005830,Books,155.64,Too,155.64,U00528,North,Low,Completed,988.24
P005003,Sports,32.18,Among,32.18,U00733,North,High,Completed,1967.75
P005010,Books,27.38,Production,27.38,U02163,West,Low,Pending,1311.65
P003678,Clothing,25.8,Few,25.8,U02260,South,Low,Completed,830.72
P002403,Clothing,35.95,Mother,35.95,,West,Low,Completed,351.76
P006331,Electronics,72.7,Lose,72.7,U01069,West,Low,Completed,793.67
P006922,Home & Kitchen,50.18,Enter,50.18,U00989,North,High,Pending,970.19
P007927,Electronics,101.86,Tough,101.86,U01056,West,High,Completed,506.52
P007659,Groceries,28.18,Pay,28.18,U02037,South,Low,Completed,1044.02
P001034,Home & Kitchen,65.56,Agree,65.56,U01387,North,Low,Completed,632.99
P006155,Clothing,51.02,Find,51.02,,South,Medium,Completed,1100.86
P004688,Electronics,150.56,Project,150.56,U02072,East,High,Completed,900.53
P005401,Home & Kitchen,63.74,Idea,63.74,U02778,North,Medium,Completed,558.54
P003703,Groceries,123.77,Ready,123.77,U00410,North,High,Completed,883.03
P003818,Clothing,78.58,From,78.58,U00065,West,Medium,Completed,690.13
P005867,Home & Kitchen,34.02,Surface,34.02,U01211,South,High,Completed,504.91
P001234,Sports,28.01,Feel,28.01,U01921,East,Low,Cancelled,1336.0
P007587,Sports,20.52,Notice,20.52,U00502,North,Medium,Completed,1346.34
P006700,Groceries,51.24,Hear,51.24,U01793,West,Medium,Pending,968.77
P006434,Electronics,122.86,Help,122.86,,East,Low,Completed,267.92
P003801,Beauty,191.65,Until,191.65,U01383,South,Medium,Refunded,1415.12
P006572,Groceries,26.96,Former,26.96,U02924,East,High,Completed,535.29
P001586,Books,206.0,Seven,206.0,U01242,South,Medium,Completed,600.17
P005914,Beauty,15.66,Real,15.66,U00903,East,Low,Pending,1455.79
P001947,Electronics,156.95,Case,156.95,U02823,West,Low,Completed,252.68
P006234,Groceries,31.74,Marriage,31.74,U00264,North,Medium,Completed,226.4
P001592,Electronics,53.74,Bad,53.74,U02419,North,Low,Pending,917.39
P004218,Beauty,54.72,Cause,54.72,U02974,East,Low,Completed,700.69
P000657,Books,142.75,Inside,142.75,U00390,North,Low,Completed,1172.69
P005888,Books,48.3,Kind,48.3,U00485,East,Medium,Completed,1251.6
P002200,Sports,75.88,Hair,75.88,U00413,West,Low,Completed,985.98
P007699,Clothing,78.16,Stay,78.16,U00391,North,Medium,Cancelled,871.06
P003185,Electronics,193.63,Back,193.63,U01007,East,High,Completed,907.56
P006204,Beauty,170.61,We,170.61,U00113,East,Low,Completed,370.19
P001897,Beauty,28.93,Bit,28.93,U00028,East,Low,Completed,482.13
P006035,Home & Kitchen,40.44,Ok,40.44,,South,Medium,Completed,1446.99
P003559,Beauty,37.27,By,37.27,U00035,South,High,Completed,375.46
P004227,Sports,23.46,Board,23.46,U01842,South,High,Completed,1917.43
P005582,Home & Kitchen,59.29,Message,59.29,U02107,North,Medium,Completed,1317.94
P001723,Sports,56.13,Appear,56.13,U01478,West,Medium,Completed,1320.85
P006995,Home & Kitchen,45.45,Friend,45.45,U02078,North,Low,Completed,729.77
P000134,Home & Kitchen,66.29,Institution,66.29,U00080,North,Medium,Completed,390.25
P004097,Books,21.03,Wide,21.03,U01063,North,High,Refunded,1554.58
P006616,Electronics,57.8,Manager,57.8,U01070,South,Low,Completed,710.56
P004348,Books,15.26,Theory,15.26,U00514,South,High,Completed,2111.45
P005166,Electronics,24.71,Area,24.71,U02056,South,High,Pending,395.72
P001888,Books,12.98,Alone,12.98,U02779,South,Low,Completed,272.59
P004796,Clothing,62.44,Participant,62.44,U00390,North,High,Completed,662.8
P007307,Sports,53.98,Policy,53.98,U01073,East,High,Cancelled,356.98
P000578,Groceries,134.98,Hope,134.98,U02020,South,Low,Completed,1640.07
P003144,Electronics,29.99,You,29.99,U01968,North,High,Completed,476.57
P000239,Beauty,39.36,Place,39.36,U02953,South,High,Completed,790.6
P005532,Beauty,64.83,Play,64.83,U00827,South,High,Completed,836.83
P002371,Beauty,78.93,Believe,78.93,U02265,South,Medium,Completed,605.05
P006146,Sports,59.09,International,59.09,U02546,North,Medium,Completed,600.53
P007268,Groceries,97.01,Follow,97.01,U00328,North,Low,Completed,260.48
P000957,Beauty,243.81,Agreement,243.81,U01032,North,High,Pending,818.07
P005573,Home & Kitchen,73.63,Great,73.63,U02970,South,Low,Completed,1144.75
P005159,Groceries,46.21,Bank,46.21,U00251,South,Low,Completed,2362.29
P006328,Home & Kitchen,125.29,Answer,125.29,U01761,West,High,Completed,110.12
P001954,Beauty,113.81,Trial,113.81,U02907,West,Low,Completed,497.74
P006000,Home & Kitchen,113.63,Consumer,113.63,U00385,West,Low,Completed,326.8
P003290,Beauty,121.15,Almost,121.15,U02821,South,Medium,Completed,1070.6
P007458,Books,139.09,Drug,139.09,U01935,North,Low,Completed,1455.17
P001879,Books,154.99,Join,154.99,U00107,West,High,Completed,812.87
P006451,Books,43.76,Remain,43.76,,North,Low,Completed,1045.87
P000730,Beauty,112.48,General,112.48,,North,Low,Refunded,1069.16
P005561,Groceries,14.13,Throughout,14.13,U00435,West,Low,Completed,2086.1
P007331,Clothing,15.22,Party,15.22,U00380,East,Medium,Completed,1518.33
P001010,Sports,62.68,Card,62.68,U02309,North,High,Pending,462.55
P000550,Sports,61.99,Land,61.99,U01034,East,Medium,Pending,733.04
P005434,Home & Kitchen,222.56,Usually,222.56,U00572,East,High,Completed,1006.07
P005066,Home & Kitchen,118.99,Call,118.99,U00579,North,Medium,Completed,215.94
P001360,Groceries,166.19,Month,166.19,U02192,North,Medium,Completed,323.68
P005821,Sports,186.25,May,186.25,U02426,South,Low,Pending,301.54
P003109,Books,43.6,Can,43.6,U02642,South,Medium,Completed,491.2
P004207,Clothing,9.47,Herself,9.47,U00136,West,High,Refunded,899.23
P000160,Home & Kitchen,61.72,Skin,61.72,U02268,East,Medium,Refunded,1016.06
P002937,Beauty,35.56,School,35.56,U00747,West,Low,Completed,1786.29
P000610,Books,58.82,Economic,58.82,U02693,West,Medium,Completed,607.99
P005012,Books,36.36,More,36.36,U02070,West,Low,Refunded,1741.83
P000292,Books,82.4,Nation,82.4,U01266,East,Medium,Completed,2100.33
P002975,Electronics,156.85,Back,156.85,U02287,North,High,Completed,967.82
P000746,Sports,19.11,Outside,19.11,U01303,East,High,Completed,1214.79
P005735,Sports,22.29,Finish,22.29,U02493,North,Medium,Completed,969.28
P000776,Books,26.84,Myself,26.84,U02990,East,High,Completed,388.21
P002747,Clothing,101.04,At,101.04,U02596,East,High,Completed,841.46
P007167,Home & Kitchen,119.62,Matter,119.62,U02254,West,High,Completed,2987.57
P007996,Clothing,76.98,Create,76.98,U02353,South,High,Cancelled,1059.7
P004674,Electronics,140.47,Tree,140.47,U02670,South,High,Completed,411.7
P001458,Clothing,47.19,Field,47.19,U02368,South,Low,Completed,307.32
P003236,Clothing,88.38,Thousand,88.38,U02870,East,Medium,Completed,235.2
P000264,Clothing,81.77,Space,81.77,U02442,North,Medium,Cancelled,600.81
P001256,Beauty,60.99,Church,60.99,U00615,South,Low,Completed,1275.55
P004399,Electronics,62.66,Hear,62.66,U02795,North,Medium,Completed,1073.68
P001772,Sports,37.85,Deep,37.85,U02558,West,High,Completed,635.11
P004085,Sports,131.53,Beautiful,131.53,U02019,South,High,Completed,743.41
P002976,Sports,73.96,Car,73.96,U00360,West,High,Completed,548.93
P001200,Beauty,231.38,Shake,231.38,U02984,North,Low,Pending,1468.54
P007461,Electronics,81.2,Question,81.2,U01998,North,Low,Refunded,729.41
P004246,Electronics,198.82,Wear,198.82,U01786,West,High,Completed,1909.97
P004911,Home & Kitchen,91.69,Production,91.69,U01676,North,High,Completed,617.92
P004168,Sports,117.27,Industry,117.27,U01846,East,Medium,Refunded,645.64
P006600,Beauty,115.5,Require,115.5,U02143,West,Medium,Refunded,973.28
P000090,Home & Kitchen,46.72,Blood,46.72,U01345,East,Low,Refunded,797.62
P004214,Groceries,323.19,Here,323.19,U01073,West,Low,Pending,1067.06
P001512,Clothing,204.12,Fact,204.12,U02933,West,Medium,Completed,368.72
P002370,Sports,61.43,Top,61.43,U00485,West,High,Cancelled,2306.77
P007119,Groceries,81.58,Paper,81.58,U02434,North,Low,Completed,944.37
P007550,Clothing,57.9,Performance,57.9,U02798,South,Medium,Pending,2492.99
P000460,Books,75.23,Past,75.23,U02225,West,Medium,Pending,1337.97
P002218,Books,56.18,Fish,56.18,,East,Medium,Cancelled,2359.96
P004325,Books,8.65,Technology,8.65,,South,Medium,Cancelled,84.21
P003646,Home & Kitchen,63.33,Just,63.33,U00175,West,Medium,Completed,566.71
P004338,Sports,204.94,Oil,204.94,U02862,East,Low,Completed,744.01
P006843,Electronics,160.33,Pass,160.33,U01910,South,High,Pending,2887.08
P004938,Home & Kitchen,83.34,Become,83.34,U00011,North,High,Refunded,218.41
P001938,Sports,120.99,Staff,120.99,U00124,East,Low,Completed,1239.38
P004841,Electronics,94.08,Well,94.08,U01406,South,Medium,Completed,795.95
P006847,Electronics,82.07,See,82.07,U01066,West,Medium,Completed,1401.96
P007100,Home & Kitchen,121.75,Technology,121.75,U00127,East,Low,Completed,1308.3
P006729,Beauty,49.3,Dinner,49.3,U02852,North,Low,Cancelled,406.46
P003028,Beauty,122.47,None,122.47,U00975,South,Medium,Completed,541.37
P004095,Sports,47.17,Want,47.17,U01888,South,Low,Completed,953.92
P006837,Groceries,30.38,See,30.38,U02572,North,High,Completed,958.23
P002319,Books,44.24,Claim,44.24,U02298,North,Low,Cancelled,787.45
P003184,Clothing,29.05,Fight,29.05,U01376,West,Low,Cancelled,347.02
P006740,Clothing,30.63,With,30.63,U00939,South,Medium,Completed,1260.87
P004882,Clothing,160.96,Side,160.96,U01187,North,Medium,Pending,1400.59
P003589,Books,245.87,Just,245.87,U01478,East,High,Completed,1339.15
P000497,Sports,165.23,Authority,165.23,U00237,West,High,Pending,847.86
P005962,Sports,166.89,Staff,166.89,U00205,South,Low,Completed,1008.67
P005619,Groceries,28.57,Table,28.57,U00102,South,Medium,Pending,2039.02
P000221,Beauty,211.29,Truth,211.29,U01999,North,High,Completed,1234.52
P004501,Beauty,79.26,Sing,79.26,U02015,East,Low,Pending,1399.01
P005457,Electronics,226.8,Expect,226.8,U02472,East,Medium,Completed,1224.89
P002926,Clothing,97.58,Attention,97.58,U02399,West,Medium,Completed,1608.3
P000921,Books,82.32,He,82.32,U01321,North,Medium,Completed,431.42
P007452,Books,261.92,According,261.92,U01005,East,High,Completed,881.08
P000985,Books,70.01,Know,70.01,U00314,North,Low,Cancelled,1188.51
P007476,Books,53.52,Give,53.52,U00833,South,High,Completed,1785.83
P005430,Beauty,77.95,Certain,77.95,U01160,East,Medium,Refunded,536.01
P001916,Books,41.07,Purpose,41.07,U02027,West,Medium,Completed,819.25
P000313,Books,140.28,Almost,140.28,U01391,South,Medium,Pending,938.13
P007716,Groceries,179.99,Improve,179.99,U02390,North,Low,Completed,771.56
P006652,Electronics,383.83,Affect,383.83,U02341,East,Medium,Completed,730.65
P003214,Clothing,66.75,Answer,66.75,U00535,West,Medium,Completed,229.68
P002442,Electronics,112.53,Player,112.53,U01888,South,Medium,Completed,233.3
P003455,Books,40.51,Write,40.51,U01382,South,High,Pending,653.5
P003829,Electronics,21.43,Effect,21.43,U01873,West,Low,Completed,1374.92
P006554,Home & Kitchen,198.38,Travel,198.38,U00937,East,High,Refunded,1139.42
P000678,Beauty,148.21,Partner,148.21,U01631,East,High,Completed,648.91
P007097,Beauty,22.59,Stage,22.59,U00698,West,Low,Completed,1040.36
P000166,Books,31.98,High,31.98,U02188,South,Medium,Completed,817.86
P004425,Home & Kitchen,16.78,Do,16.78,U00605,South,High,Completed,206.33
P005133,Sports,138.64,Any,138.64,U00142,South,Low,Cancelled,997.85
P002134,Books,80.64,Woman,80.64,U01104,South,High,Completed,618.59
P002132,Clothing,63.17,Agree,63.17,U01639,West,Low,Refunded,2003.17
P002255,Sports,39.85,Form,39.85,U00619,South,Medium,Completed,751.3
P004200,Books,62.33,Seek,62.33,U00348,West,Medium,Cancelled,826.38
P003267,Books,28.71,Evidence,28.71,U01827,North,High,Completed,995.48
P000735,Home & Kitchen,143.72,Care,143.72,U02256,West,Low,Completed,391.08
P003738,Groceries,168.46,Budget,168.46,U01282,West,High,Completed,536.51
P005301,Sports,47.52,Help,47.52,U01563,South,High,Completed,890.03
P000695,Clothing,49.31,Customer,49.31,U00734,North,High,Pending,1821.71
P003238,Beauty,76.7,Personal,76.7,U02690,West,High,Completed,2092.71
P003916,Books,116.61,Must,116.61,U00512,South,Medium,Cancelled,1444.35
P004594,Clothing,28.69,Little,28.69,U00838,North,Low,Completed,1009.85
P005437,Groceries,54.3,Enjoy,54.3,U00258,East,High,Completed,819.04
P005262,Clothing,96.77,Person,96.77,U00766,North,Low,Completed,282.66
P004057,Sports,96.74,Hour,96.74,U00503,North,Low,Completed,2161.72
P001349,Home & Kitchen,169.46,Will,169.46,U02553,South,Medium,Completed,536.25
P006472,Books,52.45,Fine,52.45,U00215,West,High,Completed,1746.17
P006975,Books,100.3,Class,100.3,U00894,North,Low,Completed,766.74
P006805,Home & Kitchen,63.68,Smile,63.68,U00645,North,Low,Completed,263.98
P004443,Beauty,68.99,Bed,68.99,U01521,West,Medium,Completed,1571.21
P005949,Home & Kitchen,60.18,Fast,60.18,U02456,South,Low,Completed,891.42
P004000,Sports,153.31,During,153.31,U00996,South,Low,Completed,1138.94
P002259,Books,71.57,Interview,71.57,U00313,North,Low,Pending,882.76
P002616,Groceries,86.7,House,86.7,U00615,North,Low,Completed,1958.58
P006287,Electronics,141.76,Possible,141.76,U00386,North,High,Pending,1295.66
P000515,Books,72.64,Once,72.64,U01314,South,Medium,Cancelled,1412.99
P005125,Sports,29.02,Sit,29.02,,East,High,Pending,2517.73
P007213,Groceries,103.92,Itself,103.92,U01407,West,Low,Pending,868.59
P004961,Clothing,82.04,Including,82.04,U01916,South,Medium,Completed,607.81
P007036,Clothing,227.19,Why,227.19,U02743,East,High,Completed,574.05
P005323,Home & Kitchen,30.81,Generation,30.81,U00298,West,High,Completed,473.2
P002863,Groceries,54.78,Quite,54.78,U01246,East,Medium,Completed,590.95
P007447,Home & Kitchen,21.2,Message,21.2,U02279,North,Low,Completed,770.52
P003950,Groceries,38.65,Drug,38.65,U02090,East,High,Cancelled,282.46
P003431,Sports,47.87,Read,47.87,U00596,North,Medium,Completed,1354.15
P004660,Electronics,144.94,Themselves,144.94,U01596,East,Medium,Pending,476.0
P007363,Groceries,117.65,Himself,117.65,U02915,North,Medium,Completed,841.46
P006516,Electronics,116.98,Instead,116.98,U00340,North,Medium,Completed,361.45
P007326,Groceries,58.37,Time,58.37,U01173,North,High,Completed,866.07
P001012,Home & Kitchen,51.79,Relationship,51.79,U01973,South,Low,Pending,1061.33
P005400,Clothing,124.53,All,124.53,U00602,North,Medium,Completed,1126.47
P000891,Home & Kitchen,185.32,Rule,185.32,U00609,North,Low,Completed,235.01
P002792,Sports,27.08,Group,27.08,U00139,East,High,Completed,201.72
P005358,Clothing,234.35,Decade,234.35,U00301,West,Medium,Completed,727.29
P007913,Sports,49.47,Present,49.47,U00807,North,Low,Completed,857.24
P006828,Home & Kitchen,137.3,Cause,137.3,U00099,North,High,Pending,1602.29
P003461,Groceries,71.27,Us,71.27,U02094,West,Low,Completed,764.12
P004729,Groceries,64.9,Tree,64.9,U01977,East,High,Pending,783.62
P003966,Books,59.05,Quality,59.05,U00027,South,Medium,Cancelled,644.22
P000195,Beauty,39.03,Set,39.03,U02254,North,Medium,Completed,1399.74
P000514,Groceries,97.19,Technology,97.19,,East,High,Completed,758.67
P001639,Beauty,80.65,Well,80.65,U00969,West,Medium,Completed,1593.99
P001456,Home & Kitchen,240.15,Catch,240.15,U01879,West,Low,Pending,957.52
P004306,Electronics,77.87,Yourself,77.87,U01662,East,High,Completed,1261.44
P007145,Home & Kitchen,24.59,School,24.59,U00098,North,Medium,Completed,365.17
P004045,Electronics,59.58,Church,59.58,U01767,West,High,Completed,1114.52
P005283,Beauty,82.79,East,82.79,U01035,South,High,Completed,355.35
P000636,Home & Kitchen,29.81,Box,29.81,U00680,South,Low,Pending,375.21
P007745,Clothing,131.05,Art,131.05,U00301,South,Medium,Completed,777.72
P005218,Clothing,74.61,Rule,74.61,U00707,East,High,Completed,290.69
P000088,Clothing,125.87,Early,125.87,U00818,West,Medium,Completed,1372.62
P001370,Books,40.69,Future,40.69,U00968,West,Low,Pending,487.5
P004567,Clothing,163.09,Rule,163.09,U02321,North,Low,Completed,624.52
P007945,Clothing,14.62,Whole,14.62,U02109,West,Medium,Cancelled,564.59
P007054,Groceries,159.5,Which,159.5,,South,High,Completed,887.59
P000191,Home & Kitchen,64.49,Traditional,64.49,U01140,South,High,Completed,791.58
P003825,Beauty,69.28,Create,69.28,U00797,South,Low,Completed,466.43
P000179,Books,116.61,Structure,116.61,U02433,West,Medium,Completed,469.64
P003925,Sports,53.91,Those,53.91,U00908,South,Medium,Completed,1021.2
P003841,Clothing,188.35,Itself,188.35,U00780,East,High,Completed,829.02
P006701,Sports,32.88,Themselves,32.88,U01252,North,Low,Completed,912.11
P002589,Sports,30.34,Source,30.34,U01425,North,High,Pending,493.45
P003465,Groceries,86.43,Wide,86.43,U00441,East,Low,Pending,1270.43
P006120,Groceries,147.55,Meet,147.55,U00451,East,Low,Completed,942.03
P006200,Home & Kitchen,29.42,While,29.42,U00755,North,Low,Completed,662.39
P001688,Electronics,84.3,You,84.3,U02155,South,Medium,Cancelled,434.27
P006892,Groceries,30.55,Republican,30.55,U00171,South,Low,Pending,691.92
P006889,Electronics,88.62,Blue,88.62,U00593,South,Medium,Completed,983.56
P003322,Groceries,43.06,Mean,43.06,U00285,West,Medium,Completed,1962.52
P001129,Clothing,201.35,Hear,201.35,U01888,North,High,Completed,188.3
P003068,Electronics,27.36,Offer,27.36,U02921,West,Low,Completed,352.44
P003146,Groceries,73.46,Mouth,73.46,U01313,South,Medium,Pending,523.25
P005909,Sports,33.13,Guy,33.13,U00827,West,Medium,Completed,244.05
P002560,Home & Kitchen,50.51,Father,50.51,U02451,North,High,Completed,660.89
P005403,Books,54.31,Last,54.31,U00233,South,High,Cancelled,452.04
P001024,Sports,142.53,Policy,142.53,U01674,East,Low,Completed,550.27
P005849,Home & Kitchen,228.32,Data,228.32,U02523,South,High,Completed,817.45
P004568,Books,45.97,Chance,45.97,U01458,North,Low,Pending,1262.65
P000399,Beauty,39.73,Hundred,39.73,U01310,East,High,Completed,653.94
P000036,Clothing,62.22,Fall,62.22,U02324,North,Low,Pending,974.54
P002254,Groceries,15.7,Training,15.7,,East,Low,Cancelled,3631.23
P002657,Beauty,36.29,Stand,36.29,U00492,West,Medium,Completed,2419.75
P000253,Groceries,83.9,Unit,83.9,U02018,North,Low,Completed,2997.23
P006752,Clothing,44.64,Mother,44.64,U00080,West,Medium,Pending,897.35
P005164,Home & Kitchen,29.38,Report,29.38,,South,Medium,Completed,943.68
P005382,Beauty,51.76,West,51.76,U00657,North,Low,Completed,233.65
P007317,Groceries,111.35,Everyone,111.35,U00810,East,Medium,Completed,1081.66
P006574,Groceries,68.83,Sea,68.83,U02925,West,Low,Completed,682.05
P002941,Beauty,34.55,High,34.55,U00950,South,Medium,Completed,1530.09
P001876,Beauty,198.39,Short,198.39,U01563,West,Low,Completed,528.17
P000229,Groceries,113.42,Claim,113.42,U02732,North,Medium,Cancelled,1401.71
P003052,Books,43.23,Answer,43.23,U01717,West,High,Completed,913.28
P001749,Electronics,108.24,This,108.24,U02530,South,Low,Completed,2747.12
P007174,Books,21.71,Style,21.71,U02638,West,Medium,Completed,1217.48
P004870,Electronics,138.33,Gun,138.33,U01074,North,High,Cancelled,630.31
P001645,Books,151.82,Finally,151.82,U01069,North,Medium,Completed,880.91
P004156,Home & Kitchen,82.09,Half,82.09,U00322,West,High,Pending,422.09
P005361,Home & Kitchen,110.33,Hotel,110.33,U00793,South,Medium,Completed,255.88
P001610,Home & Kitchen,177.29,Produce,177.29,U02718,East,Low,Completed,118.42
P006872,Books,211.3,College,211.3,U01139,North,Medium,Refunded,901.59
P002367,Sports,9.85,Ball,9.85,U01758,South,High,Completed,1052.76
P004726,Sports,41.3,Reality,41.3,U00251,North,High,Completed,2034.48
P005022,Electronics,121.44,Power,121.44,U00844,West,Medium,Completed,1068.84
P007038,Groceries,64.46,Either,64.46,U00839,North,Medium,Pending,1986.66
P001020,Sports,67.44,Speak,67.44,U01724,East,Low,Completed,904.17
P007829,Electronics,121.77,Under,121.77,U02573,West,High,Completed,851.35
P002083,Sports,121.72,Or,121.72,U00910,North,Medium,Completed,1737.37
P003995,Beauty,73.82,According,73.82,U02385,West,Low,Completed,1131.68
P001787,Clothing,27.36,Yet,27.36,U01951,South,Medium,Completed,1445.87
P002124,Books,140.39,Option,140.39,U00001,South,Medium,Completed,289.44
P002222,Electronics,24.7,Certain,24.7,U02632,South,Low,Completed,852.37
P007813,Groceries,193.51,Above,193.51,U02425,West,Medium,Completed,439.78
P001076,Clothing,62.04,Test,62.04,U02341,South,High,Completed,435.92
P002950,Home & Kitchen,35.34,Minute,35.34,U00227,West,Medium,Completed,1588.84
P003861,Sports,48.19,Cut,48.19,U02764,East,Low,Refunded,429.11
P007753,Sports,16.69,Action,16.69,U00097,East,Low,Completed,1570.97
P003904,Sports,34.62,Old,34.62,U01646,West,Medium,Completed,654.01
P001850,Sports,132.63,Range,132.63,U02561,East,High,Completed,1283.15
P007898,Groceries,57.13,Customer,57.13,U00423,West,High,Pending,768.01
P007890,Books,53.75,Painting,53.75,U02309,East,Medium,Completed,127.37
P002796,Electronics,36.56,Modern,36.56,U01799,West,High,Completed,848.74
P005341,Sports,201.97,Only,201.97,U02213,West,High,Completed,815.03
P007833,Beauty,14.68,Paper,14.68,U00044,South,Medium,Completed,321.91
P004605,Clothing,71.59,Or,71.59,U00670,South,Medium,Completed,613.27
P004807,Groceries,66.21,Any,66.21,U02379,East,Medium,Cancelled,182.03
P007696,Clothing,69.91,Small,69.91,U00228,West,Medium,Completed,2623.79
P000608,Clothing,54.86,Wish,54.86,U02261,South,Medium,Completed,144.29
P004484,Sports,63.21,Old,63.21,U02040,North,High,Pending,899.72
P007262,Beauty,118.53,Friend,118.53,U00431,South,High,Completed,663.02
P000868,Groceries,165.54,Factor,165.54,U02882,West,Medium,Completed,763.28
P002800,Clothing,77.87,Natural,77.87,U02077,North,Medium,Completed,2134.46
P005008,Electronics,131.81,Move,131.81,U02975,South,Low,Cancelled,766.91
P006018,Sports,84.72,Majority,84.72,U01867,South,Low,Completed,684.39
P004245,Home & Kitchen,42.97,Share,42.97,U00306,East,Low,Cancelled,861.46
P004850,Groceries,146.4,Someone,146.4,U02596,East,High,Completed,791.96
P003555,Clothing,181.04,Room,181.04,U01993,West,Medium,Completed,1101.8
P006547,Home & Kitchen,35.9,Course,35.9,U02200,West,High,Completed,1129.65
P001274,Books,61.12,Little,61.12,U02167,North,Medium,Pending,1401.1
P004437,Home & Kitchen,79.36,Ago,79.36,U01519,West,Medium,Completed,354.3
P006304,Sports,110.79,Sometimes,110.79,U02720,West,High,Completed,1587.16
P007132,Sports,39.89,Improve,39.89,U02847,East,Low,Completed,2691.58
P006345,Electronics,15.7,Social,15.7,U00533,East,Low,Refunded,384.28
P001116,Sports,122.26,Majority,122.26,U01102,West,Low,Cancelled,356.44
P006877,Home & Kitchen,100.36,Those,100.36,,West,Low,Completed,745.18
P000541,Home & Kitchen,50.41,Mouth,50.41,U00754,North,High,Completed,755.05
P002740,Books,126.53,Majority,126.53,U01940,South,Low,Completed,551.95
P003657,Home & Kitchen,94.47,Individual,94.47,U00006,North,Medium,Completed,1126.83
P001467,Clothing,56.79,Successful,56.79,U00544,East,Medium,Completed,683.35
P002658,Electronics,57.42,Fight,57.42,U00561,East,High,Completed,504.75
P007965,Clothing,106.1,Rich,106.1,U00763,West,High,Completed,566.67
P005052,Groceries,81.15,Before,81.15,U02926,West,High,Completed,1354.72
P000281,Groceries,8.49,Show,8.49,U01534,South,High,Cancelled,1289.48
P002459,Clothing,87.32,Section,87.32,U00768,East,Medium,Completed,2127.46
P000511,Electronics,129.53,Newspaper,129.53,U02433,North,Medium,Completed,152.21
P004066,Groceries,112.41,Their,112.41,,East,Medium,Completed,905.52
P006746,Sports,170.45,Sport,170.45,U00634,East,Low,Completed,225.67
P007987,Groceries,113.03,Culture,113.03,,South,Medium,Completed,97.84
P005689,Groceries,18.27,Again,18.27,U00735,South,Low,Completed,483.93
P002606,Clothing,66.44,Wonder,66.44,U00469,North,Low,Completed,409.66
P003767,Groceries,180.17,Notice,180.17,U01531,East,Low,Completed,1378.55
P001515,Home & Kitchen,12.94,Too,12.94,U01703,West,Medium,Completed,797.44
P000688,Books,39.51,Least,39.51,U01101,North,Low,Completed,828.05
P000336,Books,39.82,Customer,39.82,U02713,West,Low,Completed,672.73
P004739,Sports,42.16,Require,42.16,U01966,North,High,Completed,1577.68
P002363,Home & Kitchen,9.02,Art,9.02,U00134,North,Low,Completed,817.78
P002028,Books,16.17,Long,16.17,U02821,East,High,Completed,539.46
P000783,Groceries,65.82,Society,65.82,U00374,West,Low,Completed,525.77
P007529,Home & Kitchen,126.09,Discuss,126.09,U02773,South,High,Completed,1137.13
P007901,Groceries,31.22,Decision,31.22,U01490,West,Low,Refunded,723.68
P004718,Clothing,101.04,Central,101.04,U01184,West,High,Refunded,979.01
P003579,Home & Kitchen,67.71,Possible,67.71,U02688,North,Medium,Completed,567.8
P007419,Home & Kitchen,92.92,Eye,92.92,U00118,North,Low,Refunded,1699.86
P001158,Clothing,52.38,Structure,52.38,U02686,West,Low,Completed,776.28
P006237,Groceries,136.25,Month,136.25,U01966,North,High,Completed,1098.68
P000835,Groceries,52.51,Loss,52.51,U00697,South,Medium,Completed,2255.81
P006737,Books,84.32,Sometimes,84.32,U02275,South,Medium,Completed,894.13
P007949,Beauty,115.15,Doctor,115.15,U02729,East,Medium,Completed,877.97
P002044,Electronics,169.97,Dinner,169.97,U01846,South,Low,Completed,753.13
P005547,Home & Kitchen,60.56,Why,60.56,U01226,North,High,Completed,1220.44
P004491,Home & Kitchen,124.5,Subject,124.5,U01076,South,Low,Completed,714.37
P004942,Electronics,73.15,Plan,73.15,,North,High,Pending,335.69
P007214,Home & Kitchen,128.1,Western,128.1,U01234,North,Medium,Completed,853.96
P002624,Beauty,52.92,Rate,52.92,U01483,South,Medium,Completed,1320.73
P004033,Groceries,100.67,Tax,100.67,,South,Low,Pending,455.04
P002622,Sports,58.77,Those,58.77,U02132,West,Medium,Completed,1714.26
P004981,Beauty,78.93,World,78.93,U00610,East,Low,Completed,532.86
P003351,Clothing,188.86,Finish,188.86,U01734,East,Low,Completed,1203.28
P002784,Sports,42.58,Hold,42.58,U01842,South,Low,Refunded,1136.88
P000950,Groceries,85.58,Company,85.58,U02107,West,Medium,Completed,1768.64
P001762,Clothing,113.54,His,113.54,U02170,West,Low,Completed,688.37
P004079,Groceries,82.58,Maybe,82.58,U00153,North,High,Completed,414.09
P002328,Groceries,38.44,Majority,38.44,U02328,North,High,Pending,1781.91
P003712,Beauty,177.11,Should,177.11,U00652,West,Medium,Completed,1004.77
P000338,Beauty,131.22,Bill,131.22,U00524,North,High,Completed,252.88
P006372,Groceries,144.69,Push,144.69,U00113,South,Medium,Completed,1295.43
P003771,Groceries,96.72,Stand,96.72,,North,Low,Pending,423.44
P002057,Beauty,49.67,Form,49.67,U00411,North,Medium,Cancelled,595.99
P005206,Beauty,52.43,Style,52.43,U00914,North,Low,Refunded,307.2
P006699,Home & Kitchen,44.35,Growth,44.35,U02507,East,High,Completed,254.2
P007918,Clothing,93.56,Call,93.56,U00010,South,High,Completed,463.21
P000294,Books,49.67,Camera,49.67,U00126,North,High,Completed,1110.84
P006213,Clothing,54.19,Food,54.19,U02395,East,Medium,Completed,651.87
P002206,Books,155.64,Personal,155.64,U00781,South,High,Completed,795.89
P007265,Electronics,212.8,Get,212.8,U01619,West,Low,Completed,908.89
P003414,Sports,39.11,Pull,39.11,U02306,North,Medium,Completed,2149.31
P003194,Clothing,305.31,Response,305.31,U02798,West,High,Completed,543.09
P007325,Books,190.71,After,190.71,U00340,West,Low,Completed,1092.69
P002594,Sports,50.02,Must,50.02,U02946,East,Low,Refunded,1239.72
P007842,Sports,142.05,Sometimes,142.05,U02302,East,High,Completed,1779.44
P002073,Home & Kitchen,38.29,Big,38.29,U02747,North,High,Completed,579.22
P006778,Beauty,39.49,Impact,39.49,U00053,North,High,Completed,1000.51
P000471,Sports,104.07,Evidence,104.07,U02962,North,Low,Completed,623.88
P000558,Electronics,143.6,Public,143.6,U02804,East,High,Completed,727.39
P006135,Beauty,158.63,Citizen,158.63,U02564,North,High,Completed,1325.88
P006438,Beauty,89.56,College,89.56,U02900,West,Low,Pending,1086.32
P006917,Books,63.83,Form,63.83,U02519,East,Low,Completed,420.74
P007784,Beauty,26.17,Indicate,26.17,U01081,East,High,Completed,1290.13
P001263,Sports,46.33,Open,46.33,U02459,North,Low,Cancelled,1337.75
P007881,Groceries,48.25,Bag,48.25,U01229,West,Medium,Completed,1212.8
P003237,Home & Kitchen,34.36,Firm,34.36,U01383,North,Medium,Pending,681.3
P001023,Home & Kitchen,125.09,Police,125.09,U00953,North,Medium,Completed,1624.98
P000121,Clothing,78.07,Onto,78.07,U02894,South,Low,Completed,1105.44
P000906,Clothing,230.55,Improve,230.55,U02017,South,High,Pending,933.93
P003769,Clothing,42.05,Somebody,42.05,U01204,South,High,Completed,448.65
P001307,Sports,73.03,Many,73.03,U02293,North,Low,Completed,662.45
P005485,Books,14.47,Whose,14.47,U01219,North,Low,Cancelled,942.88
P003819,Clothing,88.5,Same,88.5,U01651,West,High,Completed,573.76
P005431,Clothing,81.77,Kind,81.77,U00688,East,Low,Completed,931.16
P002559,Beauty,52.06,Specific,52.06,U02310,North,Medium,Refunded,1032.19
P006324,Sports,96.81,Follow,96.81,U00825,North,Low,Pending,1402.26
P001936,Groceries,44.11,Early,44.11,U00352,East,Low,Completed,664.99
P003882,Clothing,50.22,What,50.22,U02227,East,Medium,Completed,693.14
P003893,Books,81.89,Somebody,81.89,U00299,South,Low,Refunded,1582.6
P001094,Beauty,37.2,System,37.2,U00095,South,High,Completed,546.8
P003856,Groceries,131.6,Hospital,131.6,U01601,South,Low,Completed,1065.08
P004037,Sports,155.1,Sure,155.1,U02034,North,Low,Completed,558.98
P005656,Clothing,41.14,Service,41.14,U02604,East,Medium,Pending,2461.86
P007328,Books,100.15,Program,100.15,U01504,South,Low,Refunded,420.79
P000816,Groceries,180.3,Social,180.3,U02003,West,Low,Refunded,537.79
P007929,Home & Kitchen,71.61,And,71.61,U01665,South,Medium,Completed,487.9
P004960,Electronics,148.95,Small,148.95,U02036,East,High,Completed,495.97
P001083,Books,40.4,Them,40.4,U00395,West,High,Completed,1456.35
P001209,Beauty,8.88,Fine,8.88,U02704,East,Low,Completed,2421.88
P005484,Electronics,141.34,Strong,141.34,U02982,North,High,Completed,1158.58
P001290,Clothing,50.17,Despite,50.17,,East,Medium,Completed,523.46
P005954,Groceries,56.22,Reveal,56.22,U01604,North,Medium,Completed,500.92
P004192,Sports,95.39,Success,95.39,U00717,East,Low,Completed,1441.35
P007417,Books,49.79,Property,49.79,U01117,East,Medium,Refunded,756.9
P002429,Beauty,153.73,Good,153.73,U00607,West,High,Completed,1094.05
P000605,Home & Kitchen,136.75,Pressure,136.75,U02958,West,Medium,Completed,769.87
P007818,Beauty,160.6,Both,160.6,,South,Medium,Completed,535.16
P002115,Electronics,79.27,Hold,79.27,U01333,North,High,Cancelled,1367.84
P000551,Electronics,107.26,Themselves,107.26,U01529,West,Medium,Completed,798.74
P007316,Electronics,32.46,Debate,32.46,U00480,East,Low,Completed,932.28
P002300,Clothing,140.37,Nice,140.37,U00098,West,Medium,Completed,1026.42
P000476,Home & Kitchen,59.17,First,59.17,U01118,South,Low,Completed,1351.61
P005596,Sports,154.39,Perform,154.39,U02273,South,Medium,Completed,380.63
P000213,Home & Kitchen,136.38,Serve,136.38,U00179,East,High,Completed,200.36
P003513,Beauty,234.22,Street,234.22,U01660,East,High,Refunded,467.62
P007683,Sports,71.92,Environment,71.92,U01940,West,Medium,Pending,407.12
P005685,Books,132.81,Successful,132.81,U01661,East,Medium,Completed,772.18
P002025,Books,22.87,Picture,22.87,U02410,North,Medium,Cancelled,589.56
P006475,Groceries,38.0,Apply,38.0,U01975,East,High,Pending,211.31
P002481,Electronics,70.67,Land,70.67,U01208,North,Medium,Completed,861.91
P000277,Electronics,115.39,Development,115.39,,North,High,Completed,510.52
P004602,Electronics,64.93,Day,64.93,U00888,East,High,Cancelled,445.49
P005432,Sports,41.47,Decision,41.47,U02028,North,Medium,Completed,2342.12
P007592,Groceries,34.76,Stage,34.76,U00503,East,High,Completed,1497.21
P002340,Books,235.53,Probably,235.53,U01297,North,Low,Cancelled,1269.13
P000902,Sports,88.28,Assume,88.28,U02458,West,High,Completed,1013.93
P004545,Groceries,67.68,Through,67.68,U02432,West,High,Completed,850.22
P001410,Groceries,41.46,Book,41.46,U02851,West,Low,Completed,293.51
P006631,Home & Kitchen,15.85,Oil,15.85,U00152,East,High,Cancelled,692.13
P000990,Sports,164.96,After,164.96,U00371,West,Medium,Completed,324.16
P000304,Groceries,86.05,Discussion,86.05,U01344,North,Low,Completed,795.24
P003560,Electronics,48.27,Make,48.27,U02857,South,Low,Completed,1735.21
P004492,Clothing,58.19,Interview,58.19,U02830,South,Low,Refunded,1872.37
P007860,Home & Kitchen,59.77,Research,59.77,U00891,East,Medium,Pending,1663.14
P007085,Books,62.86,Different,62.86,U01010,West,High,Cancelled,956.3
P001997,Groceries,80.31,Allow,80.31,U00073,West,Medium,Completed,1203.25
P002116,Beauty,110.61,Building,110.61,U02202,South,Medium,Pending,806.24
P006164,Books,72.7,Section,72.7,U02676,South,High,Refunded,2253.69
P001902,Clothing,95.1,Quite,95.1,U00732,South,Low,Completed,1206.23
P000325,Beauty,194.54,Several,194.54,,West,Medium,Completed,1066.81
P003333,Groceries,112.01,Require,112.01,,North,High,Cancelled,932.07
P001155,Electronics,88.81,Seek,88.81,U02339,West,High,Completed,645.05
P005530,Beauty,59.59,Arrive,59.59,,East,Low,Pending,728.05
P003473,Sports,65.52,Smile,65.52,,West,Low,Completed,1342.09
P001474,Groceries,83.13,Old,83.13,U02860,South,High,Completed,571.64
P006199,Books,76.35,Source,76.35,U02091,East,High,Completed,1126.17
P003012,Beauty,85.3,Yourself,85.3,U02452,South,Low,Completed,379.77
P007076,Home & Kitchen,164.79,Note,164.79,U01025,East,High,Completed,334.41
P007865,Books,78.43,Itself,78.43,U00770,South,Medium,Refunded,629.32
P000151,Electronics,34.92,Low,34.92,U01143,West,Low,Pending,548.31
P007200,Clothing,123.4,Indeed,123.4,U02540,West,Medium,Cancelled,290.72
P007852,Beauty,67.03,Meet,67.03,U00247,South,High,Completed,995.04
P001122,Electronics,82.24,Air,82.24,U00618,North,Medium,Completed,1838.6
P004557,Sports,33.66,Become,33.66,U01345,West,Low,Completed,994.42
P004075,Clothing,146.24,Into,146.24,U00567,West,Low,Completed,452.17
P001131,Groceries,126.64,Evening,126.64,U00650,North,High,Refunded,850.19
P006888,Beauty,218.3,Local,218.3,U02260,East,Medium,Completed,2154.72
P003955,Electronics,66.36,Money,66.36,U00162,North,Low,Pending,678.46
P005564,Groceries,177.8,His,177.8,U00679,West,Medium,Pending,832.87
P002798,Groceries,155.89,Window,155.89,U02963,East,High,Completed,963.75
P002804,Beauty,109.0,Short,109.0,U00221,North,Medium,Pending,322.33
P001049,Electronics,56.18,Product,56.18,U02289,North,High,Completed,1073.61
P000812,Electronics,68.41,Reality,68.41,U00712,South,Low,Pending,750.02
P002710,Beauty,45.21,Impact,45.21,U02007,South,Low,Completed,395.24
P003911,Home & Kitchen,53.35,Range,53.35,U00157,East,High,Completed,1275.7
P001558,Books,15.53,Size,15.53,U00405,South,High,Cancelled,2080.34
P001064,Beauty,93.26,Hand,93.26,U02218,North,Medium,Completed,533.83
P003155,Beauty,36.53,Miss,36.53,U02803,West,High,Completed,2889.47
P002304,Sports,20.19,Stand,20.19,U02115,East,Medium,Pending,556.16
P002983,Sports,46.69,Nation,46.69,U02763,East,High,Completed,686.31
P004966,Books,32.72,Water,32.72,U01715,North,High,Completed,1373.77
P007834,Beauty,17.54,Enough,17.54,U01439,West,Low,Completed,802.76
P000893,Electronics,118.93,Seat,118.93,U02014,East,Low,Completed,964.11
P002922,Clothing,81.57,Front,81.57,U02826,South,Low,Completed,1555.95
P006758,Beauty,135.99,Anything,135.99,U02646,West,High,Pending,536.94
P005500,Books,42.81,Control,42.81,U00912,East,Medium,Completed,491.52
P001101,Beauty,177.81,That,177.81,U01333,West,Medium,Refunded,1749.19
P002437,Books,45.01,Entire,45.01,U00631,North,Low,Completed,1233.65
P002985,Clothing,47.14,Career,47.14,,South,Low,Completed,541.44
P006551,Beauty,131.81,Her,131.81,U00462,East,Low,Completed,143.09
P001316,Books,47.69,Long,47.69,U02640,West,Medium,Completed,970.68
P006939,Sports,77.91,Per,77.91,U01242,West,High,Cancelled,552.13
P006860,Home & Kitchen,86.94,Necessary,86.94,U02758,South,Low,Cancelled,1054.6
P005231,Beauty,78.2,Describe,78.2,U00134,South,Medium,Completed,572.5
P001649,Groceries,250.19,Child,250.19,U01286,North,Low,Completed,1754.06
P005120,Clothing,53.21,Painting,53.21,U02346,North,Medium,Completed,878.9
P003104,Groceries,222.38,Or,222.38,U00962,East,High,Completed,579.13
P007943,Clothing,30.31,Cover,30.31,U00944,West,High,Completed,296.89
P004343,Electronics,57.17,Section,57.17,U01670,West,High,Refunded,701.64
P004242,Electronics,37.7,Important,37.7,U00015,South,High,Pending,1046.55
P000796,Books,99.91,To,99.91,U00275,North,Medium,Completed,1038.92
P007297,Home & Kitchen,75.08,Maintain,75.08,U02660,North,Medium,Completed,596.19
P000590,Electronics,60.54,Traditional,60.54,U02979,West,High,Completed,402.75
P006767,Sports,55.37,Statement,55.37,,North,High,Completed,1158.67
P000074,Clothing,127.11,Value,127.11,U02940,East,Low,Completed,589.02
P000461,Beauty,43.65,Other,43.65,U00600,East,Low,Completed,1472.34
P000487,Groceries,218.77,Black,218.77,U01506,South,Low,Refunded,798.37
P004543,Books,103.09,Happen,103.09,U02317,East,Low,Completed,1623.04
P002139,Electronics,122.85,Air,122.85,U01487,East,Medium,Completed,492.84
P001230,Electronics,88.18,Board,88.18,U00539,South,Low,Pending,1666.83
P000493,Sports,84.75,Cause,84.75,U00829,South,Low,Completed,1429.86
P004267,Sports,49.94,Firm,49.94,U00758,North,Low,Completed,1220.08
P003694,Books,135.88,What,135.88,U00298,North,High,Refunded,383.93
P007995,Beauty,98.21,History,98.21,U00739,South,Medium,Pending,561.74
P002105,Books,125.47,Difference,125.47,U01387,West,Low,Completed,1529.32
P006549,Beauty,19.72,Hundred,19.72,U02385,East,High,Cancelled,1103.57
P001266,Electronics,57.38,Police,57.38,U02733,East,Medium,Cancelled,484.08
P006744,Sports,143.22,Per,143.22,U01980,South,Low,Completed,351.52
P005112,Beauty,94.5,Our,94.5,U01880,South,Medium,Cancelled,1103.03
P003419,Clothing,107.97,Give,107.97,U00564,North,Low,Completed,562.99
P000098,Books,35.24,Hospital,35.24,U01353,East,High,Cancelled,1429.8
P006971,Beauty,261.52,Security,261.52,U00947,North,Low,Completed,332.93
P007285,Beauty,51.61,Sister,51.61,U00909,East,High,Completed,714.05
P003274,Beauty,55.18,Set,55.18,U01652,West,Medium,Completed,637.61
P007863,Books,71.51,Such,71.51,U01342,South,High,Pending,880.32
P002528,Home & Kitchen,32.24,Set,32.24,U00280,West,Medium,Refunded,371.46
P006468,Home & Kitchen,196.35,Establish,196.35,U01349,East,Medium,Pending,738.53
P005314,Beauty,171.17,Fly,171.17,U02875,East,High,Completed,1490.69
P001773,Beauty,101.24,Cause,101.24,U02658,West,Low,Cancelled,766.74
P001468,Electronics,144.61,Education,144.61,U00066,West,High,Completed,480.68
P001750,Home & Kitchen,47.91,Certain,47.91,U01057,East,Medium,Pending,1637.78
P007777,Sports,135.47,Coach,135.47,U02261,West,Low,Completed,978.54
P001479,Books,119.92,While,119.92,U01960,South,High,Pending,384.67
P007765,Sports,14.7,Mrs,14.7,U01561,West,High,Completed,510.37
P001891,Books,20.42,Director,20.42,U01949,West,High,Completed,802.01
P004195,Home & Kitchen,99.73,Back,99.73,,East,High,Completed,966.18
P003141,Sports,102.63,Modern,102.63,U01593,West,Low,Completed,454.59
P006569,Sports,138.4,At,138.4,U01822,North,Medium,Pending,1165.13
P002345,Home & Kitchen,22.94,City,22.94,,South,High,Completed,661.52
P006882,Sports,64.96,Democrat,64.96,U02577,South,High,Cancelled,757.61
P004444,Home & Kitchen,155.57,Business,155.57,U00745,North,Low,Completed,475.38
P002951,Clothing,251.51,Agree,251.51,U01872,East,Low,Pending,688.91
P000602,Home & Kitchen,162.17,Usually,162.17,U00429,East,Medium,Cancelled,1133.46
P007144,Beauty,37.4,Answer,37.4,U02481,North,Medium,Completed,991.8
P003943,Home & Kitchen,34.11,Particularly,34.11,U02522,North,High,Completed,1606.57
P003222,Electronics,96.35,Loss,96.35,U02181,West,Low,Completed,278.35
P000396,Books,33.03,Weight,33.03,U01828,South,High,Completed,386.74
P000427,Clothing,114.48,Art,114.48,U01342,East,Low,Pending,1414.64
P000022,Clothing,92.14,Early,92.14,U02300,East,High,Completed,522.17
P005680,Books,229.59,Right,229.59,U02196,West,Low,Completed,708.53
P001039,Electronics,90.15,Whatever,90.15,U00718,West,Medium,Completed,1654.22
P002301,Beauty,79.65,Mrs,79.65,U00154,East,Low,Completed,723.48
P006383,Clothing,72.54,Think,72.54,U00821,South,Medium,Completed,485.23
P005961,Clothing,148.85,Level,148.85,U01956,East,Medium,Completed,270.51
P005241,Sports,20.23,Animal,20.23,U00138,North,Low,Completed,681.13
P000845,Clothing,61.56,Vote,61.56,U01284,North,Low,Completed,544.52
P003358,Sports,86.07,Middle,86.07,U01965,North,High,Completed,1299.58
P002894,Books,53.42,White,53.42,U00164,East,Medium,Completed,193.19
P002603,Electronics,44.78,Little,44.78,U01133,East,Low,Completed,1345.31
P005317,Clothing,66.2,Same,66.2,U00521,South,Medium,Completed,898.23
P003418,Groceries,14.27,Job,14.27,U02723,East,Medium,Completed,939.42
P006690,Home & Kitchen,71.87,Himself,71.87,U02414,South,High,Pending,1102.05
P004347,Books,32.47,Film,32.47,U00990,West,High,Completed,536.76
P004836,Home & Kitchen,129.52,Herself,129.52,U02327,South,Medium,Completed,513.12
P005061,Sports,28.21,Reflect,28.21,U01525,West,High,Completed,2204.84
P001670,Beauty,123.41,Each,123.41,U02451,North,Low,Completed,2602.51
P006343,Home & Kitchen,46.7,Might,46.7,U00296,West,High,Completed,756.58
P003485,Groceries,60.21,Government,60.21,U01447,West,Medium,Completed,1487.15
P005606,Electronics,15.91,Shoulder,15.91,,West,High,Completed,1192.79
P003503,Clothing,132.86,Commercial,132.86,U01007,North,Medium,Cancelled,1287.7
P007042,Books,126.6,Full,126.6,U01252,North,Low,Completed,1374.05
P007302,Groceries,70.83,Message,70.83,U02749,West,Medium,Pending,985.71
P007722,Groceries,96.46,Check,96.46,U00027,West,Low,Completed,2663.06
P001315,Electronics,60.21,Trade,60.21,U02862,West,Low,Completed,617.43
P007134,Groceries,79.71,By,79.71,U02379,East,Low,Completed,352.67
P001847,Beauty,40.97,Where,40.97,U02856,North,Low,Completed,424.94
P003089,Home & Kitchen,110.61,Grow,110.61,U01481,South,Low,Completed,627.6
P005279,Electronics,184.51,General,184.51,U01697,West,High,Cancelled,218.61
P000244,Groceries,47.83,Woman,47.83,U00674,East,Medium,Refunded,525.08
P004163,Home & Kitchen,163.48,Grow,163.48,U01537,East,High,Cancelled,221.96
P004755,Electronics,41.06,Better,41.06,U02004,North,Low,Completed,1201.88
P000934,Books,48.03,Player,48.03,U01507,South,High,Refunded,903.64
P002408,Clothing,54.01,Second,54.01,U02160,South,Low,Completed,1041.72
P002144,Electronics,57.76,For,57.76,U00197,South,Medium,Refunded,1060.94
P005752,Books,121.06,Recently,121.06,U01570,East,High,Completed,1851.92
P001529,Home & Kitchen,101.27,Particularly,101.27,U01057,West,High,Pending,1179.08
P001497,Clothing,13.91,Marriage,13.91,U00719,South,Low,Completed,980.4
P006797,Groceries,159.58,Local,159.58,U00869,South,High,Completed,1088.5
P007961,Books,27.11,Morning,27.11,U00415,South,Low,Completed,459.81
P002570,Clothing,144.28,Point,144.28,U01692,North,Low,Cancelled,764.78
P005441,Home & Kitchen,65.61,Study,65.61,U02344,North,Medium,Completed,488.26
P001555,Sports,210.82,Item,210.82,U02985,South,High,Completed,1479.12
P005529,Groceries,166.37,Believe,166.37,U00437,South,Low,Cancelled,652.24
P003023,Books,33.12,Face,33.12,U01234,East,High,Refunded,943.58
P006810,Groceries,36.84,Officer,36.84,U02598,North,Medium,Completed,1265.42
P004458,Books,38.19,Maybe,38.19,U02665,West,Low,Completed,3294.92
P005553,Sports,39.07,Age,39.07,U00072,West,Low,Cancelled,646.14
P007600,Groceries,135.19,Animal,135.19,,North,Medium,Pending,1341.27
P004581,Books,38.29,Rule,38.29,U02696,West,High,Pending,850.19
P003224,Clothing,39.66,Police,39.66,U00465,South,Medium,Completed,1176.29
P003400,Clothing,40.69,Safe,40.69,U02967,North,Medium,Completed,1276.94
P003329,Groceries,201.12,No,201.12,U01588,West,Low,Completed,1247.25
P002360,Beauty,133.18,Main,133.18,U02642,West,Low,Refunded,905.6
P007473,Beauty,92.96,Drug,92.96,U00680,West,Medium,Completed,1268.92
P001809,Books,42.16,History,42.16,U02292,North,Low,Refunded,1314.3
P002891,Home & Kitchen,41.46,Money,41.46,,North,High,Pending,681.84
P002462,Beauty,65.47,Force,65.47,U00040,East,Medium,Completed,303.47
P005254,Beauty,45.78,Partner,45.78,U01350,North,Medium,Completed,851.41
P006176,Books,68.36,Maybe,68.36,U01197,East,High,Pending,315.22
P004862,Sports,54.42,Personal,54.42,U02064,North,High,Completed,1249.14
P005903,Beauty,189.62,Blood,189.62,U00624,East,Low,Completed,1175.28
P002507,Books,114.54,Use,114.54,U00027,West,High,Completed,643.01
P001186,Electronics,101.53,Set,101.53,,South,Medium,Completed,607.54
P002388,Groceries,54.92,Cup,54.92,U00499,South,High,Completed,2013.51
P004383,Home & Kitchen,113.9,Although,113.9,U02494,South,High,Cancelled,326.99
P003321,Beauty,50.51,Recognize,50.51,U01476,East,Medium,Completed,1513.93
P002554,Clothing,341.16,Resource,341.16,U02121,East,Medium,Completed,685.98
P005046,Clothing,93.51,Leave,93.51,U02879,North,High,Completed,439.93
P005700,Clothing,26.46,Bad,26.46,U02405,South,Low,Completed,166.6
P004236,Electronics,41.11,Garden,41.11,U02244,North,Medium,Completed,307.33
P003926,Beauty,37.14,Front,37.14,U02812,East,Low,Completed,295.68
P004945,Sports,72.57,Feel,72.57,U02415,East,High,Completed,1861.97
P005784,Beauty,63.15,Culture,63.15,U01756,South,High,Completed,1473.17
P007170,Home & Kitchen,30.42,Discussion,30.42,,North,Medium,Completed,1184.86
P001761,Beauty,20.35,Particularly,20.35,U01700,East,High,Completed,573.72
P003280,Electronics,68.96,Professional,68.96,U02038,West,Low,Completed,740.89
P001966,Clothing,13.35,Evidence,13.35,U02022,West,High,Completed,733.96
P005235,Electronics,78.65,Million,78.65,U01623,West,Low,Completed,1122.62
P002949,Sports,161.31,Street,161.31,U01612,West,Low,Pending,825.08
P006876,Beauty,51.79,Child,51.79,,South,Low,Completed,807.03
P007831,Home & Kitchen,22.55,Tax,22.55,U02162,South,High,Completed,420.39
P006409,Sports,113.04,Prevent,113.04,,South,Medium,Refunded,829.91
P006419,Books,233.21,Prepare,233.21,U02775,North,Low,Refunded,1537.47
P006040,Sports,139.54,Wall,139.54,U00184,South,High,Completed,1458.24
P003143,Beauty,61.37,Believe,61.37,U02011,South,Medium,Completed,524.47
P005761,Books,63.02,Pull,63.02,U01121,North,Medium,Completed,1339.07
P000445,Home & Kitchen,25.61,Training,25.61,,East,High,Cancelled,1074.91
P002088,Sports,19.71,Health,19.71,U02821,North,Medium,Refunded,362.84
P005219,Clothing,49.49,Understand,49.49,U01176,South,Medium,Completed,439.84
P001265,Electronics,72.4,Keep,72.4,,East,Low,Completed,540.7
P006166,Groceries,40.99,Team,40.99,U00065,West,Low,Completed,1220.71
P002754,Clothing,82.05,Defense,82.05,U00023,East,Medium,Completed,1604.96
P005535,Home & Kitchen,115.43,New,115.43,U00082,South,Medium,Completed,188.65
P002566,Home & Kitchen,78.61,Color,78.61,U02849,South,Medium,Completed,381.93
P005270,Books,68.32,Every,68.32,U02849,South,Low,Completed,332.83
P005946,Home & Kitchen,77.64,Student,77.64,U00094,South,High,Completed,1883.66
P005768,Sports,39.86,Still,39.86,U00136,North,High,Completed,1307.24
P004451,Clothing,71.49,Gun,71.49,U02695,West,Low,Completed,1099.94
P003930,Home & Kitchen,53.99,Form,53.99,U02786,East,Medium,Completed,712.68
P006442,Home & Kitchen,117.04,Whether,117.04,U01257,North,High,Cancelled,566.89
P006037,Electronics,93.84,Guy,93.84,U02959,North,High,Completed,1203.03
P001077,Beauty,63.64,Might,63.64,U00410,East,Low,Completed,1224.22
P002888,Beauty,59.92,Agree,59.92,,South,Medium,Pending,1419.91
P003271,Beauty,57.11,Particular,57.11,U02004,East,High,Refunded,852.09
P007069,Clothing,88.07,Full,88.07,U01508,East,High,Pending,277.55
P006267,Electronics,87.76,Cost,87.76,U02578,East,Medium,Cancelled,1397.64
P001228,Home & Kitchen,39.57,Soldier,39.57,,East,Medium,Pending,1083.95
P005188,Sports,55.7,Film,55.7,U02349,South,High,Completed,466.97
P007392,Groceries,64.97,Method,64.97,U01124,East,Medium,Refunded,668.54
P001152,Home & Kitchen,121.64,Rock,121.64,U02626,East,Low,Completed,1438.46
P003728,Sports,29.91,End,29.91,U00558,South,Low,Completed,1478.95
P005959,Groceries,91.85,First,91.85,U00311,South,Medium,Completed,300.44
P004031,Beauty,124.2,Adult,124.2,U02288,West,High,Completed,1301.34
P003935,Beauty,21.39,Do,21.39,U00155,North,Medium,Completed,354.09
P007308,Books,102.14,Beat,102.14,U01143,South,Medium,Completed,2298.22
P000418,Sports,38.79,Fine,38.79,U01187,East,Medium,Completed,1193.75
P005063,Books,157.75,Really,157.75,U00187,West,Low,Completed,647.74
P001243,Books,201.22,Training,201.22,U00161,West,High,Pending,344.48
P005667,Books,78.71,Upon,78.71,U01371,East,Low,Pending,1921.04
P001867,Books,122.98,Hospital,122.98,U00397,North,Medium,Completed,992.51
P004254,Sports,45.64,Husband,45.64,U02313,West,Low,Completed,439.42
P003167,Clothing,163.66,Lawyer,163.66,U02000,East,High,Completed,588.8
P007424,Beauty,25.27,Off,25.27,U02977,West,High,Cancelled,869.61
P003664,Clothing,87.78,Baby,87.78,U01832,South,Low,Pending,2757.14
P003716,Beauty,78.12,Something,78.12,U00681,East,High,Completed,708.65
P005859,Sports,52.08,Choose,52.08,U01552,North,Low,Completed,680.52
P007208,Beauty,91.08,Site,91.08,U02786,East,Low,Cancelled,1628.63
P005251,Home & Kitchen,106.25,Low,106.25,U01681,West,High,Completed,770.17
P001279,Electronics,56.92,Per,56.92,U01905,North,High,Cancelled,799.81
P006334,Groceries,26.17,Pick,26.17,U01716,West,High,Completed,1042.41
P002638,Groceries,55.79,Season,55.79,,North,High,Completed,1142.33
P005523,Books,105.88,Mind,105.88,U02142,West,Medium,Completed,1355.06
P004857,Books,81.89,Ability,81.89,U00972,East,High,Pending,1402.27
P003111,Sports,152.81,Listen,152.81,U01787,North,Low,Completed,2200.06
P004339,Groceries,32.93,Agreement,32.93,U02568,North,Low,Refunded,1269.54
P000885,Beauty,217.81,Now,217.81,U01469,North,High,Cancelled,2695.77
P007522,Books,56.79,Direction,56.79,U00591,North,Medium,Completed,1478.36
P000621,Sports,62.74,Window,62.74,U01572,West,Low,Completed,520.57
P006795,Groceries,22.31,Gun,22.31,U02339,South,High,Completed,624.36
P007703,Sports,25.36,Difficult,25.36,U01565,East,Medium,Completed,399.86
P002552,Groceries,38.09,Daughter,38.09,U01030,West,High,Completed,2042.14
P002971,Home & Kitchen,122.68,Specific,122.68,U01993,North,High,Completed,1493.97
P002208,Beauty,90.02,New,90.02,U00828,South,Low,Completed,454.33
P003467,Books,28.37,Think,28.37,U02321,North,Low,Completed,759.62
P007027,Clothing,37.68,Act,37.68,U02008,West,Low,Completed,1588.15
P000538,Home & Kitchen,12.79,Protect,12.79,,East,Medium,Pending,1262.59
P003768,Beauty,145.3,Director,145.3,,East,Medium,Completed,2341.68
P002289,Beauty,128.4,Force,128.4,U01522,West,Low,Completed,1470.4
P000014,Beauty,65.87,Offer,65.87,U01495,South,Medium,Completed,663.55
P001682,Clothing,89.61,Field,89.61,,West,Medium,Completed,760.38
P006620,Home & Kitchen,86.72,Company,86.72,U01978,North,High,Completed,967.31
P000741,Clothing,104.51,Research,104.51,U00121,East,Low,Pending,1159.51
P005497,Sports,98.68,Those,98.68,U01291,East,Low,Cancelled,931.93
P002977,Clothing,71.05,Free,71.05,U00300,West,Medium,Completed,497.05
P003387,Electronics,55.41,Window,55.41,U02847,East,Low,Pending,525.5
P001386,Electronics,40.48,Part,40.48,U00279,North,Medium,Completed,737.73
P007759,Home & Kitchen,36.59,National,36.59,U01029,West,High,Completed,1400.6
P007489,Clothing,197.22,Age,197.22,U01750,West,Medium,Completed,211.79
P002844,Electronics,24.23,Into,24.23,U00602,North,Medium,Completed,1106.55
P005865,Electronics,192.41,Short,192.41,U00573,West,Medium,Completed,389.39
P005793,Electronics,29.2,Exist,29.2,U00009,South,High,Completed,353.85
P007733,Sports,45.6,Politics,45.6,U01444,South,Low,Completed,277.92
P002404,Electronics,56.11,Race,56.11,U00882,East,Medium,Completed,1534.14
P007203,Sports,82.16,Your,82.16,U01730,East,High,Cancelled,753.78
P000335,Books,119.04,Investment,119.04,U00580,East,Medium,Refunded,962.62
P002737,Sports,60.27,Then,60.27,,South,High,Completed,1221.05
P007545,Groceries,76.48,Rich,76.48,U01313,East,Medium,Completed,1159.94
P004281,Sports,26.21,Lot,26.21,U02503,East,High,Cancelled,992.76
P004920,Home & Kitchen,167.4,Director,167.4,U00241,North,High,Completed,531.46
P003496,Home & Kitchen,99.57,Mother,99.57,U01141,South,Low,Completed,891.63
P002990,Home & Kitchen,37.86,Push,37.86,U00505,West,Low,Completed,476.91
P003398,Electronics,57.14,Worker,57.14,,North,Medium,Pending,1142.95
P003050,Electronics,180.48,Air,180.48,U00243,West,Low,Completed,1038.92
P002236,Books,150.74,Score,150.74,U00739,East,Low,Completed,1578.8
P000942,Clothing,101.33,Air,101.33,,North,High,Completed,1863.29
P004381,Electronics,49.24,Kid,49.24,U02904,North,Medium,Cancelled,733.48
P007560,Groceries,71.55,Trade,71.55,U02516,East,High,Refunded,218.98
P002948,Books,11.57,Economic,11.57,U01450,East,Medium,Completed,611.26
P001185,Sports,50.72,Camera,50.72,U00047,West,Low,Completed,908.08
P004262,Books,146.39,At,146.39,U02139,South,Medium,Completed,730.89
P006492,Sports,57.26,Son,57.26,U02107,East,Medium,Completed,1330.93
P006443,Beauty,73.41,Despite,73.41,U00422,North,Medium,Refunded,286.05
P006680,Sports,79.81,Three,79.81,U00861,East,High,Completed,753.48
P002278,Electronics,77.78,Leave,77.78,U00052,West,Low,Pending,1806.96
P003932,Beauty,58.28,Answer,58.28,U02364,North,Low,Cancelled,643.26
P001852,Books,115.84,But,115.84,U02896,South,Low,Completed,782.3
P005815,Clothing,32.86,Necessary,32.86,U02155,South,Medium,Refunded,756.97
P004138,Groceries,94.16,Our,94.16,U01238,West,Low,Completed,413.53
P007013,Sports,48.03,Record,48.03,U01744,South,Medium,Completed,400.1
P002797,Home & Kitchen,142.39,Hold,142.39,U02994,West,Medium,Pending,1097.82
P004876,Books,90.0,Cause,90.0,U00309,North,High,Completed,1091.7
P001887,Groceries,37.1,Far,37.1,U01193,East,Low,Completed,158.41
P003660,Books,75.28,About,75.28,U00165,South,Low,Pending,561.22
P003616,Electronics,108.38,Brother,108.38,U01447,South,Medium,Pending,736.3
P006591,Books,230.88,Present,230.88,U00922,East,Medium,Completed,980.23
P003520,Electronics,64.04,Popular,64.04,U00931,West,Medium,Completed,984.73
P002398,Books,130.23,Way,130.23,U01113,East,High,Completed,756.1
P002094,Clothing,153.86,Trip,153.86,U00089,West,Medium,Completed,1206.65
P007074,Home & Kitchen,165.36,Computer,165.36,U02427,South,Low,Completed,793.01
P007960,Groceries,179.89,Alone,179.89,U02748,North,Medium,Completed,967.67
P002157,Books,49.26,Sit,49.26,U00559,West,Medium,Completed,964.17
P003690,Groceries,32.85,Idea,32.85,U01462,West,Low,Completed,782.07
P005782,Clothing,48.17,I,48.17,U01985,North,High,Completed,1411.08
P000030,Clothing,88.16,Science,88.16,U01859,North,High,Cancelled,950.93
P004278,Books,115.93,Phone,115.93,U01402,West,Medium,Refunded,1573.18
P002670,Sports,87.43,Bring,87.43,U00962,East,Medium,Completed,804.7
P003492,Clothing,101.11,Visit,101.11,,South,Low,Refunded,241.99
P004731,Books,47.27,Enjoy,47.27,U00435,East,Medium,Refunded,717.86
P004201,Home & Kitchen,95.08,Step,95.08,U00845,South,High,Completed,78.53
P004157,Clothing,44.22,Argue,44.22,U02442,West,Low,Completed,517.28
P006803,Clothing,33.68,Scene,33.68,U01201,West,Medium,Completed,930.44
P001108,Beauty,99.17,Then,99.17,U00559,East,Medium,Completed,94.15
P000491,Beauty,63.32,Move,63.32,U00336,West,High,Completed,845.0
P000316,Books,131.06,Avoid,131.06,U00605,South,Low,Completed,1001.21
P001475,Groceries,83.56,Involve,83.56,U00225,East,Low,Completed,1080.69
P006129,Clothing,44.69,Reality,44.69,U01643,East,Low,Cancelled,1672.2
P000382,Electronics,60.72,Think,60.72,U01764,South,High,Completed,1122.89
P004519,Sports,23.82,Participant,23.82,U00998,West,High,Completed,1082.09
P007665,Beauty,212.24,Other,212.24,U00232,East,Low,Completed,957.8
P007935,Groceries,98.37,Mind,98.37,U01353,West,Medium,Completed,548.13
P003812,Sports,34.81,Year,34.81,U00021,West,Low,Completed,707.41
P003596,Home & Kitchen,98.64,Suffer,98.64,U01899,South,Medium,Pending,1568.59
P000446,Books,69.84,Easy,69.84,U00110,West,Medium,Refunded,489.35
P004760,Books,26.69,Run,26.69,U00587,West,Medium,Completed,975.24
P005121,Books,99.75,Represent,99.75,U00196,East,High,Pending,453.66
P002828,Groceries,101.31,Likely,101.31,U01741,East,High,Completed,634.53
P004073,Home & Kitchen,20.52,Almost,20.52,U01042,West,Medium,Completed,1575.5
P007674,Sports,41.68,Old,41.68,U01989,South,Medium,Completed,337.36
P000627,Sports,19.12,Relationship,19.12,U00127,South,Medium,Completed,433.14
P005578,Sports,103.65,Sign,103.65,U01150,West,Medium,Completed,1005.71
P005609,Sports,63.82,Page,63.82,U00858,North,Low,Completed,396.56
P001113,Books,67.22,Little,67.22,U02646,West,Medium,Completed,198.45
P005604,Groceries,35.57,Care,35.57,U02590,North,High,Cancelled,478.24
P001485,Home & Kitchen,35.0,There,35.0,U00358,North,Medium,Cancelled,784.75
P007246,Electronics,48.67,Decade,48.67,U02832,East,High,Completed,919.59
P004365,Beauty,95.25,Senior,95.25,U00763,North,Low,Completed,1416.25
P002978,Books,84.05,Quality,84.05,U00624,East,Low,Completed,595.28
P003196,Groceries,77.06,By,77.06,U00917,South,Medium,Completed,561.07
P005418,Books,184.93,Else,184.93,U00972,North,Low,Completed,1250.07
P006002,Books,130.07,Type,130.07,U02499,West,Medium,Pending,1728.2
P005216,Beauty,107.14,Provide,107.14,U01394,North,High,Completed,798.51
P003806,Home & Kitchen,84.24,Respond,84.24,U00298,East,High,Completed,311.75
P000012,Books,23.91,Sit,23.91,U00934,East,Low,Cancelled,914.34
P004211,Beauty,178.77,Yes,178.77,U01624,West,Medium,Completed,364.18
P000844,Clothing,97.51,Someone,97.51,U00332,West,Medium,Completed,412.62
P001453,Clothing,96.04,Democrat,96.04,U01875,South,High,Completed,411.66
P007426,Beauty,151.65,Contain,151.65,U00227,East,High,Completed,885.15
P005852,Beauty,46.81,Land,46.81,U00038,East,High,Completed,361.02
P001974,Books,102.03,Attack,102.03,U00993,West,Low,Completed,567.55
P001789,Beauty,26.73,Sure,26.73,U01618,East,High,Completed,1306.22
P002401,Sports,110.35,Send,110.35,U01037,West,Medium,Completed,2108.69
P002701,Groceries,92.99,Stop,92.99,U01123,West,Low,Completed,1398.32
P000774,Books,59.29,Become,59.29,U00676,West,Low,Completed,690.6
P006076,Sports,128.62,Plant,128.62,,West,Low,Completed,644.47
P004787,Clothing,122.84,Thank,122.84,U01199,East,Medium,Completed,606.3
P006043,Electronics,93.48,Then,93.48,U01076,South,High,Completed,620.3
P000791,Home & Kitchen,20.01,Ago,20.01,U02926,North,High,Completed,925.59
P006676,Electronics,52.68,That,52.68,U01983,West,Medium,Completed,800.36
P002916,Home & Kitchen,124.08,Sell,124.08,U01882,North,High,Cancelled,986.41
P004266,Books,91.93,Know,91.93,U00370,South,Medium,Completed,2251.74
P006384,Electronics,173.47,Again,173.47,U02586,North,Low,Completed,637.89
P003350,Clothing,52.45,Year,52.45,U00399,North,Medium,Completed,1232.71
P005281,Clothing,89.31,Local,89.31,U02777,North,Medium,Cancelled,142.26
P002122,Beauty,95.14,Laugh,95.14,U00144,North,Low,Completed,540.48
P001554,Beauty,53.97,Stand,53.97,U01137,East,Medium,Completed,1201.39
P003135,Groceries,24.78,Moment,24.78,U00398,South,High,Completed,1654.98
P006906,Electronics,15.73,Safe,15.73,U02058,East,Medium,Completed,566.22
P007661,Clothing,98.26,Every,98.26,U01394,South,Medium,Pending,838.69
P006885,Clothing,42.92,Alone,42.92,U01999,East,Medium,Completed,290.2
P004847,Sports,173.46,Focus,173.46,U02240,North,Low,Completed,1051.05
P006886,Sports,128.84,Her,128.84,U00138,West,Low,Completed,556.02
P002879,Home & Kitchen,47.8,Certain,47.8,U00094,East,High,Completed,3133.58
P001820,Clothing,80.21,Smile,80.21,U00112,North,Medium,Completed,1573.4
P006192,Clothing,12.27,Market,12.27,U00012,North,Low,Completed,983.32
P002811,Books,72.19,Offer,72.19,U00871,West,High,Completed,505.99
P000592,Clothing,72.83,Way,72.83,U02595,East,Low,Completed,1126.57
P004904,Beauty,149.45,Poor,149.45,U01236,East,Low,Completed,965.01
P005180,Clothing,136.97,Foreign,136.97,U02612,East,High,Completed,1896.83
P006650,Clothing,140.4,Skill,140.4,U00334,East,Low,Cancelled,365.31
P001045,Books,47.0,Bag,47.0,U00282,North,High,Completed,472.59
P004041,Electronics,19.98,Both,19.98,U00640,North,Low,Refunded,2017.44
P005545,Sports,62.67,Series,62.67,U00054,East,Medium,Cancelled,587.71
P004749,Electronics,140.34,Live,140.34,U01359,South,Low,Refunded,1710.7
P006337,Groceries,26.29,Leader,26.29,U01069,South,Low,Completed,2084.4
P005763,Electronics,63.89,Beat,63.89,U01779,West,High,Completed,883.74
P005336,Sports,123.45,Contain,123.45,U02968,North,Medium,Pending,940.67
P000245,Groceries,153.85,Him,153.85,U01388,North,Medium,Refunded,1800.81
P001388,Groceries,75.7,Source,75.7,U01032,South,Low,Completed,574.05
P002023,Sports,110.15,Garden,110.15,U02992,East,Medium,Completed,749.31
P000060,Sports,83.34,Surface,83.34,U00645,North,High,Completed,330.57
P005342,Books,56.77,Smile,56.77,U01572,East,Low,Pending,752.12
P000177,Groceries,182.61,Product,182.61,U02706,North,Low,Completed,961.91
P000450,Groceries,96.85,Voice,96.85,U01716,South,Medium,Completed,1375.86
P004082,Clothing,96.86,Act,96.86,U02735,North,Medium,Pending,868.72
P000056,Home & Kitchen,30.25,Throw,30.25,U01087,West,Medium,Completed,1085.04
P007972,Home & Kitchen,162.59,Magazine,162.59,,North,Medium,Cancelled,304.93
P007423,Groceries,31.09,Particular,31.09,U02814,South,High,Completed,774.61
P007064,Electronics,219.35,Animal,219.35,U01824,East,High,Completed,1233.93
P003458,Electronics,80.71,Will,80.71,U01035,North,Medium,Pending,1101.37
P006069,Beauty,78.7,Rest,78.7,U02032,West,Medium,Completed,703.21
P007366,Home & Kitchen,154.03,Recognize,154.03,U01191,North,Medium,Pending,1092.37
P005189,Electronics,255.88,Organization,255.88,U02481,West,Medium,Completed,2171.45
P007891,Home & Kitchen,84.76,Exist,84.76,U00481,South,Medium,Completed,336.64
P001769,Books,71.47,Small,71.47,U02871,East,High,Pending,248.7
P001738,Electronics,76.13,Discuss,76.13,U00661,East,High,Completed,1380.56
P003241,Home & Kitchen,72.05,Them,72.05,U01557,West,Low,Completed,376.08
P005306,Electronics,48.49,Major,48.49,U00749,East,High,Completed,673.88
P007204,Home & Kitchen,56.55,Bed,56.55,U01267,East,Low,Completed,674.89
P004738,Books,128.65,Threat,128.65,U01206,West,Medium,Completed,1050.15
