item_id,order_id,product_id,quantity,unit_price,discount_percent
1,1,465,2,25639.11,6.94
2,1,416,5,11203.92,11.68
3,1,38,1,20413.22,15.91
4,1,536,5,32727.33,84.07
5,1,486,2,41127.77,20.95
6,2,208,6,19796.06,95.38
7,2,119,6,34735.28,23.32
8,2,94,2,7350.98,84.22
9,3,498,3,27420.08,14.4
10,3,388,6,8502.8,13.93
11,3,279,3,39956.34,12.03
12,4,459,2,20918.77,1.01
13,4,461,3,24461.69,69.9
14,4,317,4,35372.91,27.24
15,4,92,4,57776.87,3.3
16,4,430,6,21549.79,11.4
17,5,211,5,576.63,11.01
18,5,51,5,24870.18,29.97
19,5,380,1,36883.48,18.62
20,6,344,6,17982.37,26.17
21,6,403,3,18512.75,7.3
22,6,358,3,23791.76,17.67
23,6,289,5,42370.66,8.27
24,6,424,4,34537.7,40.99
25,7,539,6,42006.53,22.45
26,8,337,6,59300.8,16.0
27,8,513,5,56032.08,15.77
28,8,431,1,45638.9,1.84
29,8,132,2,28776.36,32.68
30,8,489,5,17295.22,12.38
31,9,484,1,2670.35,43.28
32,9,136,3,3938.89,6.7
33,9,129,1,8571.97,10.67
34,10,118,6,20065.78,35.62
35,10,209,6,11499.84,18.84
36,11,3,1,21693.72,25.94
37,11,441,3,13355.11,93.45
38,11,81,5,53112.58,18.36
39,11,224,4,40277.84,85.8
40,12,318,3,24453.99,0.56
41,12,469,2,42880.92,22.24
42,13,29,5,22947.6,1.5
43,13,34,6,39793.58,26.68
44,13,322,1,11380.59,20.78
45,13,145,3,13780.02,25.04
46,14,168,2,36609.17,39.08
47,15,460,6,55344.67,20.1
48,15,345,5,37454.15,13.63
49,16,339,5,13010.02,6.89
50,16,411,2,24556.66,22.02
51,17,439,4,48965.53,12.81
52,18,356,2,22274.69,94.16
53,18,323,2,44109.5,7.75
54,18,256,4,1839.7,91.79
55,18,59,2,32457.01,28.4
56,19,17,6,17631.18,1.75
57,19,94,6,49896.4,16.39
58,19,466,6,6185.26,19.27
59,19,167,6,49507.93,18.67
60,19,168,5,11054.32,38.63
61,20,233,6,30396.78,5.4
62,20,550,3,48179.6,20.64
63,20,452,4,32073.21,27.45
64,20,158,6,56834.54,18.82
65,20,481,4,56435.27,2.99
66,21,89,1,27527.59,7.07
67,22,426,4,51790.94,20.81
68,22,52,6,35936.03,58.78
69,22,76,5,41697.25,31.83
70,23,506,1,8612.09,11.63
71,24,256,2,21706.92,14.43
72,24,226,4,40779.72,7.82
73,24,466,6,57491.03,22.2
74,25,201,2,17736.22,27.15
75,26,313,5,29995.84,27.67
76,27,278,-4,10055.99,18.42
77,28,520,2,26946.88,70.2
78,28,358,2,38116.18,94.76
79,28,74,5,24905.48,45.24
80,28,321,4,47707.95,35.87
81,29,18,1,21022.45,80.95
82,29,429,-2,22196.24,4.73
83,30,293,2,35525.6,66.48
84,30,120,5,26209.91,21.61
85,30,74,2,10424.39,8.9
86,30,331,2,22681.29,25.92
87,30,421,-5,40162.51,19.45
88,31,229,6,51094.86,57.39
89,32,161,6,51045.17,82.88
90,32,66,1,17834.74,26.5
91,33,158,5,24147.66,3.12
92,33,446,5,19670.33,1.75
93,33,428,3,45029.59,20.21
94,34,398,2,30198.32,13.27
95,35,492,6,38304.57,87.02
96,35,251,6,44746.81,21.73
97,35,322,2,10899.53,21.45
98,35,534,4,10824.84,1.71
99,35,336,6,17130.89,15.96
100,36,289,6,30713.69,23.17
101,37,93,4,26846.16,12.19
102,38,285,6,44147.82,21.93
103,38,540,4,1354.11,5.04
104,38,99,1,20935.35,16.13
105,38,165,3,23822.18,0.12
106,38,527,6,48595.83,88.63
107,39,2,5,55501.8,18.48
108,39,364,6,46061.65,45.11
109,40,443,2,33393.02,26.46
110,40,168,5,23183.34,28.79
111,40,469,2,24509.79,15.17
112,40,447,6,37903.25,24.34
113,40,250,4,27347.06,55.21
114,41,1,1,39863.06,6.03
115,42,157,6,30535.3,10.48
116,42,102,2,36045.19,15.85
117,43,21,4,39073.49,18.87
118,43,416,3,10106.18,28.03
119,43,494,5,39285.93,77.03
120,44,131,4,41718.13,59.34
121,44,479,5,38630.77,8.97
122,44,456,6,44092.01,71.62
123,44,420,6,23508.28,95.33
124,44,120,4,45846.79,10.62
125,45,142,3,18552.07,16.97
126,46,352,2,40302.63,0.27
127,46,334,4,53207.01,18.23
128,47,275,4,59821.25,43.79
129,47,487,5,1393.46,78.18
130,47,147,4,40814.97,35.19
131,47,422,5,17125.18,95.36
132,48,517,1,14627.66,15.57
133,48,310,6,23980.21,24.25
134,49,390,3,32068.88,31.6
135,50,171,2,53269.02,39.85
136,50,528,4,24072.86,27.05
137,50,404,1,10830.58,7.58
138,50,11,5,13364.23,16.19
139,50,335,5,39976.95,48.25
140,51,243,4,14270.09,96.01
141,51,486,3,2929.87,67.97
142,51,269,6,40761.63,88.86
143,51,109,5,12278.01,28.51
144,51,356,4,33521.69,5.75
145,52,302,5,54847.44,19.61
146,52,443,5,24925.28,1.05
147,52,460,1,12322.29,68.79
148,52,54,1,55144.15,96.89
149,53,45,4,20642.35,27.07
150,53,403,4,22516.09,3.86
151,54,130,3,36715.78,14.33
152,54,120,3,46110.29,85.51
153,55,9,3,55919.02,8.85
154,56,265,4,54055.92,28.86
155,57,382,3,50901.38,16.03
156,57,229,-3,49843.16,8.62
157,57,448,6,6187.48,25.86
158,58,58,6,5575.13,27.88
159,58,4,4,46750.18,96.99
160,58,256,4,46366.81,16.37
161,58,404,2,33385.53,9.64
162,58,131,3,35108.91,68.13
163,59,144,4,30191.19,18.45
164,59,321,4,20225.7,85.17
165,59,104,1,35997.25,45.41
166,60,483,6,46365.4,87.38
167,60,236,6,43961.7,78.95
168,60,375,4,34876.8,29.4
169,61,205,1,29350.99,6.67
170,61,267,1,25334.99,2.06
171,61,297,2,38694.15,29.41
172,61,209,4,30827.49,26.69
173,62,70,-2,49649.87,9.48
174,62,362,1,7421.41,12.26
175,62,179,6,19713.51,81.22
176,62,492,5,30761.86,10.69
177,62,487,6,17622.99,14.9
178,63,454,5,59217.52,81.36
179,63,388,2,34577.95,18.87
180,63,167,4,54371.51,58.75
181,63,408,5,41400.67,53.23
182,64,349,2,41057.11,9.52
183,64,492,1,24634.97,27.14
184,64,234,2,23452.76,15.44
185,64,18,5,45089.85,20.1
186,64,545,6,22305.66,91.08
187,65,503,5,31146.93,59.23
188,65,337,2,26522.33,21.93
189,65,357,5,39788.22,2.22
190,66,307,5,36545.31,26.96
191,66,542,-4,19757.16,8.98
192,67,337,2,45656.91,99.49
193,67,102,5,11015.29,2.97
194,67,273,5,45143.93,3.42
195,68,252,5,29551.88,8.25
196,69,12,1,34667.82,14.78
197,69,24,4,35153.55,78.93
198,69,171,1,39453.88,16.15
199,70,476,-6,50184.46,12.65
200,71,21,1,51473.18,57.35
201,71,125,4,38814.47,12.13
202,71,247,6,34480.67,9.84
203,71,82,5,51349.56,1.28
204,72,63,2,12474.39,34.33
205,72,139,6,31902.69,75.75
206,72,307,2,4824.07,15.29
207,73,411,5,526.15,32.18
208,73,252,4,38008.86,66.57
209,73,215,1,51660.37,7.18
210,73,362,4,21488.39,3.47
211,73,248,4,23633.95,1.28
212,74,521,4,27470.45,16.34
213,74,246,4,39044.4,10.29
214,75,303,5,48453.55,81.7
215,75,182,6,2194.22,99.92
216,76,332,6,24634.73,97.53
217,76,210,1,40189.8,4.06
218,76,343,-2,8648.32,12.67
219,76,549,5,15871.5,27.06
220,77,542,5,19087.61,2.16
221,78,46,3,51647.76,18.2
222,78,429,6,34223.1,53.66
223,78,508,3,30597.94,26.14
224,78,412,3,42444.02,23.01
225,79,465,-2,58073.33,28.8
226,79,140,1,45477.78,24.62
227,79,503,6,2203.38,20.83
228,79,127,5,54078.64,6.17
229,79,273,4,44870.03,6.67
230,80,220,3,27025.48,2.83
231,80,415,-6,846.14,28.26
232,81,198,1,7750.21,26.45
233,81,525,2,55437.4,84.74
234,81,430,2,36711.66,10.68
235,82,138,-1,42465.84,17.75
236,82,8,6,33945.07,37.12
237,82,275,2,38630.47,48.27
238,82,287,5,57289.61,4.33
239,83,477,2,58979.52,17.23
240,83,29,2,22454.34,25.26
241,83,487,2,937.93,20.82
242,84,177,1,49723.39,19.24
243,84,430,4,6043.08,5.03
244,85,153,5,41698.07,93.43
245,86,36,5,47566.11,80.26
246,86,33,6,34317.35,95.84
247,87,32,5,3689.96,4.1
248,87,11,5,1657.21,18.46
249,87,348,1,46743.67,5.15
250,87,477,1,32478.1,4.13
251,87,488,5,4626.67,14.25
252,88,26,3,55330.75,22.3
253,89,508,1,32874.74,2.05
254,90,466,3,24483.03,4.34
255,91,309,2,8739.06,0.46
256,91,301,3,54691.03,8.23
257,92,279,3,26820.05,26.5
258,93,24,6,19016.8,13.05
259,93,214,4,27990.56,21.61
260,93,188,1,40659.92,34.49
261,93,431,6,32448.99,3.71
262,94,109,5,19248.18,17.44
263,95,175,4,24335.74,8.57
264,96,549,5,7701.41,29.97
265,96,424,1,16227.13,0.71
266,96,262,6,49269.78,2.66
267,96,491,5,2048.49,84.64
268,96,439,2,18116.45,57.13
269,97,207,2,16214.03,13.47
270,97,403,1,7124.37,15.83
271,97,131,3,11330.75,0.29
272,97,203,1,12038.18,20.59
273,97,334,6,971.23,0.04
274,98,224,-1,32957.77,79.33
275,98,3,6,24258.04,11.12
276,99,4,5,46110.27,2.7
277,100,122,1,51366.85,56.77
278,100,416,6,49241.96,49.45
279,100,3,4,34960.14,23.2
280,101,46,3,50574.45,85.46
281,101,398,5,59998.5,4.06
282,101,10,1,48974.55,15.45
283,101,345,6,26130.27,21.69
284,102,457,1,5201.26,60.41
285,102,85,6,15622.36,22.78
286,103,154,6,50887.08,36.3
287,103,19,3,16736.27,13.39
288,103,194,4,36471.85,58.2
289,104,415,2,5819.88,8.01
290,104,443,6,48625.79,16.17
291,104,453,1,9217.23,22.25
292,105,296,2,20864.37,14.91
293,105,2,6,8243.0,91.27
294,105,153,6,24753.99,93.06
295,105,401,3,1142.07,15.95
296,106,143,5,6520.25,41.87
297,107,181,6,20822.5,66.56
298,108,118,5,3417.35,0.71
299,108,33,1,14613.95,8.67
300,108,63,1,44763.69,98.36
301,108,476,2,59413.29,2.06
302,109,129,1,15943.07,11.23
303,110,440,6,45259.77,72.54
304,110,446,3,53640.64,12.57
305,110,333,2,18060.76,0.75
306,110,230,5,14272.21,71.92
307,111,317,2,21048.37,2.49
308,111,504,4,9874.6,10.16
309,112,470,4,327.22,41.83
310,112,188,4,55919.75,28.58
311,113,283,5,53044.06,16.37
312,113,79,5,16246.79,14.2
313,114,164,5,12540.84,41.28
314,115,523,3,29054.02,14.56
315,116,321,2,18503.59,22.17
316,116,279,4,56853.71,33.63
317,117,259,3,10406.85,19.8
318,117,365,3,38604.8,12.37
319,117,168,6,29634.15,55.04
320,117,366,5,15019.75,12.87
321,118,231,5,30211.14,6.48
322,118,346,5,48102.11,29.79
323,118,295,4,46470.48,9.83
324,119,45,2,48929.13,19.61
325,120,85,1,24146.77,74.4
326,120,191,5,49445.36,14.23
327,120,254,6,52350.47,98.75
328,121,168,6,35721.0,17.77
329,121,64,5,3064.97,27.6
330,122,215,3,28543.15,10.69
331,123,102,6,37857.42,92.73
332,123,478,3,37048.66,1.53
333,123,425,5,34951.88,97.82
334,123,47,4,19786.54,0.94
335,124,79,2,20509.49,16.56
336,125,24,4,33530.89,25.11
337,126,4,6,6805.87,12.8
338,126,483,5,6752.98,29.28
339,126,141,2,12247.88,22.75
340,126,480,6,15153.72,3.62
341,126,58,2,50266.33,87.83
342,127,109,6,32987.55,13.97
343,127,8,5,10266.01,86.81
344,127,187,2,8183.71,28.92
345,127,294,2,7380.35,23.68
346,127,16,4,45828.76,25.41
347,128,408,4,40966.19,43.69
348,128,484,6,34726.04,27.95
349,128,21,6,52660.57,32.19
350,129,417,3,23364.87,92.77
351,130,203,1,57303.97,23.01
352,130,373,2,12791.69,3.38
353,131,228,1,712.11,22.16
354,131,141,5,4568.2,85.82
355,131,296,1,22161.23,47.63
356,131,300,3,42886.99,20.95
357,131,516,4,14779.58,28.07
358,132,239,-1,1122.85,76.11
359,132,318,4,46145.57,50.56
360,132,93,5,51345.81,47.25
361,133,346,4,19838.0,23.42
362,133,329,3,29915.26,36.23
363,133,114,2,56339.41,67.14
364,133,141,5,13702.26,15.35
365,133,79,3,44314.93,23.15
366,134,474,3,6194.56,1.83
367,134,480,5,21763.06,22.64
368,134,145,4,38508.92,66.46
369,134,38,1,29251.89,22.83
370,135,191,4,4466.47,84.67
371,136,186,5,15647.65,20.56
372,136,393,4,53620.83,51.62
373,136,52,3,26976.82,4.08
374,136,166,4,22697.09,47.82
375,137,212,3,32954.54,14.28
376,138,367,2,25931.12,14.26
377,138,129,1,40342.13,26.32
378,139,403,3,15656.52,2.54
379,139,240,5,36278.65,20.0
380,139,181,4,57423.89,85.38
381,139,59,4,46613.05,68.18
382,139,343,6,27068.89,15.01
383,140,512,2,4710.77,0.83
384,140,348,5,50720.19,25.81
385,140,353,6,27380.96,5.96
386,140,261,2,38643.55,3.19
387,141,476,3,29456.74,29.06
388,142,434,2,17742.23,16.3
389,143,296,3,24308.48,0.97
390,144,107,-5,35112.4,5.62
391,144,436,2,59694.62,23.84
392,145,98,3,23911.49,2.32
393,146,26,1,48392.78,92.39
394,146,74,4,2456.33,1.08
395,146,462,1,11977.24,83.51
396,146,476,2,16851.81,25.58
397,147,164,2,419.23,56.28
398,147,286,6,55784.72,15.63
399,147,455,3,36803.62,9.75
400,147,444,6,44315.79,46.2
401,148,506,5,9687.91,24.67
402,148,185,2,2960.7,16.9
403,149,61,4,19934.55,86.3
404,149,129,5,21418.27,48.93
405,149,441,5,35224.41,72.28
406,149,430,5,26147.46,12.56
407,150,373,1,39939.93,16.95
408,150,423,2,10037.65,27.12
409,150,23,3,14367.98,25.9
410,150,174,5,35128.42,15.69
411,151,254,-2,10149.59,4.07
412,151,212,3,48341.1,97.34
413,152,232,3,47793.26,1.0
414,153,517,2,9815.85,11.82
415,153,292,2,8022.54,0.8
416,153,214,5,32348.11,3.67
417,153,199,3,5518.91,1.73
418,154,403,1,14639.34,5.94
419,154,321,4,35321.09,6.56
420,154,138,1,35758.32,19.23
421,155,209,2,4653.21,48.16
422,155,459,2,7773.72,28.52
423,155,351,4,40100.01,27.53
424,155,101,3,53848.22,2.54
425,155,136,5,26969.28,0.79
426,156,163,3,10056.3,35.38
427,156,546,2,21342.08,27.09
428,156,276,6,6112.01,8.99
429,156,323,6,31093.74,27.52
430,156,141,4,15729.61,3.81
431,157,135,5,42520.94,79.79
432,157,158,3,32428.07,18.03
433,157,96,1,32609.62,12.94
434,158,204,5,33535.58,35.8
435,158,214,5,10039.16,16.29
436,158,241,3,16568.73,10.01
437,158,175,5,21620.71,5.76
438,159,176,4,1177.57,11.94
439,159,329,2,46757.23,92.4
440,159,448,6,44253.12,58.56
441,159,490,2,10439.55,0.26
442,159,139,1,21224.86,28.01
443,160,173,5,35380.04,18.03
444,160,308,1,56751.26,7.37
445,160,458,3,34226.92,1.14
446,160,177,1,39341.94,83.15
447,161,41,1,49879.54,83.91
448,161,138,5,11732.9,83.6
449,161,420,6,43058.87,1.5
450,161,409,1,14812.06,16.16
451,162,138,3,5709.4,6.67
452,162,165,1,25250.33,52.89
453,163,498,3,55415.79,24.93
454,163,39,1,26211.99,28.14
455,163,329,6,56369.64,57.24
456,163,410,2,12073.12,13.34
457,164,151,2,6968.51,23.78
458,164,229,3,5679.89,4.12
459,164,114,2,23406.46,81.71
460,164,211,1,11877.98,46.99
461,165,536,1,41583.54,18.13
462,165,371,2,2795.67,42.86
463,165,489,1,51515.05,55.05
464,165,431,1,50170.02,18.46
465,166,177,6,52944.07,21.92
466,166,307,3,16112.41,5.05
467,167,354,2,23384.4,57.03
468,167,439,1,52461.37,11.09
469,167,344,2,45687.8,17.03
470,168,479,5,42395.26,1.21
471,168,178,1,13705.48,18.77
472,168,203,3,56622.03,39.08
473,169,241,1,13300.43,7.86
474,169,329,4,29374.85,12.32
475,169,17,1,27391.08,15.68
476,170,218,4,5033.03,25.3
477,170,469,3,15458.79,14.02
478,170,53,6,45325.6,27.74
479,171,377,6,41671.01,24.49
480,172,35,6,50603.09,51.7
481,172,62,3,27319.88,16.86
482,172,153,1,14247.65,26.47
483,172,464,1,2286.65,13.33
484,172,487,4,14814.26,48.3
485,173,217,6,54295.34,4.07
486,173,23,6,24677.73,27.34
487,173,415,6,4968.81,51.19
488,173,483,5,25911.38,75.99
489,174,48,2,48811.07,20.81
490,174,397,5,59245.94,84.38
491,174,483,6,1412.25,9.08
492,174,211,2,7165.1,7.87
493,174,425,5,42039.51,86.43
494,175,31,2,45775.94,4.89
495,175,417,6,988.32,80.96
496,175,401,5,50234.98,2.4
497,175,211,5,55836.27,16.86
498,176,331,1,54873.77,42.29
499,176,209,3,10379.78,4.73
500,176,239,2,35522.37,19.95
501,176,475,1,14320.58,68.71
502,177,20,-4,22884.84,61.69
503,177,116,5,219.31,60.73
504,177,290,2,16366.11,15.38
505,177,368,3,14796.92,14.67
506,177,429,6,44448.81,16.16
507,178,483,6,38489.5,20.33
508,178,515,3,31709.47,22.76
509,178,6,1,39064.43,77.24
510,178,396,6,54085.03,2.79
511,179,205,4,6954.81,59.91
512,180,423,1,2970.65,62.91
513,180,306,1,53905.43,1.97
514,181,412,5,56757.56,19.54
515,181,154,3,50562.59,94.65
516,182,469,2,39620.29,28.54
517,183,479,1,32436.23,17.77
518,183,283,1,53085.04,11.02
519,184,416,5,8094.79,62.49
520,184,402,4,45468.86,92.28
521,184,136,2,52953.55,21.83
522,184,16,5,39092.55,10.02
523,185,497,6,48649.34,4.28
524,185,7,2,22498.71,0.56
525,185,84,1,9456.99,36.42
526,185,183,1,54577.41,12.15
527,185,12,6,36641.69,13.47
528,186,301,4,50683.25,9.25
529,186,249,3,41934.23,15.04
530,187,546,4,46755.18,1.63
531,188,410,5,7219.5,17.1
532,188,279,4,22229.38,12.0
533,189,203,2,22931.45,18.13
534,189,131,5,24524.38,3.88
535,190,318,3,31513.65,96.12
536,190,497,5,763.67,2.18
537,190,179,4,34194.84,5.67
538,190,139,3,59117.48,28.44
539,190,52,6,35320.46,23.73
540,191,254,5,42635.92,5.62
541,191,221,-4,7372.94,17.27
542,191,329,5,48468.02,24.39
543,191,489,1,36227.04,29.28
544,191,410,5,59463.42,0.88
545,192,297,3,58735.44,27.9
546,193,69,6,13687.05,28.42
547,193,313,5,18101.09,51.66
548,194,508,1,32454.76,24.98
549,194,330,4,44562.74,20.92
550,194,156,3,19837.44,19.47
551,194,482,1,14088.58,0.93
552,194,136,4,25743.62,3.07
553,195,411,6,22264.29,26.38
554,195,129,1,21933.27,0.08
555,195,35,5,6120.19,17.16
556,196,157,2,18510.48,71.08
557,196,298,3,4445.3,66.05
558,196,7,3,5906.29,49.02
559,196,318,2,4489.15,10.49
560,197,430,5,10842.38,69.5
561,197,89,5,35071.34,17.72
562,198,496,2,11112.52,99.63
563,198,199,3,17268.01,23.39
564,198,216,4,26691.49,12.48
565,198,471,2,18981.27,96.87
566,198,42,1,28279.12,77.74
567,199,74,4,57664.72,53.82
568,199,483,3,21165.35,25.58
569,199,35,5,33544.83,0.15
570,199,366,3,4835.32,2.86
571,199,92,4,43126.96,20.07
572,200,120,1,49293.36,28.51
573,200,408,5,49749.59,31.15
574,201,121,2,47328.88,5.35
575,201,283,-5,12619.47,76.89
576,201,19,6,14388.99,82.08
577,202,409,-5,23565.35,69.78
578,202,286,1,22989.98,21.28
579,202,22,2,43370.26,41.75
580,202,456,2,11473.42,9.0
581,202,547,1,30483.0,76.86
582,203,500,1,2557.47,3.52
583,203,44,6,32497.0,20.78
584,203,518,3,4823.76,85.62
585,203,495,2,22776.48,53.71
586,204,347,2,7246.36,12.1
587,204,49,3,47943.35,4.77
588,204,352,1,36077.12,0.21
589,204,167,4,21865.17,48.02
590,204,409,6,3496.64,26.75
591,205,202,4,17427.6,24.69
592,205,82,5,14708.46,87.64
593,206,397,2,45560.75,0.28
594,206,418,2,8358.29,73.99
595,206,136,-3,22500.82,27.22
596,206,185,1,23356.87,9.92
597,207,403,2,23809.0,0.25
598,208,133,6,38500.16,12.87
599,209,124,1,35239.84,29.65
600,210,243,-6,21953.7,26.23
601,211,205,3,41797.22,85.75
602,211,472,5,11281.71,4.95
603,212,441,4,39729.01,27.34
604,212,45,6,8310.03,74.72
605,212,137,5,17190.27,51.38
606,212,475,1,37874.24,54.8
607,212,358,4,21088.42,88.63
608,213,339,2,35867.37,4.48
609,213,408,4,3234.74,11.4
610,213,416,2,24562.49,25.21
611,214,434,1,51835.2,42.16
612,214,32,-4,11884.75,1.89
613,214,459,5,4353.27,20.43
614,215,452,2,38125.02,49.71
615,216,324,4,31640.9,11.2
616,217,262,1,35484.76,56.72
617,217,310,1,58120.89,10.96
618,218,328,6,55082.26,9.58
619,219,127,4,44641.3,71.85
620,219,82,5,19872.85,16.61
621,219,538,2,42837.64,18.82
622,219,545,5,32861.62,68.67
623,220,191,2,41674.49,24.04
624,221,272,2,48362.07,18.56
625,222,369,4,13099.13,4.31
626,223,491,3,11243.99,4.0
627,223,218,2,48947.08,26.87
628,223,137,4,51582.03,7.75
629,223,216,4,14281.75,4.78
630,223,415,6,20355.05,13.67
631,224,23,3,107.97,5.67
632,224,97,2,17670.77,29.69
633,225,538,2,644.66,9.94
634,226,87,6,53812.28,92.6
635,226,337,3,41414.6,6.05
636,226,276,2,326.43,23.66
637,227,219,2,26006.51,23.37
638,227,159,2,28099.62,93.92
639,228,519,3,1793.8,0.1
640,228,35,5,14358.61,10.05
641,228,408,3,30255.06,63.02
642,228,412,1,2351.85,21.24
643,229,136,4,40556.31,14.2
644,230,519,4,22337.89,25.26
645,230,172,4,926.22,70.66
646,230,439,2,39775.35,84.69
647,231,269,5,18972.17,17.59
648,231,422,1,13133.6,23.1
649,231,73,6,34501.49,8.33
650,231,290,5,15535.48,15.18
651,232,323,-3,16997.53,19.86
652,233,427,3,7994.11,59.05
653,233,447,4,6140.57,17.57
654,234,77,2,344.62,68.51
655,234,107,4,59263.84,4.12
656,234,338,2,58332.93,9.13
657,234,296,4,49619.98,4.85
658,234,348,4,44816.74,1.93
659,235,514,4,32807.57,9.89
660,235,539,5,17478.37,4.95
661,235,145,6,43904.11,7.66
662,235,132,6,18426.25,17.25
663,235,210,5,58115.42,75.3
664,236,528,5,46525.16,88.36
665,236,439,5,322.07,27.55
666,236,455,2,48258.7,54.3
667,237,145,-2,25179.81,31.87
668,237,428,4,24440.49,49.93
669,237,86,5,19416.17,10.75
670,237,394,4,59472.76,47.03
671,237,411,-3,3232.96,10.13
672,238,544,3,23018.61,10.65
673,238,136,2,51708.33,76.98
674,238,299,5,55983.91,80.17
675,238,59,2,24451.5,12.77
676,239,239,-4,14784.51,88.19
677,239,326,3,16140.09,15.38
678,239,482,4,2808.81,21.94
679,239,43,5,32126.98,60.87
680,239,66,3,12834.21,0.36
681,240,68,2,20264.46,26.87
682,240,488,2,36602.63,8.96
683,240,497,1,21300.86,22.55
684,240,499,4,30615.42,17.19
685,241,229,5,45699.97,65.79
686,241,258,-4,43061.9,14.71
687,241,20,1,58169.87,53.04
688,241,345,2,16893.96,0.53
689,242,320,1,33854.93,13.8
690,242,158,3,27670.52,28.67
691,243,317,1,25579.11,90.91
692,244,163,6,36421.79,15.6
693,244,207,4,48378.26,57.06
694,244,4,2,46010.54,89.15
695,244,513,1,21699.61,21.49
696,244,535,3,25257.4,27.84
697,245,102,2,23098.55,59.04
698,245,455,6,54894.02,9.23
699,246,93,2,49417.39,16.89
700,246,480,4,35663.82,42.04
701,246,513,2,27664.08,65.38
702,246,154,1,30204.96,29.42
703,246,302,2,40790.65,1.08
704,247,324,6,16906.02,13.4
705,247,280,3,4329.02,12.62
706,247,459,3,35641.57,81.85
707,247,57,5,41160.89,22.47
708,248,527,3,3578.88,11.09
709,248,68,5,37668.53,82.68
710,248,362,2,33074.59,6.16
711,248,67,1,57573.14,11.96
712,249,244,6,6959.53,20.04
713,249,409,1,20091.0,87.85
714,250,103,5,48947.21,82.75
715,250,159,1,23342.64,28.97
716,250,536,1,2919.81,6.58
717,250,397,2,8724.31,26.8
718,250,101,2,42415.76,25.49
719,251,466,6,25301.32,51.1
720,251,48,4,46998.14,29.9
721,251,249,2,41461.97,48.68
722,252,104,6,13159.42,34.03
723,252,175,1,46081.14,27.15
724,253,131,4,40562.56,15.5
725,253,96,6,15878.11,98.19
726,253,538,5,58314.33,30.86
727,254,53,6,51064.82,53.58
728,254,105,4,37704.33,93.44
729,254,157,5,44644.91,13.14
730,254,233,4,32309.84,4.26
731,255,274,5,24779.62,24.31
732,255,366,1,59381.58,12.7
733,255,437,4,48882.77,21.79
734,256,327,2,30411.31,11.9
735,256,492,5,22026.48,4.81
736,257,450,1,57707.74,6.25
737,257,240,1,49809.0,36.83
738,258,168,3,51286.73,2.07
739,258,233,3,15331.94,43.29
740,258,180,-4,28047.17,29.16
741,259,483,6,44606.33,16.34
742,259,261,6,37663.98,93.19
743,259,399,5,3912.16,1.31
744,259,181,2,4707.66,12.13
745,260,74,3,23257.58,21.16
746,260,294,3,12283.4,13.49
747,260,102,1,7794.84,25.78
748,260,234,5,39899.83,29.13
749,260,308,1,25542.67,10.44
750,261,394,6,7082.85,12.47
751,262,471,4,4769.78,31.34
752,262,127,4,16745.3,27.65
753,262,387,2,50313.39,69.89
754,262,426,2,35344.15,89.96
755,263,449,5,25316.46,74.04
756,263,434,1,27195.14,14.97
757,264,283,3,37045.21,77.69
758,264,414,3,18312.32,36.05
759,264,124,3,48559.33,3.3
760,265,253,2,35114.94,22.05
761,265,502,6,36779.2,58.26
762,265,132,2,29209.46,25.52
763,265,389,3,17987.97,21.63
764,266,332,1,58728.31,23.45
765,266,3,3,55529.04,54.93
766,266,184,4,32053.36,17.18
767,266,343,3,14547.9,25.27
768,266,352,3,43899.78,11.21
769,267,300,1,41831.27,15.78
770,267,203,4,19077.23,87.48
771,267,153,1,35031.46,44.08
772,267,367,6,5776.04,69.84
773,268,515,1,32201.22,2.57
774,268,53,2,19541.89,7.51
775,268,62,4,24811.91,28.36
776,269,498,5,27420.85,67.14
777,270,328,4,24452.11,25.14
778,270,434,2,49335.89,7.33
779,270,309,6,56529.74,74.3
780,270,132,1,3262.35,18.5
781,270,339,5,20180.91,28.27
782,271,335,2,44479.94,78.83
783,272,414,4,6275.5,31.98
784,273,146,2,44437.3,13.57
785,273,20,2,1987.28,86.91
786,273,98,5,39923.87,37.78
787,273,412,-6,57656.73,22.73
788,273,435,1,12543.3,6.27
789,274,104,2,57325.88,21.47
790,274,198,2,15324.36,12.35
791,274,234,3,13073.04,39.97
792,274,179,3,25748.99,26.37
793,274,373,5,11680.27,5.45
794,275,366,6,49274.59,57.28
795,275,254,6,10723.08,6.96
796,275,448,4,5617.7,29.92
797,275,465,4,20017.69,8.03
798,275,485,4,22246.94,63.96
799,276,427,4,16069.4,11.08
800,277,415,2,26547.73,8.12
801,277,380,4,19135.07,20.84
802,278,418,3,54655.91,11.65
803,278,131,5,6285.14,4.7
804,278,348,4,41900.74,5.9
805,278,256,6,13553.87,94.02
806,278,158,3,19778.56,7.39
807,279,27,3,35455.24,60.84
808,279,423,5,4722.12,86.04
809,279,104,6,5089.81,78.16
810,279,403,6,27768.09,2.31
811,279,151,2,22834.42,4.98
812,280,98,3,25474.38,16.62
813,281,144,4,34473.07,97.92
814,282,408,4,19466.55,14.41
815,282,202,5,38006.8,70.25
816,282,305,3,12386.38,17.94
817,283,143,4,15809.64,2.4
818,283,308,6,38557.66,11.5
819,283,12,3,5397.03,29.69
820,283,221,1,53351.51,32.86
821,284,114,2,46424.11,40.14
822,284,34,6,36137.75,1.02
823,284,108,1,13974.27,6.46
824,284,399,6,28973.67,28.71
825,284,111,3,6113.41,56.34
826,285,91,4,13068.96,25.1
827,285,64,5,24087.36,17.35
828,285,73,6,39495.9,1.43
829,286,166,5,52913.84,27.77
830,286,40,4,59955.18,2.17
831,286,155,5,14862.22,95.48
832,287,265,6,18211.57,15.59
833,287,514,1,11929.16,20.86
834,288,99,1,47253.55,70.19
835,288,498,1,7048.77,23.48
836,288,103,1,18635.28,0.49
837,288,211,2,27889.43,4.85
838,288,392,5,39346.75,11.92
839,289,471,6,55773.22,43.61
840,289,307,5,22895.81,5.63
841,289,325,1,47338.22,91.8
842,289,140,4,58240.49,11.37
843,289,497,5,10242.22,3.57
844,290,50,1,13145.92,59.68
845,290,78,4,11214.21,54.79
846,290,244,3,59900.59,65.6
847,291,77,6,29244.87,28.03
848,291,3,4,35872.92,15.62
849,291,143,3,36310.09,29.46
850,292,227,5,42075.3,45.14
851,292,60,6,12571.61,50.49
852,292,32,2,11135.46,2.59
853,292,379,2,8082.82,12.15
854,292,109,1,52450.49,19.9
855,293,302,6,6762.77,98.68
856,294,522,1,30765.88,3.08
857,294,432,-1,38326.47,12.28
858,294,185,5,16389.41,22.79
859,294,267,4,8529.04,5.06
860,295,114,2,8970.18,15.5
861,295,125,1,28315.44,15.78
862,295,360,3,35504.21,0.13
863,295,166,1,45103.43,60.53
864,295,144,1,53405.42,11.55
865,296,356,3,58034.21,27.83
866,296,31,2,31883.7,82.56
867,297,297,5,35967.82,7.21
868,297,121,2,1129.9,89.5
869,297,369,1,54611.01,9.88
870,297,502,3,20041.69,23.6
871,298,98,4,53038.78,3.64
872,298,269,1,40480.67,6.7
873,298,295,4,20726.74,16.78
874,298,481,6,40453.95,55.83
875,298,420,1,5931.08,18.62
876,299,257,3,33197.72,27.45
877,299,246,3,18433.06,16.34
878,299,413,3,53698.09,41.91
879,299,15,4,3025.45,89.39
880,300,440,4,27635.9,75.61
881,300,16,3,2689.55,14.39
882,300,387,4,13437.98,2.07
883,300,69,5,3609.31,63.5
884,300,50,5,28786.75,61.38
885,301,408,4,10902.97,24.35
886,301,303,5,11132.72,27.03
887,301,276,2,30785.8,8.22
888,301,309,4,18538.07,10.26
889,301,471,4,19724.93,45.85
890,302,30,1,9956.08,7.17
891,302,394,2,8749.49,20.27
892,302,179,3,55861.96,9.66
893,302,511,5,8444.04,4.61
894,302,388,1,8475.3,5.51
895,303,93,3,36054.3,0.79
896,303,454,1,32540.29,27.16
897,303,162,3,35461.38,11.47
898,303,102,2,59432.01,22.13
899,303,498,2,45116.3,3.63
900,304,161,1,46836.08,0.23
901,304,513,2,5803.66,3.19
902,305,250,3,29415.6,18.11
903,305,217,1,1398.57,19.44
904,306,102,3,43104.7,49.22
905,306,386,5,21298.45,0.07
906,306,150,4,37336.78,6.81
907,306,189,3,20713.31,6.52
908,307,85,6,27981.84,23.05
909,307,395,3,17448.56,25.14
910,308,14,2,41988.05,8.03
911,308,122,4,25731.7,12.84
912,308,303,1,39564.12,22.79
913,308,362,1,47046.84,8.65
914,309,489,6,43309.54,13.2
915,309,57,1,23508.42,20.39
916,309,417,-4,37789.05,12.83
917,310,252,2,7473.94,15.53
918,310,139,2,38181.96,19.41
919,310,155,3,54705.73,28.61
920,311,320,1,56343.69,83.02
921,311,198,2,32318.65,4.46
922,312,75,2,20740.32,15.07
923,312,213,4,12600.64,22.65
924,313,265,4,4387.54,26.87
925,313,106,5,5745.43,20.02
926,313,503,1,48249.32,42.8
927,313,207,3,26762.48,6.61
928,313,509,3,8755.54,27.96
929,314,226,3,18909.52,18.41
930,314,255,4,26533.08,42.59
931,314,501,2,48149.96,36.76
932,315,23,3,8371.58,41.33
933,316,429,4,20094.79,81.84
934,316,335,1,45978.35,26.27
935,317,184,5,46679.81,87.73
936,317,237,2,34574.13,86.87
937,317,328,6,361.78,19.59
938,317,23,4,59039.56,25.64
939,318,294,3,43410.07,26.32
940,319,120,6,27591.43,64.97
941,319,533,5,17627.04,25.23
942,319,299,2,11664.77,26.42
943,320,277,3,55359.48,22.98
944,321,13,6,8523.42,29.39
945,321,405,5,360.22,13.83
946,321,202,-2,56953.99,88.81
947,321,417,6,30252.45,38.77
948,322,209,4,40574.14,94.7
949,322,210,5,58641.07,12.16
950,322,218,6,5239.06,0.87
951,323,260,5,33781.25,41.93
952,323,293,5,3214.71,4.37
953,323,446,5,52043.22,27.92
954,324,52,1,17577.23,34.5
955,324,1,5,53685.15,16.23
956,324,80,1,31482.97,19.17
957,325,293,3,3768.94,24.2
958,326,416,3,12893.26,52.24
959,326,395,6,30951.59,31.03
960,326,522,3,3091.33,63.92
961,327,413,5,22947.85,14.61
962,328,269,2,47439.56,12.14
963,328,37,5,33569.4,14.51
964,328,94,1,6491.52,11.68
965,328,39,5,6858.08,14.1
966,329,450,6,24888.01,1.25
967,329,365,3,20037.08,6.22
968,329,534,2,38653.07,34.78
969,329,207,3,9082.08,36.47
970,330,254,2,23334.99,2.83
971,330,522,6,33617.53,33.03
972,331,436,5,357.6,6.07
973,331,439,2,20524.25,82.57
974,331,497,2,23116.49,24.33
975,332,262,1,48679.27,4.94
976,332,325,2,22299.94,10.65
977,333,5,2,558.48,27.72
978,333,479,2,50557.97,22.97
979,334,171,4,55199.25,3.48
980,334,496,5,19210.46,14.42
981,335,400,4,8870.97,14.16
982,335,204,3,17782.68,21.66
983,335,2,6,20993.05,25.46
984,335,63,6,59128.79,61.9
985,335,9,6,56087.07,17.48
986,336,111,3,24217.89,8.88
987,336,386,5,40907.56,7.04
988,336,374,3,1063.06,11.0
989,336,445,2,50393.6,29.59
990,337,374,6,50283.54,22.81
991,337,201,2,42234.88,10.86
992,337,470,3,14670.48,11.4
993,337,206,4,35245.96,94.47
994,338,99,1,42559.47,12.57
995,339,517,1,20984.08,6.27
996,340,480,5,12278.15,50.76
997,340,345,6,29570.6,18.69
998,340,467,3,28372.42,25.21
999,341,518,6,17089.51,24.37
1000,341,424,1,5587.99,14.85
1001,342,418,3,31155.02,53.87
1002,342,434,3,35575.45,72.06
1003,343,298,1,41383.45,19.73
1004,343,3,1,39877.84,66.65
1005,344,18,5,16860.22,14.87
1006,344,328,1,39136.97,26.37
1007,344,89,6,59302.28,42.08
1008,344,25,6,22945.23,24.98
1009,345,14,1,2359.2,82.08
1010,345,92,5,33227.36,21.81
1011,346,545,5,56906.49,95.18
1012,346,46,1,52858.79,5.39
1013,346,178,6,44401.75,26.25
1014,347,455,4,46241.83,53.38
1015,347,428,-6,47353.29,98.5
1016,348,533,4,58885.42,25.4
1017,348,69,3,13295.25,25.89
1018,348,358,1,20996.21,6.36
1019,348,311,6,51734.88,27.9
1020,349,459,5,7575.04,66.73
1021,349,516,5,59922.02,10.68
1022,349,298,1,6320.36,12.81
1023,349,143,6,30594.32,26.09
1024,349,97,2,32607.3,12.28
1025,350,443,6,1572.03,11.9
1026,350,539,6,55466.67,15.89
1027,351,443,6,34235.57,13.43
1028,351,446,4,23770.89,5.07
1029,351,455,5,36173.36,16.13
1030,351,528,-5,17556.89,24.25
1031,352,549,5,27944.71,29.24
1032,352,109,4,1593.76,27.36
1033,352,139,3,31978.85,92.43
1034,352,332,6,17525.44,3.28
1035,352,350,4,33131.02,7.0
1036,353,361,3,32109.55,19.45
1037,353,406,3,2458.73,10.83
1038,354,5,6,15787.23,19.16
1039,355,458,6,1097.95,19.62
1040,355,504,1,52643.59,1.32
1041,355,358,6,50153.23,27.52
1042,355,475,5,1475.17,18.02
1043,355,51,2,9806.85,12.24
1044,356,122,4,2606.68,14.95
1045,356,17,-2,8252.48,17.28
1046,357,434,3,56716.92,8.65
1047,357,143,1,19665.23,20.71
1048,357,266,6,18374.02,28.83
1049,357,463,3,40729.53,7.67
1050,358,505,3,13210.3,6.56
1051,358,214,4,53789.77,19.88
1052,358,371,4,52452.5,74.75
1053,358,312,3,47214.28,25.68
1054,359,440,4,58720.38,15.53
1055,359,164,2,51654.53,14.18
1056,359,427,5,55466.27,8.72
1057,360,419,6,15184.15,97.54
1058,360,224,4,41461.48,0.95
1059,361,313,3,21734.57,17.88
1060,362,276,1,16893.81,22.74
1061,362,411,2,41846.88,27.44
1062,362,475,4,50687.73,8.09
1063,362,170,3,58172.68,56.22
1064,362,9,1,8348.67,10.53
1065,363,40,3,1487.26,56.23
1066,363,136,3,13695.85,90.89
1067,363,5,5,41058.43,6.98
1068,364,504,2,43320.89,3.35
1069,364,339,2,34608.66,86.89
1070,365,367,2,50445.52,18.32
1071,365,190,6,41544.85,14.88
1072,365,472,5,42923.25,29.26
1073,365,271,1,45420.28,23.95
1074,366,238,3,28650.52,9.13
1075,367,321,6,45915.64,18.65
1076,367,226,1,12067.8,11.56
1077,367,465,2,40101.26,11.24
1078,368,171,2,1821.97,11.85
1079,368,436,6,9671.05,27.99
1080,368,264,4,5121.79,7.21
1081,368,104,2,35903.0,13.07
1082,369,61,6,36971.16,4.29
1083,369,319,2,42263.54,6.83
1084,369,344,1,57140.87,78.16
1085,369,34,5,31882.5,50.21
1086,370,299,6,8800.46,7.27
1087,371,376,5,43368.87,25.54
1088,371,48,4,22328.02,18.48
1089,371,149,5,43128.3,2.43
1090,372,265,5,12267.08,43.59
1091,372,199,5,54929.56,3.81
1092,372,88,6,39901.9,14.51
1093,373,329,1,41030.86,67.31
1094,374,130,4,9787.25,42.74
1095,374,400,6,44643.99,14.68
1096,374,348,5,5967.22,11.91
1097,374,66,1,26614.95,13.05
1098,375,117,5,27128.13,64.35
1099,375,28,3,44455.06,2.43
1100,375,368,2,16522.43,80.89
1101,375,141,-2,46589.21,80.69
1102,376,507,2,18649.75,5.53
1103,376,36,5,24045.93,1.42
1104,377,279,1,43157.71,40.81
1105,378,357,6,14481.61,15.15
1106,378,305,1,14690.86,3.96
1107,378,71,2,52293.72,24.37
1108,378,550,3,6122.95,14.89
1109,379,241,5,10226.63,5.21
1110,380,202,6,24723.37,0.27
1111,380,79,5,40087.11,93.84
1112,380,397,4,44322.93,13.98
1113,380,536,5,18444.77,14.46
1114,380,125,1,21279.93,69.87
1115,381,52,4,27459.45,8.07
1116,382,29,1,27580.79,2.43
1117,382,546,1,35090.04,26.48
1118,382,329,6,15646.55,60.55
1119,383,405,3,6981.53,42.78
1120,383,353,1,26824.22,3.49
1121,384,513,5,6482.45,22.95
1122,384,426,4,26493.1,2.53
1123,384,145,3,27580.11,84.61
1124,384,436,5,17261.08,4.98
1125,384,247,2,39351.08,28.66
1126,385,71,4,25513.35,0.03
1127,385,310,6,48351.61,2.9
1128,385,305,3,40289.45,29.55
1129,385,401,2,23867.25,12.64
1130,386,269,4,32365.01,17.79
1131,386,491,4,13065.39,23.38
1132,386,28,-2,16770.41,68.29
1133,386,257,6,43763.3,2.36
1134,387,186,6,29005.0,32.98
1135,387,149,2,2716.49,37.71
1136,387,117,6,5741.85,5.11
1137,388,161,-2,32234.77,17.5
1138,388,288,4,50894.14,20.31
1139,388,492,5,47424.51,19.69
1140,388,128,5,17163.08,18.73
1141,388,532,1,55798.52,49.03
1142,389,286,5,47452.59,10.68
1143,390,548,6,56435.1,12.98
1144,391,217,1,12086.96,59.64
1145,391,321,3,26973.02,86.67
1146,391,417,4,35841.34,6.54
1147,391,250,5,5411.93,6.34
1148,392,55,1,38615.82,7.69
1149,392,402,4,47741.14,3.45
1150,392,544,2,41494.08,3.62
1151,392,171,2,36873.82,8.03
1152,392,49,1,2820.0,25.04
1153,393,488,5,17821.63,9.99
1154,393,168,2,25323.77,26.03
1155,394,127,5,8815.45,96.11
1156,394,157,3,48542.45,60.02
1157,394,494,6,33503.32,18.88
1158,394,286,3,52072.01,27.14
1159,394,224,1,59488.32,12.17
1160,395,125,6,14072.93,10.74
1161,396,213,6,15176.18,31.4
1162,397,54,1,48078.69,15.64
1163,397,249,6,57480.2,58.71
1164,398,372,6,43789.85,22.48
1165,398,476,5,42186.83,19.08
1166,398,139,2,56747.91,12.56
1167,399,66,2,27223.99,4.08
1168,399,69,4,42426.08,21.19
1169,399,212,2,39062.33,22.05
1170,399,221,3,37042.09,25.18
1171,399,482,2,3773.72,7.37
1172,400,445,3,5739.26,19.46
1173,400,321,3,10174.93,16.58
1174,401,160,6,48529.74,0.22
1175,401,32,5,24740.03,28.14
1176,401,162,1,30933.76,29.4
1177,402,281,3,11625.09,21.2
1178,402,9,2,19263.15,4.03
1179,402,292,3,41094.19,15.26
1180,402,106,2,4657.99,23.4
1181,403,205,3,37028.52,57.79
1182,404,37,2,42696.39,19.92
1183,404,179,4,46544.53,7.01
1184,405,393,5,50162.9,23.5
1185,405,96,3,39256.93,8.82
1186,405,257,4,10742.71,8.1
1187,405,67,2,18064.49,18.14
1188,405,197,2,28411.13,95.71
1189,406,391,4,21782.08,28.43
1190,406,447,6,23084.77,4.01
1191,406,261,3,27041.03,82.12
1192,406,39,1,20909.03,25.58
1193,406,520,6,31431.4,11.2
1194,407,492,5,54268.0,12.66
1195,407,9,3,36096.29,14.11
1196,407,255,3,27528.62,15.69
1197,408,39,5,20479.36,50.87
1198,409,218,6,57776.0,17.67
1199,409,282,5,27473.41,3.19
1200,409,292,6,38584.42,26.0
1201,409,412,4,5191.71,44.03
1202,410,83,1,12972.08,23.88
1203,411,106,3,43700.95,33.87
1204,411,345,5,25400.41,9.59
1205,411,402,4,15719.49,20.49
1206,411,492,2,12528.48,18.32
1207,412,530,3,1096.67,40.9
1208,412,336,6,56908.66,9.33
1209,412,20,2,44988.46,17.79
1210,412,285,5,28350.57,17.63
1211,413,457,1,19893.26,20.47
1212,413,128,2,52290.47,12.83
1213,413,308,2,52485.21,99.27
1214,414,422,2,17322.57,74.87
1215,415,54,3,43233.42,76.98
1216,415,395,2,34728.53,2.52
1217,415,201,5,191.87,92.07
1218,415,331,3,52106.78,13.79
1219,415,525,5,28543.4,11.62
1220,416,151,2,40832.17,59.51
1221,416,53,4,35905.19,21.56
1222,416,199,2,4409.16,5.89
1223,416,433,3,25358.57,25.27
1224,417,460,2,53165.94,86.64
1225,418,473,2,56597.74,9.39
1226,418,439,1,54113.56,26.59
1227,418,178,4,15971.47,23.2
1228,418,424,3,41079.89,28.23
1229,419,343,6,15299.62,0.82
1230,419,142,2,27997.28,8.44
1231,419,363,3,1449.39,12.64
1232,419,195,3,35846.69,29.8
1233,419,457,1,28323.95,77.7
1234,420,60,1,2886.03,22.15
1235,421,382,2,17501.23,24.42
1236,421,408,3,25417.72,95.38
1237,421,366,2,7895.01,29.52
1238,421,519,6,54935.49,25.85
1239,422,267,-4,59972.43,2.1
1240,423,316,4,36040.42,15.06
1241,423,371,5,50029.53,2.6
1242,424,326,5,57703.53,8.3
1243,425,79,4,5671.26,19.44
1244,425,320,5,103.59,21.99
1245,425,314,4,39088.82,11.5
1246,425,482,2,1047.78,13.32
1247,426,352,6,16645.96,23.27
1248,426,384,-2,10910.79,14.89
1249,426,18,3,19001.19,20.41
1250,426,540,5,10566.64,25.34
1251,427,69,5,2030.67,13.53
1252,427,222,2,35487.77,45.38
1253,427,91,6,10142.81,25.94
1254,428,3,3,16993.36,89.72
1255,428,193,6,43348.22,14.43
1256,429,366,5,40949.32,12.19
1257,429,85,3,51885.2,2.87
1258,430,209,3,40491.53,35.53
1259,431,201,3,4804.23,62.2
1260,431,274,5,21944.33,11.89
1261,431,429,5,20689.26,18.6
1262,432,536,3,31177.87,25.96
1263,432,311,4,45498.11,53.8
1264,432,78,1,18731.83,17.16
1265,432,175,5,45949.22,29.78
1266,432,385,5,15566.24,25.91
1267,433,178,5,50486.93,25.41
1268,433,320,5,6186.13,31.44
1269,433,161,4,17782.0,8.87
1270,433,106,4,15042.57,64.11
1271,433,379,3,3333.03,22.35
1272,434,61,-3,26512.97,71.22
1273,434,315,1,53291.16,18.42
1274,435,321,4,42504.43,80.02
1275,435,328,3,18284.19,22.26
1276,435,468,2,5987.0,18.42
1277,436,274,3,56102.64,24.11
1278,436,350,1,6368.03,11.47
1279,436,157,6,36989.98,89.52
1280,436,57,6,38223.25,25.01
1281,436,427,6,32179.28,15.1
1282,437,156,6,21414.79,5.11
1283,437,86,4,34152.0,14.6
1284,438,199,1,13900.63,19.02
1285,438,278,6,7857.42,62.73
1286,438,509,1,9558.25,96.02
1287,438,89,6,50732.58,18.47
1288,438,4,6,48323.18,28.18
1289,439,359,3,54067.96,9.94
1290,439,91,5,48190.22,92.97
1291,440,410,-5,47498.57,7.86
1292,440,17,4,50847.18,7.9
1293,440,390,4,36458.53,71.8
1294,440,45,1,5097.55,21.86
1295,440,295,5,23589.34,6.13
1296,441,399,3,21329.71,6.62
1297,442,504,6,20920.92,27.34
1298,442,544,5,14335.53,65.9
1299,442,521,1,7765.82,25.3
1300,442,523,1,59538.18,26.04
1301,442,454,5,55334.08,17.67
1302,443,82,1,7363.07,7.69
1303,443,16,5,59420.67,24.59
1304,443,220,2,34215.32,58.91
1305,443,522,1,48551.86,28.71
1306,444,316,2,35352.59,28.72
1307,444,452,4,38412.32,9.94
1308,445,130,-4,33439.93,22.77
1309,445,404,4,31770.36,25.04
1310,446,390,3,56361.74,5.57
1311,446,153,2,9968.5,0.05
1312,446,171,1,9340.32,4.17
1313,447,527,6,25402.08,19.17
1314,447,352,-5,56950.49,80.17
1315,447,438,2,16201.17,32.55
1316,447,549,5,8878.9,63.62
1317,447,306,1,19410.4,78.73
1318,448,163,3,27495.5,96.7
1319,448,516,1,17538.84,20.52
1320,448,501,2,19461.51,74.82
1321,449,505,4,13518.78,10.67
1322,450,74,3,36721.5,17.97
1323,450,367,2,575.38,16.97
1324,450,447,2,30308.58,83.51
1325,451,197,5,38394.15,28.08
1326,451,39,2,45583.54,6.45
1327,451,88,6,28827.88,1.46
1328,451,336,6,15316.98,1.48
1329,452,519,1,47638.67,30.0
1330,453,74,3,26374.15,79.46
1331,454,409,3,25068.05,24.5
1332,454,410,2,2550.08,14.54
1333,454,498,3,49499.25,21.02
1334,454,107,4,37784.67,11.85
1335,454,355,6,18004.86,3.21
1336,455,544,4,37629.59,24.09
1337,455,358,3,10325.68,88.12
1338,456,329,1,27293.93,16.47
1339,456,223,1,23238.01,6.53
1340,456,252,5,28713.78,8.66
1341,457,3,3,46898.47,17.09
1342,457,457,1,3973.98,11.11
1343,457,23,2,41310.74,79.35
1344,457,493,5,20409.29,12.88
1345,458,183,5,20247.01,8.16
1346,458,533,4,22816.2,89.79
1347,458,251,-4,19636.0,7.9
1348,459,314,4,39468.84,85.98
1349,459,228,5,8537.76,58.23
1350,460,56,1,21660.53,3.75
1351,460,499,1,6676.41,19.3
1352,460,415,4,13800.1,96.09
1353,460,247,2,49136.97,20.83
1354,460,306,4,21208.62,96.19
1355,461,411,2,38924.65,14.63
1356,461,261,1,19795.06,14.03
1357,461,107,5,9183.75,16.09
1358,462,358,4,18154.57,27.84
1359,462,19,1,24206.87,89.79
1360,462,353,5,15823.24,23.3
1361,463,172,-4,1192.75,40.04
1362,463,245,5,26730.84,7.63
1363,463,219,4,29399.47,24.62
1364,463,310,2,7556.68,31.93
1365,464,43,4,22434.51,1.11
1366,464,531,-4,36548.14,1.93
1367,464,222,4,40700.49,1.18
1368,465,449,6,23054.74,19.39
1369,466,35,3,5962.22,4.68
1370,466,501,6,34740.22,19.94
1371,466,443,5,24168.07,99.82
1372,466,183,4,14485.15,23.87
1373,466,542,6,24510.4,13.63
1374,467,547,3,58025.62,34.54
1375,467,220,1,36764.3,18.96
1376,468,480,4,40375.09,47.98
1377,468,318,6,26553.6,1.88
1378,468,169,6,57799.6,76.76
1379,468,505,-6,3187.82,21.63
1380,468,233,3,26273.48,81.38
1381,469,26,2,40196.37,72.95
1382,469,526,5,42481.77,4.24
1383,469,179,5,31433.09,17.5
1384,469,351,1,40365.93,23.9
1385,470,78,6,19404.05,37.76
1386,470,271,1,47404.11,24.18
1387,471,342,4,45550.87,7.92
1388,471,314,6,54891.34,5.43
1389,472,287,1,47857.83,19.97
1390,472,294,6,12908.37,5.63
1391,472,79,1,8748.63,82.55
1392,473,103,3,32269.76,25.86
1393,473,222,1,40278.57,94.61
1394,473,456,3,14705.42,26.7
1395,473,440,1,6766.4,16.25
1396,473,526,-4,197.0,23.33
1397,474,480,6,59483.94,14.5
1398,474,495,1,14310.58,4.33
1399,474,48,5,29042.65,20.67
1400,475,427,2,29989.36,54.56
1401,476,405,4,13419.98,82.71
1402,476,51,2,17912.64,40.06
1403,476,307,5,17980.79,2.5
1404,476,106,1,54381.82,18.28
1405,476,514,1,54712.19,17.07
1406,477,499,3,59883.14,17.89
1407,477,16,6,33183.45,11.21
1408,477,235,5,23886.65,17.39
1409,477,306,4,27796.06,96.07
1410,477,134,2,15013.2,21.86
1411,478,176,2,25464.27,22.7
1412,478,412,5,27384.19,15.43
1413,478,4,2,55690.58,77.27
1414,479,237,2,37331.3,40.83
1415,479,516,4,48225.89,14.4
1416,479,306,3,22705.17,69.03
1417,480,126,6,2920.39,2.65
1418,480,27,5,5298.16,51.32
1419,480,167,6,28983.24,27.95
1420,481,465,4,29207.35,3.27
1421,481,103,4,54462.53,9.1
1422,481,505,2,55978.27,33.0
1423,482,260,2,33561.07,55.74
1424,482,238,4,51953.6,1.82
1425,482,329,4,18678.82,19.68
1426,482,214,6,47962.38,19.05
1427,483,82,2,13625.32,79.12
1428,483,484,6,43545.14,75.49
1429,484,271,3,53824.61,17.6
1430,484,349,6,26383.47,25.31
1431,484,120,5,20731.86,34.09
1432,484,1,3,3182.72,25.46
1433,485,307,1,3168.38,17.28
1434,485,489,4,27029.54,74.32
1435,485,424,4,9076.5,13.68
1436,486,397,3,16174.95,0.74
1437,486,216,2,36570.42,68.53
1438,487,358,6,35887.8,28.62
1439,487,427,6,4153.99,27.94
1440,487,12,5,37525.26,26.49
1441,487,445,4,22537.66,65.43
1442,487,389,5,49542.33,22.28
1443,488,189,1,45581.43,3.7
1444,488,455,5,10426.24,0.97
1445,488,72,5,39224.17,20.17
1446,488,88,2,56504.28,78.78
1447,489,236,3,47271.14,26.69
1448,489,259,4,58461.27,20.4
1449,490,409,5,7917.83,53.77
1450,491,331,2,14622.16,1.46
1451,491,144,4,15967.58,24.84
1452,491,313,3,28784.7,7.36
1453,491,93,1,37941.9,15.61
1454,492,263,2,57788.82,15.88
1455,493,332,2,24670.81,29.12
1456,494,342,5,57076.67,19.13
1457,494,31,4,1742.04,22.87
1458,494,492,5,10210.15,7.52
1459,495,36,4,57090.09,19.85
1460,495,96,5,33995.03,4.78
1461,495,334,5,49599.35,7.55
1462,495,411,2,34086.3,5.21
1463,496,486,6,18651.6,0.83
1464,497,188,1,1261.23,4.13
1465,497,519,5,20374.67,93.9
1466,498,164,1,29396.99,94.71
1467,498,4,1,31836.65,19.76
1468,499,57,3,7983.32,19.51
1469,500,101,3,40888.66,7.59
1470,501,53,6,28928.76,10.25
1471,501,236,6,56337.19,1.34
1472,502,520,2,13048.43,19.33
1473,502,506,4,5366.68,44.54
1474,502,146,5,8161.47,8.04
1475,503,351,1,43369.78,14.89
1476,503,513,4,1759.76,7.36
1477,503,103,2,50918.31,72.38
1478,503,472,3,13688.0,56.51
1479,503,8,1,34563.41,22.62
1480,504,349,5,37934.81,32.27
1481,504,518,1,50554.84,19.38
1482,504,166,1,9975.93,78.76
1483,504,106,3,27623.48,3.32
1484,504,352,3,18011.7,24.8
1485,505,422,5,55548.0,7.01
1486,505,163,3,57152.93,27.45
1487,505,395,6,45607.52,21.25
1488,505,134,4,52923.92,19.13
1489,505,355,3,53012.17,18.68
1490,506,532,3,20319.75,21.33
1491,506,508,3,31159.79,1.29
1492,506,169,2,34324.13,6.79
1493,506,386,5,38478.37,47.09
1494,507,52,5,41970.2,14.34
1495,507,32,2,10150.78,77.92
1496,507,294,6,7640.86,15.38
1497,507,10,1,46935.22,59.54
1498,508,275,6,54751.01,4.45
1499,509,112,4,11018.52,6.58
1500,509,117,4,19762.7,23.64
1501,510,68,5,55112.54,6.52
1502,511,541,3,34554.99,25.02
1503,511,280,6,37025.76,27.35
1504,511,460,4,47855.3,35.29
1505,512,21,6,43742.78,32.44
1506,512,173,1,8680.65,17.24
1507,512,171,6,3430.57,45.33
1508,512,442,1,38730.78,45.16
1509,512,168,4,44278.99,25.98
1510,513,291,2,7583.96,17.96
1511,514,444,4,48704.34,57.09
1512,515,202,3,12799.5,17.7
1513,515,314,2,41364.49,46.88
1514,515,237,6,27454.75,79.81
1515,515,410,5,13356.77,48.14
1516,515,20,3,37781.37,6.25
1517,516,236,3,10804.93,47.57
1518,516,434,-3,34246.41,71.46
1519,517,162,3,54959.69,12.55
1520,517,57,2,49149.33,2.69
1521,517,248,3,51566.05,58.78
1522,517,236,3,41926.04,15.23
1523,518,350,1,37276.92,37.23
1524,518,403,1,14030.96,1.07
1525,518,313,4,4614.53,24.95
1526,519,22,6,36713.3,76.21
1527,519,358,1,52481.72,69.2
1528,519,229,3,56968.69,11.77
1529,520,178,6,58841.63,0.52
1530,520,528,4,24689.99,2.23
1531,521,374,1,146.47,2.19
1532,521,443,1,3378.62,19.79
1533,521,244,5,40091.91,13.36
1534,521,324,1,41181.73,12.67
1535,521,135,5,45951.17,4.41
1536,522,428,6,9013.09,15.73
1537,522,99,5,35674.42,79.92
1538,522,52,4,23213.84,52.3
1539,523,521,1,41134.59,27.93
1540,523,485,1,37699.86,11.45
1541,523,549,4,32224.54,47.86
1542,523,361,5,28802.13,48.83
1543,524,115,6,51901.63,18.97
1544,525,216,1,13474.24,23.43
1545,525,361,5,46141.93,28.57
1546,525,431,5,35080.9,11.14
1547,525,290,6,58618.85,6.13
1548,526,82,3,56634.78,51.51
1549,526,267,4,4195.85,22.89
1550,526,397,1,18328.89,10.53
1551,526,493,5,49279.51,30.37
1552,527,516,1,39383.68,93.2
1553,528,34,2,50110.18,33.13
1554,529,246,6,47696.65,20.01
1555,529,481,4,33476.85,78.28
1556,530,111,6,51141.62,66.48
1557,530,381,2,57322.76,32.12
1558,530,290,6,20591.88,0.94
1559,530,493,6,39981.9,16.52
1560,531,508,6,31273.66,9.3
1561,531,412,1,890.06,23.16
1562,532,539,6,1891.53,22.34
1563,532,226,2,37145.83,1.78
1564,533,109,3,24857.41,51.2
1565,533,449,4,21617.66,23.95
1566,533,423,2,9396.65,18.96
1567,534,5,2,2337.56,95.39
1568,535,382,4,27151.31,28.6
1569,536,369,6,33875.33,26.24
1570,536,81,5,10043.51,26.48
1571,537,345,1,25938.25,24.03
1572,538,223,4,17705.38,63.49
1573,538,131,1,22958.88,8.29
1574,539,486,5,33144.15,25.73
1575,539,401,3,987.31,97.71
1576,540,153,6,52111.55,7.68
1577,540,258,3,56587.01,26.14
1578,540,550,5,9234.72,18.94
1579,540,403,1,47300.38,7.46
1580,540,196,5,23055.76,45.42
1581,541,514,5,7536.01,58.02
1582,542,129,6,33655.91,6.34
1583,542,323,1,13304.62,9.32
1584,542,388,1,6740.77,25.65
1585,542,147,6,681.48,27.65
1586,542,312,6,9478.69,13.35
1587,543,3,5,181.68,23.77
1588,543,318,4,17825.14,13.76
1589,543,320,2,11956.16,80.72
1590,543,462,4,28480.7,4.57
1591,543,40,3,28396.55,5.47
1592,544,28,4,37132.39,27.63
1593,544,228,5,36295.69,60.85
1594,544,220,6,44892.86,8.67
1595,545,415,-1,23179.97,42.66
1596,545,308,4,56424.16,16.7
1597,546,501,1,2268.72,53.38
1598,546,407,4,17789.83,4.97
1599,546,248,2,23371.0,6.14
1600,547,298,5,33729.7,19.08
1601,547,534,5,30575.06,14.02
1602,547,410,6,48506.6,5.36
1603,547,476,4,335.33,48.63
1604,548,493,5,35771.55,24.48
1605,548,321,1,6285.48,2.22
1606,549,434,1,16754.12,92.19
1607,550,294,3,35555.89,6.82
1608,550,301,2,31187.07,21.91
1609,550,89,6,22504.13,56.75
1610,551,492,-6,12745.84,24.38
1611,552,57,3,47838.34,11.54
1612,553,357,6,38890.91,3.11
1613,553,220,4,34118.71,42.76
1614,553,396,2,29769.06,27.87
1615,553,115,2,48726.06,25.37
1616,554,338,6,33249.15,7.82
1617,554,250,1,57541.64,20.08
1618,554,158,1,28948.14,13.21
1619,554,491,1,21980.95,3.04
1620,555,328,5,52862.1,13.62
1621,555,474,1,48706.87,5.64
1622,556,270,4,35592.52,13.44
1623,556,403,1,39791.04,9.83
1624,556,310,-4,52448.47,7.12
1625,557,487,6,23767.67,17.5
1626,557,102,2,7655.98,19.45
1627,558,25,-1,40041.87,23.89
1628,558,178,1,45015.77,32.67
1629,558,399,1,50780.67,16.86
1630,559,527,1,172.32,16.68
1631,559,84,2,11673.72,19.98
1632,559,143,4,37507.16,20.6
1633,560,415,1,39952.1,14.81
1634,560,490,4,14776.22,25.68
1635,560,131,3,43505.9,13.85
1636,560,202,1,31865.35,13.97
1637,560,224,4,4988.51,11.93
1638,561,125,1,37679.97,24.85
1639,561,493,2,15781.73,62.78
1640,561,394,5,30453.9,62.57
1641,562,68,1,8925.78,19.99
1642,562,424,6,13764.15,34.33
1643,562,474,5,53223.58,24.15
1644,562,445,1,53295.0,58.32
1645,562,281,5,34103.46,4.96
1646,563,321,5,15510.05,52.02
1647,563,190,2,44844.87,21.1
1648,564,446,3,13431.51,25.75
1649,564,520,5,1568.86,14.37
1650,564,116,3,20928.43,23.45
1651,564,119,1,54599.79,5.01
1652,564,77,4,55751.37,92.23
1653,565,101,2,7062.17,72.45
1654,565,156,4,1446.99,32.4
1655,565,17,3,47798.61,31.95
1656,565,273,6,34109.66,23.09
1657,565,400,6,55025.34,18.05
1658,566,501,1,38645.57,71.98
1659,566,324,3,4502.08,6.5
1660,566,355,4,27417.37,52.77
1661,567,364,6,25922.21,36.48
1662,567,403,5,51024.72,3.06
1663,568,44,3,15029.76,15.24
1664,569,171,6,30725.45,90.91
1665,569,259,2,2454.99,21.48
1666,570,208,6,21253.2,16.34
1667,570,86,2,28368.98,61.72
1668,570,176,1,8349.83,24.89
1669,570,452,1,43016.55,20.95
1670,570,236,2,19642.2,73.14
1671,571,362,6,1197.39,8.08
1672,571,340,5,18284.12,7.68
1673,571,94,2,52639.1,4.77
1674,572,429,4,14513.56,74.58
1675,572,11,5,42352.83,27.17
1676,573,282,4,12362.21,43.47
1677,573,203,5,57406.45,60.61
1678,574,406,4,50185.29,20.28
1679,574,227,1,51501.87,27.84
1680,574,127,3,1229.71,39.1
1681,574,433,5,1934.6,8.7
1682,575,29,6,29439.11,58.01
1683,575,103,4,10280.39,12.96
1684,575,338,1,463.66,19.63
1685,576,426,3,42530.06,69.81
1686,576,102,6,39673.47,28.06
1687,576,200,3,32940.06,19.44
1688,576,126,6,21055.5,5.73
1689,577,509,3,40614.09,1.4
1690,577,415,1,54886.66,24.51
1691,577,179,3,26180.58,44.53
1692,578,182,4,35294.91,0.6
1693,578,412,3,32065.44,0.21
1694,578,42,5,50222.53,23.98
1695,578,227,3,7961.65,26.79
1696,578,85,3,19775.76,8.85
1697,579,186,6,33855.5,13.35
1698,579,47,5,51170.12,18.84
1699,579,334,4,47869.11,70.86
1700,580,479,4,19575.8,3.12
1701,580,422,-4,34242.23,10.7
1702,580,147,5,54702.67,75.65
1703,581,172,2,42588.26,11.28
1704,581,186,1,11825.88,20.42
1705,581,120,1,30504.48,15.49
1706,582,233,1,44887.29,17.17
1707,582,8,6,53043.03,3.8
1708,582,508,1,55748.32,28.05
1709,582,288,2,40637.86,26.46
1710,582,400,6,49740.89,22.02
1711,583,525,5,41830.93,90.94
1712,583,407,-5,343.96,58.74
1713,583,108,5,36742.0,21.84
1714,583,265,3,18826.71,19.28
1715,583,241,3,18651.44,96.3
1716,584,413,4,55582.49,23.23
1717,584,175,4,59611.51,39.1
1718,584,437,6,20518.87,15.46
1719,584,139,5,57292.8,25.87
1720,585,474,5,34380.87,15.19
1721,586,462,6,25056.72,16.56
1722,586,520,4,18634.86,29.73
1723,586,229,6,50476.4,1.7
1724,587,101,1,41196.32,9.49
1725,587,478,1,256.58,6.54
1726,587,477,5,11525.77,15.03
1727,587,398,-3,54260.98,17.64
1728,588,134,6,5311.2,4.15
1729,588,342,6,18972.15,23.79
1730,588,45,6,19927.77,62.31
1731,589,269,2,7764.74,48.73
1732,589,55,3,36781.22,17.55
1733,590,322,6,59318.97,4.46
1734,590,377,1,28268.78,41.81
1735,590,353,3,56007.52,27.41
1736,591,402,5,55637.58,28.7
1737,591,114,2,43971.9,25.28
1738,591,164,-3,44123.08,15.38
1739,591,111,2,32507.12,71.01
1740,592,374,4,25212.86,7.45
1741,593,263,3,48695.58,33.3
1742,594,418,6,496.36,23.04
1743,594,218,5,18765.65,6.96
1744,595,500,2,36076.3,82.35
1745,595,420,-1,10758.8,7.33
1746,596,387,6,3817.93,28.47
1747,596,146,-6,6340.59,1.11
1748,596,435,6,27787.41,2.01
1749,596,18,3,10441.34,58.4
1750,596,189,2,36734.92,17.97
1751,597,118,2,33118.86,23.77
1752,597,392,6,35331.16,25.17
1753,598,162,3,28875.0,91.96
1754,598,387,1,53873.16,14.53
1755,598,151,2,26723.84,45.4
1756,598,116,1,37264.51,73.53
1757,598,3,5,47378.23,28.01
1758,599,410,2,41608.88,20.81
1759,600,82,2,34657.6,29.11
1760,601,430,2,16318.03,25.34
1761,601,375,4,49332.74,26.58
1762,601,516,3,41716.99,81.66
1763,601,332,3,27715.81,13.97
1764,602,481,-3,315.85,18.18
1765,602,507,4,28139.35,1.59
1766,602,550,4,54302.42,18.2
1767,603,314,4,47754.37,79.66
1768,603,159,2,41252.34,64.39
1769,604,264,1,51954.64,51.59
1770,604,123,4,23292.83,16.28
1771,604,449,1,4548.82,19.24
1772,604,28,4,28369.81,25.14
1773,605,148,4,11535.4,17.42
1774,606,137,3,16276.41,23.75
1775,606,370,1,5227.43,20.43
1776,606,244,-5,26455.53,3.55
1777,607,527,6,29205.34,11.01
1778,608,492,4,43499.42,82.7
1779,609,292,2,58505.01,21.96
1780,610,389,1,19718.63,3.5
1781,610,464,5,3169.37,24.46
1782,610,156,4,21791.03,0.35
1783,610,301,1,39940.91,4.9
1784,610,423,6,40992.4,8.19
1785,611,482,5,28454.92,20.23
1786,611,374,6,56230.52,26.04
1787,612,330,2,23076.31,18.47
1788,612,463,6,38941.93,8.34
1789,612,317,3,46735.76,29.17
1790,612,261,6,5665.65,5.63
1791,613,236,6,47023.72,11.38
1792,613,455,1,54040.52,0.14
1793,613,434,5,29834.63,79.57
1794,613,405,3,2880.95,29.83
1795,614,529,3,2188.12,95.6
1796,614,522,3,10337.83,20.22
1797,614,81,4,19908.99,17.33
1798,614,282,4,15580.38,9.52
1799,615,112,6,54671.54,24.02
1800,615,100,1,15092.09,26.91
1801,615,120,5,59728.39,22.24
1802,615,93,2,21482.25,3.53
1803,616,54,6,39084.98,25.54
1804,616,465,1,2489.0,65.66
1805,617,272,6,618.25,8.9
1806,617,159,2,31070.79,14.53
1807,617,355,5,43123.87,6.42
1808,617,508,3,41017.03,16.19
1809,618,313,2,56134.98,14.45
1810,618,396,5,40963.36,26.39
1811,618,6,1,4803.51,33.59
1812,618,302,1,20713.81,83.22
1813,619,434,4,30256.48,13.65
1814,619,457,5,56448.43,27.88
1815,620,265,-3,55092.23,4.09
1816,620,463,5,59024.89,26.72
1817,620,302,1,57757.4,20.86
1818,620,71,3,3933.75,6.26
1819,620,242,4,31004.36,15.32
1820,621,541,4,25373.75,10.48
1821,621,294,1,4287.34,55.44
1822,621,302,4,8025.54,26.03
1823,622,477,1,20183.74,3.03
1824,623,238,1,7919.13,8.99
1825,623,105,2,50236.1,5.29
1826,623,388,6,54515.54,41.39
1827,624,292,4,21193.42,6.26
1828,624,306,1,4682.23,0.43
1829,625,191,1,52932.07,86.18
1830,625,500,3,22664.87,32.61
1831,625,49,3,55812.53,85.45
1832,625,405,6,20381.45,17.14
1833,625,427,6,32463.64,1.25
1834,626,280,3,30139.94,69.27
1835,626,400,5,26995.55,15.41
1836,626,539,2,13291.14,24.43
1837,627,472,1,26012.19,43.65
1838,627,94,3,26606.59,14.42
1839,627,172,4,56689.99,23.33
1840,627,215,2,31798.14,29.45
1841,627,164,6,476.9,14.49
1842,628,232,4,32262.94,7.98
1843,628,276,6,52218.15,28.68
1844,628,449,6,14638.8,5.2
1845,628,82,6,48272.78,14.99
1846,628,8,6,3450.49,33.97
1847,629,482,2,13315.52,24.75
1848,629,224,2,48967.3,27.68
1849,629,63,1,9876.7,76.33
1850,630,340,3,24691.62,23.69
1851,630,351,6,34772.95,27.47
1852,631,40,4,32292.48,10.79
1853,631,301,5,47082.09,86.94
1854,631,107,4,23519.35,26.21
1855,631,426,4,17891.5,15.45
1856,632,442,2,10781.12,28.95
1857,632,512,2,36177.03,46.52
1858,632,234,6,732.99,26.74
1859,633,269,5,40681.6,15.97
1860,633,321,3,24813.57,17.84
1861,634,61,2,2927.19,7.35
1862,634,88,-5,7127.96,15.14
1863,635,385,2,14940.29,18.74
1864,636,78,1,13185.73,25.13
1865,636,40,2,27557.21,65.59
1866,636,18,4,46040.1,31.88
1867,637,375,6,40100.37,96.07
1868,637,442,3,36735.16,36.78
1869,637,377,3,38947.44,11.6
1870,637,474,5,5070.43,51.39
1871,638,77,2,7945.79,26.91
1872,638,230,2,3796.01,20.06
1873,638,354,5,30087.36,2.23
1874,639,99,1,54469.89,21.32
1875,639,69,3,48249.48,80.68
1876,639,190,2,23204.47,7.86
1877,640,27,6,8575.64,5.66
1878,640,526,6,51508.76,93.72
1879,641,292,1,10455.06,77.29
1880,641,293,2,50146.24,17.28
1881,642,181,6,33145.47,71.84
1882,643,363,5,34134.17,8.47
1883,643,490,4,15247.55,91.09
1884,644,158,3,5272.0,2.61
1885,644,333,1,18226.01,29.32
1886,645,515,1,36089.51,12.97
1887,645,376,2,25708.39,5.57
1888,645,485,2,7792.49,4.52
1889,646,89,5,13504.92,59.21
1890,646,209,3,9849.39,18.07
1891,647,541,3,7109.33,20.28
1892,647,72,5,9329.38,5.77
1893,647,389,4,43650.9,2.82
1894,647,423,2,25919.18,11.96
1895,647,310,1,58430.57,20.87
1896,648,496,-1,39346.16,27.06
1897,649,118,5,28800.1,81.31
1898,650,115,2,46925.12,88.74
1899,651,279,5,1766.18,7.68
1900,651,270,5,23511.35,71.56
1901,652,356,2,49548.02,6.27
1902,652,158,-4,11831.19,19.27
1903,652,367,6,39174.15,22.33
1904,652,471,1,53339.89,29.3
1905,653,193,5,51596.85,42.45
1906,654,24,4,51773.48,11.92
1907,654,14,5,42971.24,7.43
1908,654,354,6,1853.76,68.12
1909,654,288,5,46902.92,26.0
1910,655,281,6,25309.29,21.62
1911,656,32,3,46721.14,88.17
1912,656,416,5,33168.36,19.53
1913,657,480,5,50459.7,4.26
1914,657,344,3,50324.19,37.38
1915,658,281,1,46180.83,28.64
1916,658,365,1,55168.34,4.95
1917,658,324,2,32605.39,16.43
1918,659,201,2,2049.24,12.34
1919,659,406,4,18740.94,23.99
1920,659,198,5,28828.52,2.95
1921,659,149,2,5391.36,22.8
1922,660,341,4,7397.51,30.19
1923,660,354,5,44982.87,79.93
1924,660,173,3,32688.6,21.34
1925,660,453,6,4199.67,11.44
1926,661,315,4,51598.88,2.28
1927,662,171,3,16249.84,27.29
1928,662,410,2,30096.5,50.66
1929,662,23,3,56590.81,29.75
1930,662,341,4,59319.45,5.95
1931,662,350,6,41190.54,33.8
1932,663,363,2,51088.49,95.53
1933,663,421,6,9216.05,28.69
1934,663,435,5,35263.99,20.61
1935,663,30,6,51448.71,13.35
1936,663,10,2,31869.58,19.74
1937,664,333,6,1386.42,5.81
1938,665,88,4,54422.34,11.35
1939,666,422,1,48993.16,16.86
1940,666,266,2,57676.35,1.02
1941,667,177,6,48696.93,10.66
1942,667,499,3,23293.16,8.81
1943,667,339,1,45119.23,20.86
1944,667,344,3,7912.79,50.05
1945,668,115,4,44574.91,27.93
1946,669,458,2,27711.34,8.54
1947,670,189,6,24617.03,22.8
1948,670,240,2,54575.86,14.59
1949,670,321,1,41042.61,9.05
1950,671,477,5,6296.05,18.69
1951,672,460,6,2553.15,99.91
1952,672,415,5,16982.32,25.6
1953,672,77,2,53472.51,24.01
1954,673,360,6,10222.02,14.16
1955,673,154,3,39540.25,16.64
1956,673,207,6,55106.41,9.77
1957,674,468,1,33666.02,21.87
1958,674,484,1,51931.75,28.79
1959,674,99,6,47444.73,93.24
1960,675,500,6,7048.01,2.28
1961,676,264,1,51389.89,75.82
1962,676,261,4,18275.53,9.06
1963,676,391,4,43926.99,15.49
1964,676,84,5,45947.12,5.54
1965,677,495,1,33663.02,18.98
1966,677,300,3,20126.63,8.65
1967,677,508,6,33340.14,96.89
1968,677,470,2,34347.9,18.44
1969,678,422,3,50630.9,6.45
1970,678,20,5,21724.33,30.74
1971,678,152,6,58507.98,0.03
1972,678,441,1,59582.15,24.96
1973,679,22,5,31711.01,22.0
1974,679,458,6,26135.15,17.4
1975,679,48,2,48052.85,21.19
1976,679,252,5,53418.15,50.46
1977,679,500,5,41745.14,21.68
1978,680,451,4,40424.54,34.03
1979,680,420,3,25681.52,67.7
1980,680,181,1,30638.89,13.4
1981,680,356,5,28650.08,85.91
1982,680,61,1,20097.27,14.92
1983,681,448,4,58604.13,12.5
1984,681,184,6,57126.91,17.18
1985,682,454,1,42973.26,99.3
1986,682,229,3,2449.42,33.5
1987,682,248,4,8883.61,46.5
1988,683,377,6,28983.04,17.81
1989,683,126,1,47933.35,26.39
1990,683,129,4,46047.44,6.27
1991,683,351,2,13909.83,3.89
1992,684,364,4,47212.74,6.57
1993,684,410,6,20287.41,3.06
1994,684,164,2,43075.9,22.0
1995,684,533,6,513.65,9.37
1996,684,237,6,56142.78,74.31
1997,685,274,2,53224.66,12.38
1998,686,527,4,58099.14,64.57
1999,686,216,5,857.21,13.2
2000,686,547,5,42680.76,22.58
2001,686,288,6,28703.36,19.76
2002,686,376,-5,58636.88,8.87
2003,687,315,1,39974.7,6.67
2004,687,310,5,26161.07,20.63
2005,687,148,2,27073.1,29.72
2006,688,439,3,8053.91,6.4
2007,688,535,5,36233.49,18.22
2008,688,543,6,51764.26,2.41
2009,688,372,-3,9982.35,11.22
2010,688,210,5,25294.29,36.28
2011,689,31,2,23827.74,27.35
2012,690,415,3,28314.77,24.87
2013,690,38,5,25770.87,58.36
2014,690,413,6,53445.59,52.77
2015,690,469,2,51405.33,15.27
2016,690,229,3,45586.41,67.7
2017,691,211,5,36943.69,8.67
2018,691,425,2,20937.19,8.58
2019,691,234,3,39785.1,7.45
2020,692,526,4,3309.16,2.73
2021,693,479,4,13364.7,5.03
2022,693,209,6,47704.3,70.45
2023,694,175,3,27175.85,17.95
2024,694,210,1,23547.07,17.41
2025,695,11,3,25904.4,21.82
2026,696,213,3,26891.72,26.6
2027,696,158,6,39901.97,18.42
2028,696,424,6,5572.81,23.85
2029,696,317,5,36008.26,27.55
2030,697,375,3,29501.46,27.19
2031,697,111,4,50139.96,49.38
2032,697,15,2,58114.96,23.04
2033,698,334,2,34398.74,11.67
2034,699,90,5,18246.28,2.72
2035,699,196,5,32430.78,44.51
2036,699,454,2,21350.14,12.1
2037,700,220,4,19469.87,4.51
2038,700,516,5,49739.02,39.33
2039,700,42,5,10007.43,8.95
2040,701,367,5,19865.6,5.6
2041,701,258,1,23393.67,15.13
2042,702,6,5,12653.66,12.59
2043,703,391,3,3610.03,7.79
2044,703,438,3,44105.85,19.71
2045,703,1,1,11257.14,33.8
2046,704,415,3,24585.64,27.79
2047,704,321,1,54186.16,78.78
2048,705,126,5,13078.83,54.38
2049,705,322,6,24125.45,22.34
2050,705,534,3,119.39,5.02
2051,706,494,1,52570.67,18.44
2052,706,198,3,51383.42,54.2
2053,706,532,3,23147.54,24.25
2054,707,303,1,20228.97,20.16
2055,707,119,6,13434.41,12.35
2056,707,195,4,26042.66,2.3
2057,707,411,1,38556.42,4.43
2058,707,383,2,45097.69,25.49
2059,708,18,5,9306.52,6.23
2060,708,503,2,11763.32,4.9
2061,708,104,2,52304.86,24.25
2062,709,54,2,40605.73,14.14
2063,710,535,2,15367.71,39.94
2064,710,358,1,53788.15,27.15
2065,710,395,6,2066.22,5.95
2066,711,380,4,10164.3,43.16
2067,711,76,6,5003.94,72.99
2068,711,440,6,46816.82,18.44
2069,711,326,5,11820.46,35.72
2070,712,508,2,17140.89,18.0
2071,712,139,5,30343.23,25.39
2072,712,61,1,52900.24,19.0
2073,712,440,5,51624.66,28.82
2074,712,155,1,5434.32,4.9
2075,713,433,5,47182.8,28.24
2076,713,7,5,15265.04,24.22
2077,714,78,6,54431.5,80.44
2078,715,242,3,21208.58,0.35
2079,715,280,6,44438.13,27.35
2080,715,436,1,7989.01,7.87
2081,715,334,4,33494.36,19.13
2082,715,270,3,2533.23,60.84
2083,716,81,6,1062.96,13.63
2084,716,313,6,25921.6,19.05
2085,716,147,6,27302.95,18.14
2086,717,354,3,31513.74,3.7
2087,717,200,3,22581.96,17.47
2088,717,46,1,46960.85,3.88
2089,717,99,4,5179.66,11.61
2090,717,401,6,26179.64,9.25
2091,718,131,6,23810.46,83.92
2092,718,277,6,41060.57,6.29
2093,718,410,3,29884.7,8.67
2094,718,423,2,16483.63,10.21
2095,718,495,3,23477.67,52.1
2096,719,317,1,50968.57,15.02
2097,719,400,6,43955.84,19.92
2098,719,65,1,7229.72,91.85
2099,719,464,1,57644.73,8.64
2100,719,185,2,7699.84,3.71
2101,720,88,6,48881.69,19.22
2102,720,151,1,1955.03,27.79
2103,720,278,4,15987.83,25.74
2104,720,265,6,27988.02,17.75
2105,720,232,5,52444.86,14.86
2106,721,438,5,5654.5,28.21
2107,722,83,6,9121.17,97.34
2108,722,515,3,31207.17,24.17
2109,722,112,2,21761.15,29.17
2110,722,16,3,25078.99,9.02
2111,722,44,5,8707.99,29.76
2112,723,323,3,7782.86,32.69
2113,723,319,1,58202.84,22.72
2114,724,26,3,33285.73,15.32
2115,724,340,4,59221.98,14.18
2116,724,48,4,42544.62,16.21
2117,724,256,4,42435.48,13.4
2118,724,258,6,3431.37,6.23
2119,725,400,5,22347.92,4.09
2120,725,369,2,39324.9,8.87
2121,726,264,3,38170.66,80.53
2122,727,285,3,35493.77,11.46
2123,728,361,3,12890.66,18.37
2124,728,473,4,7436.66,6.8
2125,728,320,2,47150.91,4.94
2126,729,479,1,47530.22,29.45
2127,729,30,5,21921.36,21.03
2128,729,95,5,37651.24,15.7
2129,729,26,1,28622.14,28.44
2130,730,119,5,29998.55,45.63
2131,730,376,2,29513.55,86.75
2132,731,220,2,13823.8,7.92
2133,731,121,1,26394.42,20.67
2134,732,320,6,44294.52,6.55
2135,733,475,6,15424.72,6.64
2136,733,318,4,59881.23,12.07
2137,733,471,1,27011.92,4.18
2138,733,483,5,7296.76,23.62
2139,734,131,5,33380.26,44.04
2140,734,124,4,47447.6,5.93
2141,734,218,1,43343.16,58.62
2142,734,516,4,39769.22,40.23
2143,734,426,6,2044.45,35.23
2144,735,97,2,54857.34,34.01
2145,735,187,6,52709.06,3.37
2146,736,317,3,1842.45,23.5
2147,736,444,5,28483.0,9.21
2148,736,360,6,13608.93,62.59
2149,736,101,5,41388.92,17.38
2150,736,158,3,49234.04,21.29
2151,737,265,5,55291.63,85.32
2152,737,171,2,23693.24,5.32
2153,737,76,4,31228.04,10.98
2154,737,253,2,33584.06,83.34
2155,737,512,3,15484.64,17.54
2156,738,25,2,29534.19,20.05
2157,738,305,-5,48703.53,3.45
2158,739,34,1,13514.24,30.79
2159,740,316,3,12008.7,14.98
2160,741,77,5,5313.15,15.74
2161,741,268,4,56032.77,27.22
2162,742,472,6,39554.56,2.69
2163,742,19,4,39722.69,45.42
2164,742,320,5,40011.77,18.15
2165,743,404,1,10955.4,18.12
2166,744,230,3,23278.54,29.43
2167,744,178,3,37264.95,19.94
2168,744,59,6,54908.83,5.86
2169,745,479,6,40701.95,96.51
2170,745,8,6,37558.49,83.67
2171,745,122,-4,57988.07,10.21
2172,745,119,5,32208.84,16.51
2173,746,36,5,36336.52,34.68
2174,747,491,4,53034.11,38.27
2175,747,301,2,50395.46,26.55
2176,747,218,3,48527.67,22.06
2177,747,200,5,44510.85,25.93
2178,748,272,6,14392.94,27.21
2179,748,454,3,43042.38,2.35
2180,748,81,3,29759.78,0.17
2181,748,358,6,49921.8,11.95
2182,748,363,2,15596.03,7.11
2183,749,287,-5,13851.37,72.94
2184,749,34,3,34862.72,60.72
2185,749,494,2,22848.51,15.75
2186,750,30,4,58058.66,2.62
2187,750,487,1,23240.8,98.94
2188,750,227,3,18922.14,73.81
2189,751,418,5,32024.49,12.96
2190,751,370,2,55479.06,19.43
2191,752,404,2,51440.99,48.57
2192,752,443,5,15940.93,14.66
2193,752,39,1,45498.56,81.57
2194,753,91,1,29405.06,80.42
2195,754,336,1,58607.52,88.12
2196,755,481,2,1401.5,25.16
2197,755,208,3,39352.52,94.65
2198,755,531,5,51315.28,80.86
2199,755,202,3,46135.19,12.3
2200,756,479,6,31718.66,75.62
2201,756,30,1,38226.88,16.25
2202,757,164,5,52994.47,9.49
2203,758,113,2,15287.86,17.65
2204,758,131,3,6237.0,6.21
2205,759,511,5,20134.52,23.36
2206,759,422,1,4061.68,80.26
2207,760,373,3,2245.18,6.15
2208,760,122,5,18153.3,8.07
2209,760,31,2,13757.08,23.06
2210,760,438,4,55788.83,28.47
2211,761,299,3,28804.61,18.43
2212,762,121,5,30412.4,23.58
2213,762,463,3,56898.57,22.33
2214,763,515,3,33094.47,27.03
2215,763,274,6,1534.9,29.15
2216,763,268,1,53259.14,25.34
2217,764,159,1,9621.32,19.47
2218,764,434,2,35927.19,11.43
2219,764,56,-2,36063.79,27.31
2220,765,410,1,1858.16,17.8
2221,765,362,3,47711.52,18.0
2222,765,272,4,9884.81,86.64
2223,766,366,1,12108.63,15.95
2224,766,221,6,59802.95,28.0
2225,766,96,2,3422.44,3.73
2226,766,335,6,14327.08,27.29
2227,766,5,3,17344.31,27.46
2228,767,455,2,31573.57,8.13
2229,767,498,6,40826.56,82.99
2230,767,458,3,32193.47,25.79
2231,768,528,4,51131.91,26.04
2232,768,142,1,11161.49,64.65
2233,769,541,3,14696.33,3.72
2234,769,539,4,51158.28,25.35
2235,769,82,3,27263.61,79.92
2236,769,345,1,45756.2,8.45
2237,770,334,6,34369.31,8.64
2238,771,43,1,51055.36,10.83
2239,771,244,3,48015.41,11.05
2240,771,341,3,4760.4,75.66
2241,772,157,4,18071.5,13.56
2242,772,458,4,16363.41,5.4
2243,773,121,5,51106.4,24.37
2244,773,130,2,28249.24,49.35
2245,773,223,6,19922.94,98.33
2246,774,318,4,11928.93,23.64
2247,774,427,6,7133.03,58.61
2248,774,473,3,55814.74,12.93
2249,774,272,3,47494.96,12.39
2250,774,109,2,59145.23,20.39
2251,775,370,3,41636.5,10.32
2252,775,203,6,3447.34,36.45
2253,775,65,5,17458.42,96.34
2254,775,290,3,48105.06,12.72
2255,776,220,4,33673.39,10.68
2256,776,209,1,48231.62,0.9
2257,776,382,4,3143.82,47.36
2258,776,496,3,40861.5,22.98
2259,776,425,1,34787.2,6.69
2260,777,393,1,57344.29,29.5
2261,777,48,5,40785.08,1.0
2262,777,249,3,33156.89,2.79
2263,777,71,3,10475.37,28.5
2264,777,431,1,11472.58,7.12
2265,778,444,4,11177.96,66.91
2266,778,249,2,38213.26,28.31
2267,779,546,5,17899.54,13.49
2268,780,423,4,14983.1,26.42
2269,781,9,3,5653.03,74.29
2270,781,239,4,28896.01,81.62
2271,782,282,4,11728.05,4.99
2272,782,31,4,26102.23,59.39
2273,782,264,6,5666.17,14.23
2274,783,280,4,39858.71,94.99
2275,783,173,4,13111.88,18.5
2276,783,319,3,48641.38,43.72
2277,784,148,1,37633.66,17.5
2278,784,201,1,56330.69,8.05
2279,784,286,5,25156.14,15.58
2280,785,187,2,47461.18,77.21
2281,786,273,5,11225.76,46.77
2282,786,393,2,33524.03,98.12
2283,787,209,5,55203.06,29.68
2284,788,508,1,47254.69,38.5
2285,788,514,3,27016.4,81.94
2286,788,251,3,27676.45,67.7
2287,789,362,3,44112.16,19.12
2288,790,435,2,54937.76,3.64
2289,790,268,4,57731.52,88.28
2290,790,262,3,3780.96,98.07
2291,790,271,5,15078.59,25.96
2292,791,52,3,34508.89,15.83
2293,791,256,6,1399.95,37.41
2294,792,242,2,51147.83,54.34
2295,793,193,4,24704.32,5.59
2296,793,191,4,41541.17,27.91
2297,793,513,2,5837.73,27.6
2298,794,80,2,4983.14,45.91
2299,794,503,6,55106.39,23.0
2300,794,45,3,1353.68,14.19
2301,794,40,6,37023.64,28.72
2302,794,373,3,54223.6,5.81
2303,795,7,6,43200.72,4.01
2304,795,496,-1,45095.12,29.35
2305,795,491,1,35301.67,80.36
2306,796,471,3,14428.49,1.31
2307,796,113,2,7662.91,79.98
2308,797,424,4,51368.04,20.12
2309,797,436,1,58084.51,2.22
2310,798,257,3,9072.49,4.17
2311,798,465,1,24370.43,22.42
2312,799,466,-1,53366.63,74.83
2313,799,322,6,33036.56,57.9
2314,800,474,2,31400.75,13.61
2315,800,78,6,48630.56,10.95
2316,800,73,2,13855.21,6.94
2317,801,280,6,19248.34,87.06
2318,801,543,3,3458.3,8.9
2319,801,289,2,42405.2,14.79
2320,802,406,4,47068.87,20.52
2321,802,272,6,1570.53,9.14
2322,803,331,6,30315.01,2.96
2323,804,227,6,58833.22,23.81
2324,804,195,3,46357.54,5.81
2325,804,292,6,273.6,26.99
2326,804,401,1,59452.15,92.91
2327,804,374,1,8888.67,0.32
2328,805,452,2,42034.26,16.55
2329,805,63,6,13516.09,91.12
2330,805,114,5,5642.82,25.41
2331,806,390,4,26722.54,60.43
2332,806,542,4,14281.61,16.88
2333,806,112,1,4244.44,34.72
2334,807,86,2,4510.8,29.85
2335,807,388,4,30024.1,21.4
2336,807,194,3,2685.31,71.74
2337,808,364,5,50472.12,19.92
2338,808,153,4,501.72,17.99
2339,808,343,1,52856.1,14.72
2340,809,461,5,9690.9,12.87
2341,809,114,6,47279.39,1.95
2342,810,447,5,47298.05,0.1
2343,810,525,6,16772.45,24.44
2344,810,21,1,3032.62,29.84
2345,810,121,4,40039.63,10.34
2346,810,28,6,31480.58,14.73
2347,811,51,2,30440.58,3.02
2348,811,87,5,38884.02,18.0
2349,811,285,4,1787.47,6.07
2350,811,476,3,21784.82,16.89
2351,812,172,2,51932.71,3.6
2352,813,378,2,43787.04,22.16
2353,813,411,4,43863.36,18.29
2354,814,46,3,28071.84,81.05
2355,814,50,5,28425.73,12.06
2356,814,508,2,29454.86,15.29
2357,815,512,3,36891.7,20.34
2358,815,462,3,18483.01,11.19
2359,815,245,5,28233.58,35.07
2360,816,83,5,41851.99,12.77
2361,817,127,5,25271.7,5.67
2362,817,153,3,2350.55,7.36
2363,817,391,5,13083.3,39.33
2364,817,503,2,44308.82,11.22
2365,817,115,2,19955.82,5.15
2366,818,284,3,7521.02,15.76
2367,818,503,5,35395.1,36.84
2368,819,237,5,26485.72,12.95
2369,819,170,1,34102.72,72.12
2370,819,131,4,45506.32,9.49
2371,819,141,4,29747.42,25.35
2372,820,470,3,54886.24,6.35
2373,821,212,5,4681.84,14.85
2374,821,359,1,8529.28,4.74
2375,821,254,5,2174.9,11.42
2376,822,462,2,15469.27,10.04
2377,822,361,5,49624.34,0.14
2378,822,428,5,19538.33,75.9
2379,823,280,1,43039.55,14.59
2380,823,273,4,35620.98,19.3
2381,824,154,1,48001.81,26.32
2382,824,118,5,53629.66,3.41
2383,824,2,2,51773.32,11.09
2384,825,216,5,4746.08,71.66
2385,825,542,1,18044.13,5.32
2386,825,315,1,50243.25,93.3
2387,826,394,3,20125.95,41.62
2388,826,192,-2,10754.34,23.05
2389,827,399,6,17141.0,25.8
2390,827,174,4,17776.72,38.3
2391,827,148,1,48106.15,25.0
2392,828,484,4,47505.44,15.76
2393,828,51,1,34727.58,3.25
2394,828,52,2,4566.06,22.14
2395,829,1,2,6490.97,6.74
2396,829,175,5,36481.63,19.93
2397,830,542,6,20212.99,21.83
2398,831,446,3,838.75,29.42
2399,831,402,5,4133.49,20.9
2400,832,120,6,28459.29,5.95
2401,832,450,3,48199.33,5.11
2402,832,102,5,38623.19,28.31
2403,833,277,-3,5137.04,28.84
2404,833,516,6,54086.7,17.41
2405,833,116,3,24790.06,90.58
2406,833,298,2,1928.67,26.7
2407,833,113,2,54140.06,21.06
2408,834,516,4,17907.97,54.25
2409,834,526,4,47977.47,66.21
2410,834,534,4,19684.23,3.05
2411,834,401,4,16459.33,3.71
2412,835,196,5,53556.58,6.16
2413,835,154,3,13141.93,82.88
2414,835,117,5,53243.96,18.3
2415,836,13,6,55276.04,94.27
2416,836,129,4,37820.94,4.74
2417,836,152,2,56243.9,26.43
2418,837,248,4,2457.34,11.55
2419,837,550,3,37182.86,19.55
2420,838,549,3,32390.93,25.95
2421,838,506,4,4594.82,10.14
2422,838,437,3,3200.37,21.87
2423,838,405,1,22285.22,68.79
2424,838,482,5,29633.49,8.51
2425,839,141,4,53133.23,24.32
2426,839,353,5,12521.32,99.81
2427,839,284,4,57214.8,7.02
2428,839,188,5,11198.29,3.1
2429,840,174,6,46646.27,19.53
2430,840,524,-5,53089.89,1.19
2431,840,196,2,14011.72,13.7
2432,840,391,6,31311.76,17.36
2433,840,197,1,43555.5,17.8
2434,841,196,3,42455.82,10.39
2435,842,4,1,33139.56,8.93
2436,842,508,3,36604.36,11.98
2437,842,491,3,30323.67,12.44
2438,842,384,1,56068.4,27.36
2439,843,75,6,44920.33,37.08
2440,843,264,3,11849.05,5.67
2441,843,287,1,36778.79,9.63
2442,844,214,1,29923.26,67.25
2443,844,363,4,45402.96,0.29
2444,844,113,3,15183.35,14.9
2445,844,102,2,15722.81,21.06
2446,845,478,6,6811.01,13.24
2447,845,41,5,39265.09,6.9
2448,845,204,3,44529.24,9.6
2449,845,177,2,7288.31,13.24
2450,845,222,3,25444.38,14.94
2451,846,73,3,57242.89,98.8
2452,846,90,1,30281.73,24.07
2453,847,343,2,31999.57,0.56
2454,847,266,6,32873.78,9.27
2455,847,27,1,7826.45,9.14
2456,847,28,6,32684.0,4.04
2457,848,433,6,32024.23,18.97
2458,848,65,2,16964.78,14.35
2459,848,435,1,7788.72,18.77
2460,849,508,6,18395.58,41.14
2461,849,262,1,48306.9,39.51
2462,849,219,-1,17608.53,23.44
2463,850,342,2,28394.26,4.4
2464,850,467,6,13998.08,12.7
2465,850,311,6,39450.5,23.85
2466,851,536,5,33602.21,14.9
2467,852,465,3,13142.48,19.69
2468,852,503,2,36427.64,97.1
2469,852,434,2,38629.06,1.25
2470,852,488,5,2426.21,58.69
2471,852,449,3,30127.35,24.25
2472,853,468,6,6896.81,20.57
2473,854,413,6,6505.91,24.15
2474,854,320,5,11643.08,23.02
2475,854,42,5,14381.72,14.02
2476,854,254,3,49651.6,23.02
2477,855,188,1,13751.44,42.05
2478,855,459,-4,58629.56,28.91
2479,855,84,1,11913.47,8.37
2480,855,324,1,20847.28,10.45
2481,855,258,3,40458.81,93.7
2482,856,461,5,40684.1,20.96
2483,857,539,6,46799.6,0.27
2484,857,169,-3,45390.19,75.98
2485,857,139,1,46959.24,10.57
2486,857,109,4,29557.7,26.78
2487,857,33,3,53274.62,29.57
2488,858,438,4,16477.94,3.78
2489,858,419,3,56838.29,20.87
2490,858,496,5,28254.14,1.57
2491,858,84,1,28025.45,24.22
2492,858,535,3,2915.67,29.38
2493,859,475,2,50422.44,23.18
2494,860,495,3,13732.02,24.08
2495,860,263,4,52713.19,17.7
2496,860,62,2,50504.7,46.71
2497,860,219,3,7360.6,20.4
2498,860,59,1,25617.7,7.35
2499,861,86,3,48953.88,78.71
2500,861,271,2,35721.17,14.24
2501,862,252,3,45559.86,72.88
2502,863,363,6,1797.23,29.03
2503,863,391,6,22858.56,87.53
2504,864,211,1,15544.28,3.41
2505,864,127,1,1763.3,10.25
2506,865,209,2,58668.47,16.4
2507,865,55,4,26320.56,7.33
2508,865,34,3,33676.23,9.48
2509,865,370,4,49967.91,68.54
2510,866,319,5,49639.16,43.86
2511,866,277,3,9338.0,21.6
2512,866,146,5,32078.07,61.2
2513,866,424,6,1980.83,4.01
2514,866,88,3,35630.4,15.34
2515,867,342,5,20230.19,14.88
2516,867,176,1,42992.68,17.58
2517,868,217,2,16901.88,14.77
2518,868,370,4,46738.44,39.05
2519,868,266,5,18436.54,5.29
2520,868,302,-4,34141.17,27.72
2521,869,305,3,48159.38,17.81
2522,869,445,5,39130.07,80.45
2523,869,129,1,8468.84,84.64
2524,869,469,1,51596.52,97.78
2525,870,446,1,3720.75,18.43
2526,870,45,2,37970.77,3.11
2527,871,147,6,12157.38,23.22
2528,871,407,2,3617.17,22.49
2529,871,140,6,17899.1,17.92
2530,871,370,5,16119.51,55.68
2531,871,107,3,55486.36,23.59
2532,872,271,3,44932.56,62.32
2533,872,425,4,52563.21,72.51
2534,872,269,6,42606.87,72.79
2535,872,345,6,26422.99,22.86
2536,873,287,2,57902.95,66.57
2537,873,25,2,6231.49,24.47
2538,874,284,1,55388.64,36.66
2539,875,168,5,30328.0,28.94
2540,876,7,5,9799.92,19.5
2541,876,140,6,35300.99,94.63
2542,876,135,5,56847.63,27.94
2543,877,503,2,19168.9,91.07
2544,877,494,2,59687.3,21.94
2545,877,280,2,31249.77,41.82
2546,877,187,6,4880.72,3.59
2547,878,142,-4,26517.25,25.75
2548,879,535,3,29853.43,35.65
2549,879,395,2,1678.1,56.03
2550,879,392,5,33411.22,66.53
2551,880,371,4,49793.14,98.24
2552,880,53,5,11646.93,28.24
2553,880,488,6,20459.14,23.02
2554,880,215,6,40223.51,18.2
2555,880,239,-6,9047.72,0.56
2556,881,61,5,28707.59,28.31
2557,881,484,1,50731.66,10.42
2558,881,155,2,38626.51,41.35
2559,881,177,1,12661.33,24.32
2560,881,29,5,27927.07,46.02
2561,882,31,1,33092.82,23.83
2562,882,203,1,17052.26,33.62
2563,882,172,2,44081.28,22.1
2564,882,202,1,30842.89,14.81
2565,883,529,3,20351.26,17.63
2566,883,497,5,18289.28,61.86
2567,883,333,4,14961.65,8.74
2568,884,132,4,6352.6,8.64
2569,884,457,6,18577.02,6.78
2570,884,183,5,39761.59,20.46
2571,884,514,6,24141.83,87.67
2572,885,199,5,6486.49,27.64
2573,885,303,6,22721.79,3.35
2574,885,207,5,33628.68,12.58
2575,886,369,5,45111.17,64.56
2576,886,546,4,9159.05,28.49
2577,886,323,5,14245.39,16.14
2578,886,458,3,28415.3,16.01
2579,886,278,5,50626.27,7.98
2580,887,535,-5,26479.71,48.25
2581,887,151,5,20739.18,25.14
2582,887,265,3,34836.31,27.0
2583,887,253,5,3105.44,23.32
2584,887,450,2,56918.11,95.28
2585,888,509,3,29077.66,7.24
2586,888,121,-2,33198.74,65.97
2587,888,145,5,35259.97,14.19
2588,889,186,-4,34862.0,25.62
2589,889,349,3,48690.74,65.34
2590,889,398,1,12411.81,91.0
2591,890,252,6,39288.73,51.56
2592,891,549,1,48095.96,0.75
2593,891,274,3,6048.86,23.96
2594,891,455,4,3147.81,59.13
2595,891,452,6,29343.23,95.01
2596,892,397,1,38252.09,11.45
2597,892,449,5,27560.05,7.93
2598,893,490,1,15372.51,50.16
2599,893,502,4,9039.52,21.73
2600,893,309,3,10303.36,26.47
2601,894,257,1,36301.29,5.19
2602,895,265,1,8267.54,17.29
2603,895,177,5,31496.76,27.55
2604,896,322,5,956.48,3.69
2605,897,7,6,30736.23,10.53
2606,897,297,4,29030.36,82.76
2607,898,114,-4,19007.48,25.13
2608,898,476,5,6013.96,22.16
2609,898,389,3,24100.23,24.58
2610,899,410,4,15177.3,1.41
2611,899,382,3,30058.02,10.26
2612,899,486,6,26203.84,32.07
2613,899,444,2,21889.03,62.32
2614,900,507,2,18015.27,16.66
2615,900,542,4,42019.91,4.06
2616,900,138,5,49629.48,20.38
2617,900,514,6,47128.81,6.17
2618,900,500,4,24951.65,6.07
2619,901,252,2,5354.43,19.4
2620,902,195,1,48078.18,20.06
2621,902,245,4,30155.87,52.31
2622,902,248,3,41822.12,56.95
2623,902,21,1,16661.16,13.72
2624,902,81,3,42479.93,9.52
2625,903,205,6,21010.94,42.42
2626,903,514,5,52618.4,6.1
2627,903,468,5,34552.55,22.34
2628,903,92,4,4190.68,27.7
2629,904,397,5,35030.94,82.22
2630,904,48,6,15897.85,18.08
2631,904,126,6,42250.5,19.59
2632,905,291,1,35432.3,48.14
2633,905,141,6,53198.08,81.27
2634,905,442,1,59284.15,14.83
2635,905,538,1,3581.88,18.6
2636,905,371,6,51846.09,5.64
2637,906,163,3,34370.66,26.97
2638,906,104,6,10374.16,98.62
2639,906,132,3,11054.05,39.07
2640,906,128,4,37966.96,21.21
2641,907,38,3,7975.45,24.06
2642,907,535,5,16663.26,64.32
2643,907,160,3,51322.11,25.15
2644,908,281,2,53060.31,5.69
2645,909,51,-3,57290.29,22.13
2646,909,500,2,30977.93,19.19
2647,909,287,5,27991.27,26.98
2648,910,208,-5,29104.57,5.22
2649,910,89,6,41398.63,3.88
2650,910,25,4,38619.85,10.64
2651,911,452,4,21482.37,10.13
2652,911,408,3,6493.68,2.92
2653,911,67,4,6434.59,7.41
2654,912,131,2,3155.16,6.9
2655,912,273,1,5983.49,24.92
2656,913,256,4,37161.93,29.17
2657,913,52,6,30304.37,24.37
2658,914,194,5,51886.55,91.9
2659,914,221,6,8967.49,17.98
2660,914,72,5,21821.63,27.6
2661,914,135,3,5148.12,12.64
2662,915,182,6,39241.33,17.94
2663,915,35,-1,16638.76,39.39
2664,916,402,3,49440.36,16.9
2665,916,274,4,15247.67,76.01
2666,917,58,4,9992.49,13.24
2667,918,245,1,30485.53,13.38
2668,918,327,5,28995.99,91.6
2669,918,161,2,22390.77,4.36
2670,918,473,1,39969.53,97.55
2671,918,521,3,51641.96,14.28
2672,919,339,5,28818.11,9.27
2673,919,291,4,14555.62,42.12
2674,919,413,2,42733.1,10.61
2675,919,379,6,51845.41,82.23
2676,920,343,3,44117.33,46.55
2677,921,209,3,43772.41,11.88
2678,921,322,6,42247.78,27.39
2679,921,70,4,24769.28,92.86
2680,921,528,2,26917.43,18.23
2681,922,279,-1,9669.38,3.84
2682,922,529,1,20376.84,17.64
2683,922,263,3,11957.81,6.9
2684,922,144,4,16453.65,93.57
2685,923,220,5,2869.68,79.01
2686,923,59,2,33617.93,61.99
2687,923,190,2,45456.84,97.89
2688,924,157,5,2072.95,20.21
2689,924,171,3,53876.42,0.77
2690,925,337,5,39587.93,22.55
2691,925,203,4,37459.77,97.7
2692,925,56,5,18276.55,11.76
2693,925,480,5,33764.29,20.53
2694,926,317,2,30382.98,22.3
2695,927,543,3,10927.98,12.82
2696,928,489,2,46705.88,73.44
2697,928,189,2,37957.24,82.79
2698,928,387,4,49220.25,4.97
2699,928,390,1,16301.87,78.1
2700,928,150,6,38318.21,29.34
2701,929,408,1,17965.9,11.59
2702,929,108,5,22767.86,5.06
2703,929,48,5,44355.5,15.65
2704,929,362,4,37002.83,97.19
2705,930,261,5,37332.83,80.0
2706,930,20,2,16457.05,29.25
2707,930,252,2,14196.59,24.76
2708,930,369,1,34800.2,46.89
2709,930,86,5,8199.68,27.55
2710,931,506,6,9680.58,2.3
2711,931,254,2,45886.49,0.59
2712,931,3,2,6054.43,7.32
2713,931,94,2,49575.61,20.57
2714,932,299,1,10728.25,4.55
2715,933,126,4,50041.26,34.77
2716,933,437,1,56919.96,77.33
2717,934,328,-6,6401.41,29.93
2718,934,409,6,27828.52,25.29
2719,934,15,2,10532.42,30.89
2720,934,8,2,13201.24,27.29
2721,935,117,3,18336.25,3.41
2722,935,382,6,42960.33,0.32
2723,935,75,4,58045.0,25.31
2724,935,321,1,14321.19,21.57
2725,936,207,3,34117.31,83.74
2726,937,116,6,1597.93,26.11
2727,937,390,2,41903.85,4.16
2728,938,192,2,39366.88,16.4
2729,938,462,2,26255.51,21.77
2730,938,394,2,54330.86,89.05
2731,939,28,4,6865.09,27.69
2732,939,104,6,44237.61,0.21
2733,939,86,3,11409.24,25.66
2734,939,411,2,14108.33,17.11
2735,940,307,6,17046.5,10.83
2736,940,86,2,31362.16,1.82
2737,940,495,-3,19408.88,52.76
2738,940,347,5,32910.14,14.68
2739,940,214,1,29844.74,45.21
2740,941,51,6,16428.84,4.03
2741,941,8,5,19727.62,2.53
2742,941,233,2,27328.29,13.28
2743,941,25,6,11325.15,84.68
2744,942,242,1,3886.33,2.77
2745,942,134,2,32096.39,61.8
2746,942,12,1,10808.33,31.48
2747,942,370,1,38318.41,25.68
2748,942,111,4,43169.01,20.05
2749,943,361,5,57132.5,2.69
2750,943,451,3,26925.08,0.76
2751,943,447,6,41115.93,16.27
2752,944,124,3,30040.87,13.94
2753,944,64,4,35109.84,26.8
2754,944,128,4,5876.35,15.33
2755,944,103,1,18454.78,89.95
2756,944,281,4,2503.3,19.96
2757,945,5,4,9813.55,4.08
2758,945,258,2,3653.19,19.08
2759,945,359,6,31973.71,16.67
2760,945,236,2,30171.67,45.86
2761,945,313,2,52596.81,62.86
2762,946,484,6,1897.77,7.28
2763,946,17,5,25478.91,24.0
2764,946,168,3,17242.29,13.53
2765,947,255,6,42635.75,16.59
2766,947,239,5,27293.03,97.12
2767,947,327,4,58401.24,24.91
2768,947,403,3,56350.69,1.7
2769,948,421,4,16283.17,26.18
2770,949,95,4,15400.02,10.3
2771,949,384,4,10362.5,16.7
2772,950,223,3,17070.41,36.31
2773,950,200,6,54474.83,9.19
2774,951,298,1,20438.08,7.95
2775,951,151,5,38528.55,81.3
2776,951,87,6,43143.71,62.55
2777,952,388,1,4568.2,3.69
2778,952,244,4,29518.04,27.06
2779,952,518,6,10764.2,15.03
2780,953,178,3,54454.16,26.46
2781,953,260,3,34238.18,23.99
2782,953,452,1,19033.46,36.86
2783,953,210,6,31789.03,14.4
2784,954,182,5,19524.48,7.62
2785,954,241,6,8504.81,9.0
2786,954,50,2,32150.85,29.35
2787,954,348,2,44712.15,19.07
2788,954,477,3,893.45,22.3
2789,955,117,2,54796.77,26.43
2790,955,28,2,47768.5,14.73
2791,955,387,6,23206.87,7.75
2792,955,424,3,21064.78,10.75
2793,956,327,2,11541.55,0.05
2794,956,3,3,11316.06,4.95
2795,957,426,2,23527.53,74.75
2796,957,524,5,8546.49,46.21
2797,957,233,4,37111.4,22.57
2798,957,137,4,15749.99,6.17
2799,957,116,1,16768.05,25.74
2800,958,488,2,10257.84,16.0
2801,959,70,5,50599.11,21.26
2802,959,363,5,58519.63,20.93
2803,959,378,2,53870.41,18.26
2804,959,174,2,1820.01,47.79
2805,960,548,-4,18781.79,1.21
2806,960,214,5,16428.4,3.1
2807,960,400,1,49056.74,5.57
2808,960,455,2,48528.46,26.24
2809,961,365,5,21497.86,27.22
2810,961,420,-4,29221.56,23.92
2811,961,393,1,30074.48,16.52
2812,961,436,2,50323.77,10.38
2813,961,16,1,7926.28,58.24
2814,962,514,3,36431.97,40.53
2815,963,345,3,28290.71,21.9
2816,963,162,5,49395.12,12.52
2817,964,331,4,15195.23,23.97
2818,964,470,3,45019.73,17.05
2819,964,229,3,44693.77,12.58
2820,965,53,2,35380.41,5.25
2821,965,85,3,45671.04,9.83
2822,965,504,2,37487.97,20.36
2823,965,333,5,33868.0,6.02
2824,965,174,2,20431.2,0.09
2825,966,269,3,33897.49,88.89
2826,966,92,2,32647.13,99.32
2827,966,351,6,52257.74,24.77
2828,966,85,2,25092.11,72.3
2829,966,132,6,16340.06,4.22
2830,967,252,1,35969.22,5.67
2831,967,210,2,39077.35,29.9
2832,967,270,2,41523.46,10.24
2833,967,418,5,5193.23,11.54
2834,968,208,1,22484.91,52.91
2835,968,237,3,39196.22,1.63
2836,969,17,1,54644.59,21.93
2837,969,204,6,1981.76,41.55
2838,970,511,2,20589.88,11.32
2839,970,469,3,19916.37,6.24
2840,970,475,5,19916.34,7.5
2841,970,466,3,43342.82,5.05
2842,971,210,2,32287.64,4.06
2843,971,323,6,39202.79,6.17
2844,971,381,6,4283.0,15.6
2845,971,211,3,1806.66,37.65
2846,972,443,2,25412.91,28.14
2847,973,328,6,44806.37,81.5
2848,974,448,3,14756.54,19.83
2849,974,161,4,50133.21,7.48
2850,974,110,2,3315.44,24.75
2851,974,431,2,40035.11,74.05
2852,975,520,4,9732.4,16.11
2853,975,212,5,33604.43,17.75
2854,975,465,6,57655.65,10.75
2855,976,394,6,37533.95,70.69
2856,977,283,4,19353.64,58.42
2857,977,322,1,58115.23,87.3
2858,977,404,6,29781.35,25.56
2859,977,301,1,30176.18,14.64
2860,977,306,6,2798.61,9.04
2861,978,45,2,57188.01,22.29
2862,978,234,5,3532.02,19.98
2863,978,434,4,42694.02,14.86
2864,978,502,3,25459.12,3.18
2865,979,227,6,44816.98,3.83
2866,980,395,3,19484.46,34.53
2867,981,515,2,45291.14,26.97
2868,981,207,3,57572.37,12.69
2869,982,534,3,6677.72,83.59
2870,982,521,6,51590.29,29.57
2871,982,72,3,33983.82,22.39
2872,982,356,4,38389.68,88.26
2873,983,123,1,35262.04,5.64
2874,983,424,2,22349.86,14.86
2875,983,120,4,4135.82,94.88
2876,984,462,5,28955.92,15.22
2877,984,320,5,44397.59,42.49
2878,984,398,2,9805.98,7.8
2879,984,498,2,52515.7,5.41
2880,985,81,2,56483.36,28.16
2881,985,433,5,45992.45,39.05
2882,985,257,1,5519.56,25.87
2883,986,478,5,20819.32,0.13
2884,986,18,2,823.04,41.72
2885,987,362,4,37258.47,76.64
2886,987,503,5,3986.56,26.4
2887,988,223,6,12274.04,12.75
2888,989,179,6,7726.75,23.61
2889,989,456,4,33451.68,4.54
2890,989,312,2,32448.56,12.88
2891,989,391,6,35003.23,29.55
2892,989,212,2,33774.7,64.94
2893,990,106,1,9898.39,14.0
2894,991,31,4,39090.81,9.11
2895,991,215,2,39037.64,95.17
2896,991,401,3,16864.88,20.11
2897,991,435,6,3049.98,66.4
2898,991,395,3,1948.89,36.12
2899,992,203,2,44404.4,68.93
2900,992,111,6,27152.51,63.14
2901,992,206,1,49717.16,1.64
2902,993,514,1,51501.6,15.18
2903,993,466,5,32554.47,35.55
2904,993,64,6,30369.37,26.98
2905,993,468,1,4522.84,58.71
2906,994,509,2,5185.4,13.21
2907,994,424,3,54143.34,13.39
2908,994,275,4,34093.06,26.89
2909,994,92,5,1519.51,3.93
2910,995,270,6,48882.44,9.6
2911,995,304,4,59206.46,2.3
2912,995,195,2,32209.74,18.76
2913,996,35,6,51063.84,17.83
2914,997,455,2,39105.25,22.92
2915,997,528,5,23079.03,11.7
2916,997,193,3,38263.35,38.29
2917,997,146,5,40314.15,21.16
2918,998,548,1,1841.16,6.7
2919,998,43,6,33079.78,28.31
2920,998,449,-2,54786.09,11.88
2921,998,140,4,13268.39,1.75
2922,999,229,2,22582.58,0.03
2923,999,303,6,37772.7,40.56
2924,999,257,3,17291.44,5.81
2925,999,516,4,2134.64,81.87
2926,1000,250,4,35859.84,22.28
2927,1000,78,3,25599.85,15.98
2928,1001,52,5,25782.43,84.98
2929,1001,363,3,5761.72,24.02
2930,1002,430,4,53685.71,16.91
2931,1002,131,5,946.34,29.39
2932,1002,324,1,36542.95,22.0
2933,1002,279,-1,54990.26,28.99
2934,1003,462,2,56297.26,44.1
2935,1004,317,3,24172.9,24.61
2936,1004,509,6,33312.89,21.07
2937,1005,544,5,6641.71,10.5
2938,1005,326,2,32539.69,79.3
2939,1005,388,2,4159.06,90.3
2940,1005,510,6,45366.2,25.79
2941,1005,70,1,10046.52,1.89
2942,1006,322,5,49244.06,68.32
2943,1006,460,2,32580.26,12.56
2944,1007,399,2,31462.93,26.89
2945,1007,441,1,46887.87,0.5
2946,1007,38,2,49104.56,6.54
2947,1007,397,4,40180.36,0.64
2948,1008,523,2,9748.69,19.94
2949,1009,459,2,52659.71,10.45
2950,1009,9,3,33100.79,22.33
2951,1009,185,1,28247.25,10.23
2952,1009,395,4,27193.94,13.66
2953,1009,392,6,48786.4,18.2
2954,1010,234,1,31886.9,13.32
2955,1011,277,5,11223.41,0.39
2956,1011,35,-4,26330.58,3.32
2957,1011,367,6,45601.4,27.86
2958,1011,516,4,45063.89,5.68
2959,1012,289,6,41693.6,22.89
2960,1012,425,3,21391.1,29.18
2961,1012,489,3,56953.16,4.39
2962,1012,265,3,25213.73,18.11
2963,1013,116,5,6343.28,24.57
2964,1014,444,2,20724.7,42.78
2965,1014,488,6,59591.89,1.81
2966,1014,256,4,50800.6,29.12
2967,1015,208,3,42182.61,48.49
2968,1015,517,5,3192.08,8.98
2969,1015,215,6,22671.66,25.62
2970,1015,70,5,14728.17,26.57
2971,1015,229,2,19329.3,7.71
2972,1016,482,4,32680.57,6.08
2973,1016,544,2,59722.68,27.24
2974,1016,137,4,6695.09,20.15
2975,1017,524,5,57519.14,41.8
2976,1017,387,2,59859.64,0.74
2977,1018,353,4,34290.78,27.54
2978,1018,286,5,43461.85,2.71
2979,1018,481,6,55996.24,4.18
2980,1018,455,-6,56348.32,11.75
2981,1018,190,3,34827.95,2.84
2982,1019,370,1,36813.68,89.75
2983,1019,282,2,45972.77,23.22
2984,1019,350,4,12261.22,15.15
2985,1019,377,4,19650.37,61.24
2986,1019,285,3,34816.36,28.54
2987,1020,454,5,26257.51,19.47
2988,1020,103,6,3674.99,25.51
2989,1020,437,4,18892.35,62.51
2990,1021,449,6,49457.93,5.25
2991,1021,396,1,51077.19,5.31
2992,1021,52,5,38428.24,93.29
2993,1022,403,1,14720.81,8.81
2994,1022,215,1,9546.07,89.22
2995,1023,15,5,49539.75,88.63
2996,1023,242,4,4936.09,80.7
2997,1023,213,2,39154.67,99.72
2998,1023,415,1,5791.54,20.69
2999,1023,320,4,46139.35,29.54
3000,1024,537,3,18431.02,0.27
3001,1024,281,6,36957.75,28.54
3002,1025,167,1,6335.11,31.22
3003,1025,361,4,23020.72,12.44
3004,1026,62,2,53471.51,59.11
3005,1027,453,3,20196.48,19.03
3006,1028,389,2,16719.63,12.49
3007,1029,295,2,25891.35,17.77
3008,1029,328,6,53824.9,17.17
3009,1029,482,3,15329.21,13.83
3010,1029,227,1,1017.17,5.15
3011,1030,384,3,44966.84,13.01
3012,1030,25,1,20455.1,19.71
3013,1030,173,1,4926.68,22.81
3014,1030,250,3,48641.66,91.91
3015,1030,27,5,17633.14,5.33
3016,1031,185,5,54037.96,78.61
3017,1032,49,5,40835.91,84.47
3018,1032,522,4,7299.87,12.51
3019,1033,171,1,13755.59,8.36
3020,1033,343,5,53255.33,5.42
3021,1033,47,6,21985.95,5.05
3022,1033,336,3,48863.62,7.19
3023,1034,518,3,54764.28,29.08
3024,1034,289,2,23639.78,59.61
3025,1035,273,2,1675.4,7.64
3026,1035,159,1,24746.74,12.8
3027,1035,365,6,19227.47,97.46
3028,1035,538,3,30718.34,3.17
3029,1035,20,-5,18965.69,27.34
3030,1036,500,5,15262.77,57.24
3031,1036,175,2,41539.72,14.53
3032,1036,108,3,692.16,25.62
3033,1036,61,4,53390.9,27.46
3034,1037,406,3,35972.64,28.37
3035,1037,338,4,23686.11,23.02
3036,1037,499,4,8963.99,16.3
3037,1037,214,2,35693.3,4.62
3038,1037,491,2,40735.01,8.46
3039,1038,222,1,8290.27,21.26
3040,1038,253,4,22470.7,12.92
3041,1038,374,5,33579.28,66.64
3042,1039,438,2,31442.06,4.48
3043,1040,69,4,9488.25,28.4
3044,1040,255,2,13290.79,62.41
3045,1040,347,3,22065.03,26.47
3046,1040,250,4,39242.46,5.65
3047,1040,500,5,50217.28,8.71
3048,1041,96,1,48599.83,21.59
3049,1042,337,6,27026.72,8.26
3050,1042,279,5,2487.09,13.76
3051,1042,502,1,21939.18,29.3
3052,1042,207,3,56753.9,38.49
3053,1043,206,6,20653.07,89.7
3054,1044,99,1,29865.08,12.88
3055,1044,53,6,12953.16,21.4
3056,1044,532,2,53880.77,23.79
3057,1044,21,4,48132.41,12.73
3058,1044,301,5,23293.61,5.43
3059,1045,254,1,51554.79,16.68
3060,1045,316,6,55989.37,14.54
3061,1045,72,3,41684.91,2.0
3062,1045,122,2,35252.11,84.95
3063,1046,547,5,34991.75,12.13
3064,1046,522,6,6085.24,20.32
3065,1046,376,5,52552.5,71.33
3066,1046,169,1,16758.21,12.49
3067,1046,265,1,22167.76,14.82
3068,1047,127,3,235.77,73.42
3069,1047,446,1,22238.53,23.84
3070,1047,262,1,25426.24,1.21
3071,1047,98,5,35100.31,4.84
3072,1048,516,2,15591.53,14.56
3073,1048,339,6,53778.16,79.7
3074,1048,313,6,28878.39,41.1
3075,1048,158,6,19370.0,73.28
3076,1048,465,3,50165.14,21.07
3077,1049,496,1,19424.61,22.35
3078,1049,69,2,42865.43,43.02
3079,1050,471,6,46094.25,28.95
3080,1050,124,2,15505.38,4.73
3081,1050,332,4,3626.46,20.1
3082,1050,200,1,23871.06,10.56
3083,1051,1,4,42426.81,3.08
3084,1051,449,4,57453.35,87.33
3085,1051,114,3,41808.41,72.07
3086,1051,160,1,12718.49,3.02
3087,1052,473,4,44320.73,95.08
3088,1052,408,4,59479.81,9.56
3089,1052,139,3,16435.28,10.06
3090,1052,172,1,23098.61,26.74
3091,1053,46,4,23507.78,9.61
3092,1053,210,6,39821.1,91.03
3093,1054,264,6,59442.79,86.51
3094,1054,31,2,40353.7,21.37
3095,1055,450,3,19526.88,5.36
3096,1055,446,2,39150.56,12.36
3097,1055,416,5,20162.91,28.35
3098,1055,331,5,54817.91,19.97
3099,1056,70,1,27239.73,22.36
3100,1056,246,4,45456.76,16.8
3101,1056,532,3,49946.31,11.02
3102,1057,31,-4,44130.88,29.45
3103,1058,373,2,22471.55,15.95
3104,1059,297,2,40450.45,25.53
3105,1059,95,6,26097.73,93.37
3106,1059,130,5,9113.1,31.36
3107,1060,36,4,20150.1,36.62
3108,1061,458,4,15102.8,6.69
3109,1061,372,2,11953.34,7.54
3110,1061,78,3,1291.65,99.36
3111,1061,206,4,6808.71,12.51
3112,1062,407,3,4709.01,69.99
3113,1063,344,2,47472.83,23.21
3114,1063,255,1,30652.47,0.07
3115,1063,155,3,6577.61,13.28
3116,1063,145,5,16420.93,16.67
3117,1064,253,5,55047.12,24.56
3118,1064,459,1,53665.07,14.63
3119,1064,310,5,43696.91,0.54
3120,1065,13,-3,13076.16,0.75
3121,1065,338,1,44490.4,26.8
3122,1065,521,3,56937.42,95.72
3123,1065,43,5,39471.75,17.74
3124,1065,124,1,57689.69,29.99
3125,1066,421,6,18277.3,13.71
3126,1067,165,3,57771.22,23.27
3127,1068,518,2,43472.84,52.37
3128,1068,118,2,9605.69,24.26
3129,1069,522,-4,34765.62,22.41
3130,1069,270,6,44730.72,96.86
3131,1069,329,3,54100.24,41.96
3132,1069,77,3,51651.2,2.9
3133,1069,177,1,34524.5,5.73
3134,1070,514,3,23936.34,52.84
3135,1070,406,2,42415.91,9.69
3136,1071,131,1,8950.15,72.75
3137,1071,232,5,23194.33,18.63
3138,1072,223,6,21908.06,23.38
3139,1073,258,5,41300.97,6.0
3140,1073,329,2,57865.38,11.07
3141,1073,407,6,16827.29,63.91
3142,1073,122,5,33919.45,3.75
3143,1074,16,5,22915.34,37.05
3144,1074,444,5,8610.09,20.65
3145,1075,246,5,48391.41,6.92
3146,1075,425,3,12431.03,21.11
3147,1076,348,2,47027.14,25.33
3148,1076,482,-5,51667.53,20.34
3149,1076,34,1,33885.3,91.42
3150,1077,396,3,46639.01,8.33
3151,1077,294,6,14877.84,74.3
3152,1078,245,5,39812.49,14.06
3153,1078,127,5,53317.29,14.59
3154,1079,482,1,5945.81,1.85
3155,1079,494,1,30606.88,46.83
3156,1079,140,5,1168.84,54.63
3157,1080,488,6,8633.78,59.15
3158,1080,355,5,15894.29,76.42
3159,1080,228,4,10969.34,10.86
3160,1080,193,6,9974.85,80.45
3161,1081,353,5,59717.32,37.85
3162,1081,192,5,49643.57,16.03
3163,1081,96,5,52403.57,78.38
3164,1081,103,6,17193.18,68.81
3165,1081,289,6,46334.3,66.34
3166,1082,319,5,43363.78,58.97
3167,1082,458,5,7935.06,4.51
3168,1082,487,3,4964.71,19.95
3169,1082,58,6,57020.28,29.61
3170,1082,393,6,39903.92,99.37
3171,1083,530,2,19601.53,23.41
3172,1083,445,3,35187.94,1.94
3173,1083,221,6,44924.52,95.29
3174,1083,425,3,3194.38,13.82
3175,1083,81,4,25408.94,5.9
3176,1084,389,5,28773.58,4.61
3177,1084,362,-2,33053.42,0.7
3178,1084,300,1,15405.8,12.23
3179,1084,506,4,23767.23,32.18
3180,1084,476,3,6550.04,23.02
3181,1085,408,4,41867.44,24.14
3182,1086,9,6,11085.22,17.45
3183,1086,2,6,17650.59,20.77
3184,1086,272,4,42255.85,29.74
3185,1086,362,5,2787.94,3.45
3186,1086,528,1,9401.78,18.0
3187,1087,263,2,56678.36,20.27
3188,1087,211,6,26712.22,72.22
3189,1088,398,5,19427.98,6.96
3190,1088,343,3,35458.31,7.7
3191,1089,489,1,24834.85,29.74
3192,1089,77,5,50557.9,11.79
3193,1089,187,6,36294.44,20.06
3194,1089,523,4,50696.56,2.7
3195,1090,175,3,22158.31,19.69
3196,1091,52,2,11913.81,25.43
3197,1091,224,5,8750.04,53.2
3198,1092,502,4,45580.3,19.84
3199,1092,212,2,13517.44,24.35
3200,1092,328,4,43588.73,28.95
3201,1092,11,1,22794.76,69.77
3202,1093,210,2,55000.06,69.8
3203,1093,415,3,52062.56,31.84
3204,1093,243,6,20279.98,12.03
3205,1093,110,1,23692.55,71.1
3206,1093,405,1,3323.63,11.67
3207,1094,457,5,44483.91,21.37
3208,1095,308,5,12348.45,22.95
3209,1096,488,5,55867.48,18.86
3210,1096,253,2,35782.25,16.32
3211,1097,472,3,35604.19,1.11
3212,1097,481,1,41634.36,11.53
3213,1097,63,5,19606.92,5.49
3214,1097,343,-4,39445.79,6.51
3215,1098,218,2,34358.51,7.85
3216,1099,161,1,45494.89,8.61
3217,1100,512,6,36490.94,26.59
3218,1100,494,6,22527.16,10.6
3219,1100,86,4,28427.98,27.22
3220,1101,161,6,52986.3,9.69
3221,1101,159,4,52190.62,5.85
3222,1101,226,6,8955.75,21.4
3223,1102,229,5,6321.82,5.82
3224,1102,242,5,18089.21,12.32
3225,1102,366,6,44277.42,27.7
3226,1102,148,3,27345.72,51.99
3227,1102,450,1,55405.75,55.06
3228,1103,51,3,18698.89,10.52
3229,1103,539,1,20371.26,1.2
3230,1103,492,-5,190.35,16.68
3231,1104,499,4,35337.49,24.34
3232,1104,504,6,25663.44,38.41
3233,1104,267,6,45791.35,21.93
3234,1104,260,3,26616.88,12.25
3235,1105,204,5,8959.03,27.94
3236,1105,492,4,10299.09,92.49
3237,1106,1,4,33009.97,7.35
3238,1106,186,3,57821.45,28.98
3239,1106,224,3,333.9,22.55
3240,1107,490,6,9914.35,35.54
3241,1108,499,1,45089.37,17.42
3242,1108,462,5,26401.11,97.7
3243,1108,242,2,21953.84,19.37
3244,1108,420,5,27079.0,74.75
3245,1108,387,6,54199.17,13.58
3246,1109,116,3,15910.37,18.03
3247,1109,549,4,26164.93,9.6
3248,1110,491,4,14296.49,2.38
3249,1110,257,2,30961.28,11.5
3250,1110,489,1,55055.53,54.83
3251,1111,532,5,32318.2,3.8
3252,1111,481,2,2525.38,27.54
3253,1111,341,3,19249.38,11.33
3254,1111,383,2,33076.7,32.25
3255,1111,505,5,13524.62,18.49
3256,1112,129,2,14893.08,1.66
3257,1112,481,4,12210.48,5.84
3258,1112,106,6,56698.86,90.68
3259,1112,138,5,1306.17,81.06
3260,1113,191,4,45858.04,47.07
3261,1113,123,6,8863.38,14.28
3262,1113,414,2,56373.01,58.8
3263,1113,1,4,34904.56,21.74
3264,1113,538,4,24773.71,19.72
3265,1114,516,1,17610.95,19.85
3266,1114,334,4,36076.02,60.98
3267,1114,344,6,46426.16,8.17
3268,1114,12,4,42669.15,4.43
3269,1115,152,2,23210.08,62.12
3270,1115,460,6,21138.6,2.03
3271,1115,530,4,35084.82,28.72
3272,1116,169,6,47212.8,13.81
3273,1116,285,1,40308.26,49.48
3274,1116,324,6,12108.85,0.07
3275,1116,93,2,20390.03,4.26
3276,1117,223,3,11473.93,60.6
3277,1117,380,4,46790.97,9.53
3278,1117,35,5,27049.15,93.12
3279,1117,465,4,31289.54,44.98
3280,1117,25,5,6787.18,21.75
3281,1118,318,2,28818.63,88.64
3282,1118,87,6,2216.88,11.16
3283,1119,35,5,55287.57,86.04
3284,1119,418,5,25460.75,53.57
3285,1120,345,4,59741.37,35.57
3286,1120,424,2,45228.9,10.05
3287,1120,48,1,44728.5,26.65
3288,1120,409,4,7937.23,8.81
3289,1121,337,6,30181.39,62.82
3290,1121,546,3,31763.05,34.26
3291,1122,299,-5,17358.99,79.3
3292,1122,369,1,47373.65,28.09
3293,1122,484,3,7104.87,52.3
3294,1122,153,1,40863.84,34.33
3295,1122,48,3,58155.49,64.79
3296,1123,283,4,21442.0,87.17
3297,1124,344,6,8352.96,0.69
3298,1124,309,5,2324.55,9.31
3299,1124,35,3,19988.81,22.17
3300,1125,42,4,8492.27,36.28
3301,1125,231,5,5926.99,72.95
3302,1125,404,2,46962.63,26.14
3303,1125,217,6,16401.6,23.5
3304,1125,223,6,24477.6,20.14
3305,1126,42,6,21482.26,28.44
3306,1127,19,3,713.71,3.28
3307,1127,280,4,34815.02,6.32
3308,1127,428,4,57149.26,3.47
3309,1127,508,4,57558.9,3.08
3310,1127,170,1,37639.73,60.27
3311,1128,99,1,15217.7,40.89
3312,1128,374,2,13974.89,34.92
3313,1129,111,5,23740.26,4.85
3314,1129,131,5,29940.48,17.53
3315,1129,452,3,21895.21,18.93
3316,1129,413,6,47040.29,90.37
3317,1130,92,4,25515.68,5.17
3318,1130,345,1,54503.04,8.76
3319,1131,341,1,25865.41,34.5
3320,1131,38,6,38009.05,23.75
3321,1131,272,6,43731.18,8.63
3322,1131,269,6,47909.87,21.92
3323,1132,46,4,36216.13,24.24
3324,1132,261,4,23591.4,16.48
3325,1132,519,2,40240.03,80.16
3326,1132,497,3,7351.81,25.35
3327,1133,4,6,21203.0,32.56
3328,1133,175,3,33463.5,94.47
3329,1133,446,6,5388.25,28.17
3330,1134,353,5,16462.91,96.77
3331,1134,75,3,51989.66,36.78
3332,1134,10,5,3799.36,19.42
3333,1135,177,1,11370.03,69.23
3334,1135,14,2,12792.29,3.16
3335,1135,450,2,28244.75,7.32
3336,1135,161,4,26884.69,13.17
3337,1135,483,4,20211.01,15.26
3338,1136,300,4,26836.31,22.58
3339,1137,155,2,20860.02,4.71
3340,1137,297,6,24256.85,21.28
3341,1137,275,5,374.16,6.9
3342,1137,199,6,26404.47,22.9
3343,1137,75,1,23870.27,21.34
3344,1138,110,4,20558.45,91.51
3345,1138,496,5,13374.33,65.42
3346,1139,525,1,24228.61,0.34
3347,1140,434,5,7242.12,15.02
3348,1140,139,6,36914.61,28.65
3349,1141,113,3,53129.22,16.9
3350,1142,97,1,34830.14,67.38
3351,1142,369,-4,25272.32,71.57
3352,1142,497,3,23890.97,12.31
3353,1142,252,6,8698.74,14.83
3354,1142,267,6,8761.98,10.11
3355,1143,150,1,7609.82,28.91
3356,1143,437,1,28856.04,17.46
3357,1143,102,-6,8243.3,15.7
3358,1143,251,1,36746.02,5.52
3359,1143,346,4,25162.13,98.06
3360,1144,429,4,48590.48,3.41
3361,1144,96,1,13639.52,1.62
3362,1145,85,2,36206.04,0.78
3363,1145,288,1,47449.33,5.31
3364,1145,203,1,37986.24,28.07
3365,1145,19,4,49536.95,13.47
3366,1146,548,2,32023.67,28.18
3367,1146,543,2,49588.14,57.49
3368,1146,176,6,57847.85,3.72
3369,1146,65,3,51224.12,68.39
3370,1146,237,3,53011.77,64.09
3371,1147,550,4,3540.09,24.93
3372,1147,412,5,58941.79,6.5
3373,1147,319,4,50166.62,84.23
3374,1147,370,3,39009.09,8.4
3375,1147,275,3,32425.78,1.36
3376,1148,476,1,8774.15,2.33
3377,1148,33,2,59483.47,0.07
3378,1148,56,2,6688.48,20.2
3379,1148,193,5,1201.35,31.24
3380,1149,93,5,59340.12,9.81
3381,1150,446,2,48586.2,68.66
3382,1151,80,6,45655.92,93.69
3383,1151,398,2,5760.01,54.97
3384,1152,195,1,5234.33,18.06
3385,1152,108,5,27960.12,1.39
3386,1153,371,1,35921.2,0.17
3387,1154,423,6,48173.89,10.94
3388,1154,452,3,48006.51,18.21
3389,1154,239,1,56719.44,18.57
3390,1155,386,4,25463.54,58.11
3391,1155,491,2,26800.5,2.43
3392,1155,101,3,22095.78,33.71
3393,1155,56,2,29809.81,27.9
3394,1155,407,4,40693.61,39.38
3395,1156,324,5,54769.78,27.3
3396,1157,119,1,57430.33,25.81
3397,1157,411,6,9517.12,15.02
3398,1157,256,3,57972.57,2.23
3399,1157,102,6,26675.78,14.1
3400,1157,489,6,34444.53,20.47
3401,1158,329,5,44442.58,25.42
3402,1158,318,1,47723.29,12.1
3403,1158,326,1,23278.46,87.68
3404,1158,55,1,7630.78,22.17
3405,1159,535,6,5362.09,93.75
3406,1160,482,4,1936.1,19.97
3407,1160,390,6,54665.22,12.99
3408,1160,367,4,42605.5,16.59
3409,1161,298,1,16881.57,68.85
3410,1161,77,3,42471.1,25.09
3411,1162,485,6,26246.23,75.29
3412,1162,325,2,57144.68,42.54
3413,1162,299,3,4489.89,92.06
3414,1163,410,5,56490.35,2.93
3415,1163,57,6,9013.6,68.94
3416,1163,230,4,3971.31,8.6
3417,1164,333,1,45148.57,79.25
3418,1164,193,1,46769.78,8.64
3419,1164,240,1,12870.37,27.85
3420,1165,230,6,38481.97,23.69
3421,1166,13,4,50885.0,48.35
3422,1167,329,1,45981.11,1.37
3423,1167,464,1,19430.37,8.35
3424,1167,385,3,50285.04,26.75
3425,1167,55,2,39298.06,18.26
3426,1168,443,1,25651.62,4.69
3427,1168,490,3,4682.54,21.07
3428,1169,50,5,1210.62,3.47
3429,1169,261,3,33464.83,8.06
3430,1169,5,1,21572.29,9.83
3431,1170,34,5,4138.51,72.99
3432,1170,359,4,3072.67,22.23
3433,1170,495,5,53515.15,42.6
3434,1171,93,5,16237.57,21.63
3435,1172,182,5,59813.94,1.62
3436,1172,500,5,5432.89,96.0
3437,1172,526,1,34995.82,26.35
3438,1172,27,2,52857.14,95.56
3439,1173,338,4,20838.35,21.25
3440,1173,400,2,20707.64,12.87
3441,1174,180,1,47490.33,21.25
3442,1174,472,2,19001.35,20.99
3443,1174,119,3,47083.11,9.29
3444,1174,268,-2,15232.58,59.39
3445,1175,268,4,42563.66,34.24
3446,1175,115,6,34037.84,25.41
3447,1175,379,3,52207.2,27.21
3448,1175,521,5,41376.32,16.42
3449,1176,230,4,35139.77,6.68
3450,1176,405,6,25394.3,27.13
3451,1176,303,2,5195.53,10.2
3452,1176,187,6,39370.61,2.94
3453,1177,193,2,24359.84,28.64
3454,1177,382,3,52623.72,13.94
3455,1177,46,6,13766.02,3.34
3456,1178,256,1,45437.93,9.13
3457,1178,537,5,6379.12,29.52
3458,1178,330,3,26432.43,14.39
3459,1178,486,2,56996.73,81.58
3460,1179,191,1,48601.52,6.76
3461,1179,144,1,4563.33,16.3
3462,1179,385,3,32713.43,24.12
3463,1179,56,-5,26711.35,65.0
3464,1179,529,6,32669.41,79.3
3465,1180,63,2,22038.1,43.96
3466,1180,257,4,1013.83,23.26
3467,1180,273,3,56605.22,25.62
3468,1180,406,3,6156.95,51.12
3469,1181,184,2,32143.04,17.75
3470,1181,238,5,57695.57,22.09
3471,1181,530,2,59527.02,8.84
3472,1181,330,3,48430.95,74.35
3473,1181,60,4,22941.4,26.75
3474,1182,412,2,14052.39,78.88
3475,1183,442,6,6350.71,9.97
3476,1184,27,4,6933.93,68.52
3477,1184,251,2,37403.86,0.25
3478,1185,498,1,48663.95,26.37
3479,1185,217,1,55180.55,1.35
3480,1186,99,2,26981.08,3.81
3481,1186,401,4,55907.49,36.02
3482,1187,63,2,36393.68,89.11
3483,1187,435,4,56409.07,3.59
3484,1187,337,1,59198.04,22.44
3485,1188,354,4,39719.83,25.41
3486,1189,329,5,48153.43,12.43
3487,1189,12,6,19377.82,70.4
3488,1189,102,6,32363.9,72.91
3489,1190,302,3,55600.18,27.13
3490,1190,190,3,39992.28,23.93
3491,1190,35,-3,47245.13,72.93
3492,1191,324,1,15523.94,9.1
3493,1191,249,1,37785.88,63.01
3494,1191,37,1,50589.94,8.15
3495,1191,25,4,31196.92,4.9
3496,1192,301,-1,42821.31,35.88
3497,1193,474,6,48602.75,36.13
3498,1193,395,1,53721.28,4.26
3499,1193,542,3,8159.62,1.82
3500,1193,217,2,41831.15,22.15
3501,1193,303,1,6815.11,3.2
3502,1194,362,5,22151.32,2.25
3503,1194,182,2,56410.99,25.15
3504,1194,382,1,15477.7,20.51
3505,1194,62,4,29103.15,21.65
3506,1195,194,2,7386.22,14.15
3507,1195,104,2,57808.19,50.99
3508,1195,41,3,35663.49,76.11
3509,1195,235,6,54163.56,68.32
3510,1196,234,2,46381.43,25.69
3511,1197,455,3,41002.65,49.31
3512,1197,131,6,42643.44,13.73
3513,1198,95,5,34557.73,88.91
3514,1198,273,5,23130.89,25.92
3515,1198,307,3,14154.19,17.4
3516,1199,516,6,45141.45,19.98
3517,1199,507,6,25141.92,57.22
3518,1199,19,2,2812.67,85.65
3519,1200,115,1,50816.16,9.2
3520,1200,103,4,26008.58,12.01
3521,1200,466,1,4988.69,18.97
3522,1201,168,2,39503.48,3.4
3523,1201,390,4,29823.42,0.46
3524,1201,260,3,51455.38,11.68
3525,1202,447,4,18250.36,44.53
3526,1202,218,4,59662.03,35.54
3527,1202,426,4,28137.41,4.04
3528,1203,19,3,15437.24,63.99
3529,1203,88,5,52695.69,81.22
3530,1203,369,2,59602.36,25.83
3531,1204,276,6,40179.32,28.27
3532,1204,366,6,14597.35,27.15
3533,1204,345,-2,54290.46,99.97
3534,1205,221,2,44050.46,62.5
3535,1205,11,6,28540.68,20.17
3536,1205,461,5,56810.74,29.73
3537,1206,437,1,55514.99,16.21
3538,1206,413,6,27934.56,9.19
3539,1207,177,1,36229.12,10.26
3540,1207,293,3,29794.25,20.42
3541,1207,202,3,29509.26,8.64
3542,1207,370,1,23436.51,12.85
3543,1207,48,-3,50197.65,5.21
3544,1208,181,5,25682.79,1.86
3545,1208,353,5,12568.77,1.38
3546,1208,37,5,13023.96,9.24
3547,1208,102,6,8571.0,14.41
3548,1208,398,2,59234.83,21.48
3549,1209,289,1,40397.16,27.23
3550,1209,101,5,38727.2,84.71
3551,1209,4,4,2461.64,10.7
3552,1210,474,3,21497.94,97.73
3553,1210,97,6,48602.27,16.89
3554,1211,377,5,59033.44,19.39
3555,1212,158,2,12547.71,26.42
3556,1212,223,6,59848.2,15.9
3557,1212,298,3,28495.28,9.19
3558,1213,333,4,8284.84,29.86
3559,1213,55,5,4569.74,4.66
3560,1213,250,3,9560.63,18.19
3561,1213,10,3,39312.56,77.4
3562,1213,184,5,28004.58,55.84
3563,1214,500,5,51650.81,17.15
3564,1214,247,5,26602.36,14.4
3565,1214,523,4,23074.64,1.56
3566,1214,540,1,42327.09,4.96
3567,1215,391,1,29216.01,51.38
3568,1215,322,-2,1309.24,89.58
3569,1215,188,4,34050.05,77.56
3570,1215,289,3,41339.73,29.65
3571,1216,433,4,6071.46,6.66
3572,1216,374,3,4828.96,20.9
3573,1217,82,1,43184.63,11.08
3574,1218,231,1,43461.58,29.61
3575,1218,94,6,34076.91,95.11
3576,1218,225,3,1763.34,7.0
3577,1218,489,2,42368.03,29.93
3578,1219,219,6,5097.3,0.17
3579,1219,465,6,17436.53,15.65
3580,1219,242,5,9567.99,28.48
3581,1219,493,6,1031.48,7.73
3582,1220,391,1,39054.65,29.28
3583,1220,343,3,32594.88,27.67
3584,1220,277,4,49820.01,0.93
3585,1220,437,1,20403.81,31.58
3586,1220,413,2,42493.12,9.84
3587,1221,60,5,47950.37,8.22
3588,1221,155,4,36456.4,25.42
3589,1221,494,3,50576.51,14.97
3590,1221,416,4,50259.82,30.96
3591,1222,59,6,30063.93,23.41
3592,1222,397,4,15545.37,51.82
3593,1222,270,4,6651.27,56.18
3594,1223,392,1,33424.68,17.03
3595,1224,363,5,29565.08,25.51
3596,1224,502,3,15832.93,2.74
3597,1224,44,3,16811.69,97.29
3598,1225,149,-6,32375.22,25.44
3599,1225,415,1,7519.15,15.35
3600,1225,506,4,52930.98,7.56
3601,1226,455,1,33850.05,8.84
3602,1226,45,1,22990.89,13.17
3603,1226,301,1,32139.0,6.6
3604,1226,147,3,9334.27,17.88
3605,1226,261,6,23546.89,20.5
3606,1227,258,1,1854.84,0.42
3607,1227,125,6,27483.55,3.33
3608,1227,471,6,457.4,27.38
3609,1228,257,3,6248.5,27.63
3610,1228,184,4,26064.77,20.64
3611,1228,520,5,47923.0,75.97
3612,1228,291,3,7127.48,95.07
3613,1228,377,5,6733.62,95.21
3614,1229,497,2,49742.28,8.41
3615,1229,548,6,31480.26,5.12
3616,1229,228,1,35081.44,28.66
3617,1230,401,2,9993.8,23.93
3618,1230,547,1,24955.0,25.79
3619,1230,30,5,21524.8,1.15
3620,1230,93,1,52512.18,4.73
3621,1231,247,3,37181.39,18.68
3622,1231,469,3,26342.88,7.69
3623,1231,64,6,58955.55,24.16
3624,1231,232,3,23854.4,5.79
3625,1232,136,3,51717.36,5.64
3626,1233,63,2,16626.88,54.96
3627,1233,152,1,16167.09,16.77
3628,1234,210,2,17321.72,5.59
3629,1234,510,1,26277.36,29.29
3630,1234,100,3,58062.77,71.15
3631,1234,549,5,1736.49,43.06
3632,1235,321,1,36592.3,18.86
3633,1235,425,1,33957.42,7.35
3634,1236,6,4,58653.89,28.42
3635,1236,292,6,14630.61,1.48
3636,1236,290,4,34659.3,45.54
3637,1237,378,1,46099.7,63.06
3638,1237,117,1,7184.28,27.83
3639,1237,193,3,19771.36,27.09
3640,1238,1,1,30680.22,23.52
3641,1238,290,4,18952.55,37.05
3642,1238,185,2,21707.63,36.98
3643,1238,497,1,19835.62,8.06
3644,1238,315,4,28491.6,23.24
3645,1239,371,1,51940.65,3.61
3646,1240,274,6,17440.65,96.78
3647,1240,90,1,37953.82,27.48
3648,1240,526,3,25726.46,25.14
3649,1240,26,2,9326.09,18.75
3650,1240,368,4,53608.04,13.44
3651,1241,477,2,36203.55,5.12
3652,1241,208,4,48690.79,4.46
3653,1241,44,1,12390.47,18.47
3654,1241,155,2,32158.62,17.02
3655,1241,379,4,17301.16,29.75
3656,1242,359,6,41609.72,23.77
3657,1242,200,3,33160.21,3.17
3658,1242,87,5,59534.76,11.44
3659,1242,314,2,55752.3,44.77
3660,1243,491,2,16943.35,6.31
3661,1243,421,2,31556.71,3.11
3662,1243,234,5,46134.13,61.06
3663,1243,246,6,29789.99,2.43
3664,1243,48,3,50119.01,27.87
3665,1244,528,4,23383.03,13.92
3666,1244,311,4,36397.9,6.08
3667,1244,479,-5,12389.01,5.81
3668,1244,42,1,46500.3,4.42
3669,1245,45,1,47848.83,5.09
3670,1245,472,4,37891.19,2.98
3671,1246,142,6,47784.83,12.42
3672,1246,107,2,31691.36,5.22
3673,1246,4,6,52773.63,17.22
3674,1246,520,-1,46524.56,25.61
3675,1247,537,3,9889.49,67.2
3676,1247,65,4,55741.05,23.29
3677,1247,164,6,8136.45,3.03
3678,1247,499,5,27434.8,0.25
3679,1247,49,1,3831.07,55.88
3680,1248,355,6,54508.89,16.53
3681,1249,279,5,15373.17,9.55
3682,1250,469,2,4307.63,20.63
3683,1250,139,4,44886.89,1.68
3684,1250,397,6,34719.88,9.11
3685,1250,62,-6,29972.13,25.26
3686,1251,456,2,38580.67,92.2
3687,1251,537,2,7690.72,26.23
3688,1252,509,3,57032.35,63.17
3689,1252,24,4,4761.81,29.19
3690,1252,295,1,40152.45,13.75
3691,1252,83,4,16605.04,7.39
3692,1252,342,1,32722.55,21.67
3693,1253,361,6,28707.8,0.96
3694,1254,15,3,24118.32,22.92
3695,1254,452,3,17728.72,4.17
3696,1254,534,5,29198.16,25.27
3697,1255,129,6,9066.37,78.82
3698,1255,324,4,36646.93,1.64
3699,1255,352,4,58962.31,18.48
3700,1256,444,-6,18934.58,3.13
3701,1257,168,2,37007.27,25.03
3702,1257,449,6,31531.75,35.82
3703,1257,239,3,30109.48,16.89
3704,1257,417,4,3717.69,37.29
3705,1257,539,3,3203.16,6.02
3706,1258,313,5,8824.95,36.56
3707,1259,33,4,17193.58,82.8
3708,1259,54,5,4620.6,1.09
3709,1259,80,-1,35877.78,10.67
3710,1259,153,6,19452.2,31.1
3711,1260,40,1,31183.75,40.01
3712,1260,56,6,29505.82,75.95
3713,1261,5,2,7918.97,16.5
3714,1261,323,5,27519.18,5.93
3715,1262,204,4,46470.26,88.66
3716,1262,162,1,3641.16,20.04
3717,1262,112,1,48844.49,66.89
3718,1262,422,-3,8894.71,2.24
3719,1263,181,4,15508.39,57.53
3720,1263,152,3,24892.45,43.11
3721,1263,470,6,3746.25,19.25
3722,1264,503,-4,30549.9,26.32
3723,1264,270,2,58940.16,16.12
3724,1264,82,4,36010.39,14.81
3725,1264,84,3,44352.65,72.36
3726,1265,331,6,55023.3,1.49
3727,1265,168,1,56491.26,0.61
3728,1265,543,6,57975.29,95.96
3729,1266,286,2,58518.39,9.27
3730,1266,302,6,25772.37,14.97
3731,1266,295,6,52701.48,99.71
3732,1266,233,4,7855.77,22.94
3733,1267,493,2,17819.56,0.31
3734,1267,154,4,47555.02,0.65
3735,1267,523,5,33586.28,17.37
3736,1268,170,2,30215.5,15.18
3737,1268,254,5,46511.53,26.0
3738,1268,68,2,35569.16,64.33
3739,1268,389,4,34115.77,84.86
3740,1268,266,5,13792.83,10.52
3741,1269,359,3,15987.78,86.92
3742,1269,120,-6,46353.13,19.57
3743,1269,151,1,14436.48,64.85
3744,1269,229,2,27043.02,19.67
3745,1270,334,2,43721.25,52.3
3746,1270,22,1,47669.47,30.86
3747,1270,484,2,39634.42,25.6
3748,1271,518,1,22258.31,2.51
3749,1271,223,3,43319.83,27.98
3750,1271,476,4,11211.59,27.95
3751,1271,467,6,45802.73,3.9
3752,1272,464,4,3249.35,1.2
3753,1272,157,5,47489.59,7.25
3754,1272,4,5,29975.58,4.89
3755,1273,446,4,6619.31,10.86
3756,1273,200,3,40763.89,20.21
3757,1274,372,4,44567.75,41.94
3758,1274,464,3,36236.31,4.98
3759,1274,158,3,48077.31,29.82
3760,1274,540,1,19956.42,96.12
3761,1274,170,1,26813.65,6.83
3762,1275,306,3,52803.54,12.69
3763,1275,507,1,22829.65,4.27
3764,1276,21,1,31747.8,61.08
3765,1277,366,3,7601.67,51.27
3766,1277,535,6,39014.93,2.87
3767,1277,476,-6,54030.32,25.04
3768,1277,58,4,12570.81,14.03
3769,1277,6,5,41051.49,27.77
3770,1278,294,4,40611.82,5.83
3771,1278,395,1,20940.01,22.79
3772,1278,192,2,8126.46,13.33
3773,1278,184,4,44000.88,65.1
3774,1279,275,6,58147.47,29.17
3775,1279,118,6,38016.4,16.59
3776,1279,385,1,56876.51,4.23
3777,1280,458,2,24900.33,64.71
3778,1280,77,1,6677.51,10.49
3779,1280,364,6,47439.42,2.69
3780,1280,462,5,7921.75,35.51
3781,1281,281,3,22459.78,27.35
3782,1282,418,1,3370.07,27.21
3783,1282,413,1,160.43,65.4
3784,1282,471,3,41693.7,12.58
3785,1282,386,6,50275.07,74.6
3786,1282,10,2,35318.17,29.22
3787,1283,61,-3,31227.16,23.77
3788,1284,248,1,17888.16,22.82
3789,1284,250,2,42208.13,25.91
3790,1285,385,3,50263.4,25.09
3791,1286,330,2,52437.37,59.64
3792,1287,541,5,56079.76,11.33
3793,1287,72,3,28792.27,1.51
3794,1287,428,4,36273.65,84.74
3795,1287,153,4,34613.18,11.96
3796,1288,481,5,17177.17,17.03
3797,1288,454,5,3016.56,18.48
3798,1288,442,1,9059.51,15.34
3799,1288,208,1,45082.46,9.33
3800,1288,107,4,33834.79,15.14
3801,1289,222,5,31908.64,68.66
3802,1289,467,2,15292.77,28.16
3803,1289,357,-2,46782.7,71.3
3804,1290,333,3,20043.69,0.48
3805,1291,222,4,43636.71,83.53
3806,1291,394,4,43939.26,8.31
3807,1292,164,3,38589.38,24.33
3808,1292,548,1,27017.88,9.78
3809,1292,187,5,38428.51,23.48
3810,1292,301,6,54388.48,7.07
3811,1292,416,5,13440.42,24.89
3812,1293,374,1,4566.2,80.71
3813,1294,27,3,35689.07,73.37
3814,1295,269,6,3988.12,76.06
3815,1295,62,5,9427.26,26.6
3816,1295,356,6,4451.41,4.82
3817,1296,56,6,55338.19,96.14
3818,1296,22,3,4935.14,12.8
3819,1296,513,6,6259.31,20.55
3820,1296,437,5,58223.92,25.96
3821,1296,52,1,1884.97,22.32
3822,1297,158,3,28829.22,17.68
3823,1297,287,6,29101.34,0.68
3824,1297,12,2,5102.42,78.64
3825,1298,95,2,41206.95,19.01
3826,1298,459,4,38751.55,27.05
3827,1298,356,3,55939.0,36.29
3828,1298,446,5,5056.73,86.12
3829,1299,238,2,45139.69,14.2
3830,1299,218,5,18426.04,12.68
3831,1299,269,2,39557.37,37.07
3832,1299,138,2,15438.47,2.74
3833,1300,5,4,16660.2,96.56
3834,1300,121,1,32785.43,29.48
3835,1300,124,2,56112.13,0.42
3836,1300,321,2,14608.58,26.92
3837,1300,348,3,58840.8,27.88
3838,1301,149,5,44555.65,26.58
3839,1301,99,3,10030.25,19.73
3840,1301,210,2,837.71,25.7
3841,1302,334,3,10324.39,1.25
3842,1302,536,6,31211.57,73.47
3843,1302,46,5,10864.02,73.25
3844,1303,24,5,43464.52,52.36
3845,1303,439,3,8065.44,12.54
3846,1303,162,2,39897.14,29.81
3847,1303,370,3,3904.62,85.01
3848,1304,26,3,26685.32,22.71
3849,1304,221,6,41826.01,22.08
3850,1304,308,1,26430.89,16.11
3851,1304,98,1,51717.33,25.48
3852,1305,519,5,33090.32,23.94
3853,1305,189,6,46990.99,65.9
3854,1306,400,6,45604.02,28.81
3855,1306,339,1,19728.75,93.93
3856,1306,464,-2,57885.72,23.55
3857,1306,373,4,40628.77,3.95
3858,1306,200,5,23259.98,5.69
3859,1307,386,1,26008.11,19.57
3860,1308,270,6,12060.89,18.49
3861,1308,349,1,58464.01,21.92
3862,1308,77,1,11213.91,21.03
3863,1308,38,1,14803.44,19.02
3864,1308,394,3,20049.99,22.67
3865,1309,324,6,36848.71,21.43
3866,1309,36,2,32823.28,23.81
3867,1310,527,5,45775.35,2.75
3868,1311,472,1,44698.67,6.13
3869,1312,27,1,20088.27,15.17
3870,1312,251,3,16392.51,14.64
3871,1312,424,1,10509.78,21.42
3872,1312,524,4,51235.33,55.91
3873,1313,75,6,3383.82,51.25
3874,1313,78,3,2894.76,14.07
3875,1314,338,2,7379.6,0.99
3876,1314,385,5,28404.19,17.95
3877,1314,525,6,53454.03,15.95
3878,1314,268,4,41536.0,0.74
3879,1315,135,6,8062.57,3.4
3880,1316,316,2,52132.9,9.44
3881,1317,95,1,1555.93,38.11
3882,1317,82,2,10131.12,55.32
3883,1317,546,5,34530.21,93.42
3884,1317,326,1,49553.01,19.76
3885,1317,171,2,3959.69,63.72
3886,1318,200,1,26982.08,2.99
3887,1318,19,5,33645.51,24.98
3888,1319,6,4,5033.68,24.48
3889,1319,77,1,29770.33,4.7
3890,1319,284,6,21931.24,17.14
3891,1320,8,2,21808.95,40.22
3892,1320,445,2,19594.97,31.23
3893,1320,210,5,56307.85,1.06
3894,1320,360,3,48627.14,3.01
3895,1320,235,2,1856.16,20.3
3896,1321,154,1,12172.03,20.41
3897,1321,301,4,14266.43,79.54
3898,1321,1,2,31096.94,14.42
3899,1321,490,2,6160.63,50.44
3900,1321,317,-6,47744.93,39.18
3901,1322,500,6,31218.95,8.04
3902,1322,370,-3,49838.94,57.75
3903,1322,45,6,22273.09,15.33
3904,1322,95,6,57040.77,74.29
3905,1323,61,5,38771.73,4.21
3906,1323,101,-2,22580.61,60.0
3907,1324,8,3,58145.24,98.31
3908,1324,416,5,23453.99,14.19
3909,1324,17,3,16905.77,39.15
3910,1324,115,2,40451.0,18.82
3911,1324,499,3,44028.78,10.37
3912,1325,512,3,56747.47,2.41
3913,1325,169,1,23068.87,6.82
3914,1325,11,4,17791.72,78.52
3915,1325,146,6,51643.4,20.59
3916,1325,4,5,56265.96,6.44
3917,1326,373,1,57660.43,62.81
3918,1326,378,1,43162.06,47.05
3919,1326,364,3,55051.63,44.91
3920,1327,261,4,2377.46,0.74
3921,1327,209,5,15738.14,52.15
3922,1328,441,1,11966.82,29.56
3923,1328,305,4,25730.73,36.3
3924,1328,453,3,54953.97,2.41
3925,1329,96,2,32804.78,10.39
3926,1329,461,1,16027.62,38.84
3927,1329,432,4,21124.62,16.63
3928,1330,117,5,37144.38,0.79
3929,1330,457,5,35144.06,29.27
3930,1330,193,4,8283.42,84.07
3931,1330,210,4,16738.81,28.27
3932,1330,217,4,27865.83,11.47
3933,1331,49,1,4757.73,26.57
3934,1331,268,3,59053.57,17.41
3935,1331,362,2,52978.94,17.37
3936,1332,527,-1,31305.93,22.94
3937,1332,443,1,31769.89,9.67
3938,1333,145,2,40387.47,22.84
3939,1333,12,3,7157.46,3.67
3940,1333,253,5,31792.89,5.57
3941,1334,44,-2,26040.52,1.5
3942,1334,347,6,48730.14,90.13
3943,1335,20,6,47525.69,20.88
3944,1335,108,1,38836.77,9.85
3945,1335,442,4,34760.51,35.4
3946,1336,301,1,35506.75,3.49
3947,1336,314,3,27330.41,6.22
3948,1336,357,6,7075.13,19.01
3949,1336,285,6,24847.79,9.43
3950,1337,168,2,28604.47,26.45
3951,1337,387,2,2669.13,19.04
3952,1337,185,1,59298.73,40.55
3953,1337,419,3,58540.84,7.97
3954,1338,316,1,23890.83,6.92
3955,1338,196,5,26693.07,16.42
3956,1339,35,4,9692.53,86.57
3957,1339,363,4,26542.05,6.45
3958,1339,89,2,4136.21,15.77
3959,1339,106,3,4596.75,67.4
3960,1340,448,6,24901.86,74.04
3961,1341,473,1,15394.77,26.57
3962,1341,391,2,18790.95,96.42
3963,1341,175,3,25111.79,90.27
3964,1342,66,4,19676.27,40.24
3965,1342,101,4,1228.15,19.41
3966,1343,275,3,22017.91,29.86
3967,1343,229,1,54128.22,52.95
3968,1343,200,1,47552.97,6.85
3969,1343,47,6,45088.23,8.44
3970,1343,128,4,11156.54,5.11
3971,1344,479,2,22714.24,24.35
3972,1345,223,3,41403.89,5.7
3973,1345,445,2,35409.4,74.44
3974,1345,207,1,504.64,77.62
3975,1345,81,6,44332.29,11.19
3976,1346,412,3,15378.8,47.73
3977,1347,417,6,41949.28,24.29
3978,1347,99,5,4604.04,20.75
3979,1347,209,5,41333.67,1.03
3980,1347,240,2,23911.76,5.14
3981,1347,487,2,18723.42,14.21
3982,1348,466,4,59646.48,12.41
3983,1348,414,6,31892.17,33.85
3984,1348,14,1,5375.76,2.24
3985,1348,159,5,14676.48,6.64
3986,1348,524,6,54351.87,28.25
3987,1349,159,2,38810.25,8.22
3988,1350,357,5,9003.82,23.29
3989,1350,256,1,37977.13,12.43
3990,1350,325,6,25965.72,24.94
3991,1350,251,2,3213.95,14.95
3992,1350,432,1,34602.62,3.74
3993,1351,284,6,50940.82,29.86
3994,1352,302,2,33754.29,3.84
3995,1352,449,5,30277.07,6.42
3996,1352,108,4,58512.12,2.11
3997,1353,134,4,1617.5,22.74
3998,1353,463,5,41226.4,21.18
3999,1354,51,3,24831.79,19.33
4000,1354,437,4,42531.06,14.27
4001,1354,369,3,5228.8,8.17
4002,1354,486,2,27227.91,26.68
4003,1355,142,5,4515.26,27.86
4004,1355,284,5,11591.9,54.13
4005,1355,348,5,11487.53,29.68
4006,1356,289,2,19531.22,83.26
4007,1357,509,4,10466.19,95.96
4008,1357,64,5,4390.3,10.84
4009,1357,160,1,26345.69,22.92
4010,1357,124,5,13445.33,29.79
4011,1358,312,2,5492.62,61.09
4012,1359,10,1,46624.26,82.55
4013,1359,525,4,284.56,21.76
4014,1359,385,5,47463.1,7.05
4015,1359,327,5,10071.43,11.01
4016,1359,124,3,54116.56,94.05
4017,1360,460,4,22743.8,16.66
4018,1360,374,1,40011.74,22.63
4019,1360,328,3,52299.77,31.45
4020,1361,536,1,24343.13,22.39
4021,1361,291,4,24540.41,20.22
4022,1362,352,2,26486.26,24.14
4023,1363,301,6,36089.48,2.74
4024,1363,299,1,13885.58,26.36
4025,1364,463,3,47140.06,19.05
4026,1364,337,2,22426.04,52.49
4027,1364,470,2,18686.71,28.58
4028,1364,341,5,43583.49,23.44
4029,1365,527,4,31099.95,10.8
4030,1366,198,4,56266.86,7.8
4031,1367,142,6,54478.67,26.0
4032,1368,58,5,17544.06,93.95
4033,1368,169,6,47485.71,84.99
4034,1368,162,3,26427.62,0.92
4035,1368,214,1,20624.04,85.19
4036,1368,23,5,56318.35,64.06
4037,1369,357,4,38876.32,96.49
4038,1369,458,1,14244.98,14.5
4039,1369,540,4,36411.74,19.69
4040,1369,203,6,7804.33,8.14
4041,1370,393,5,18885.1,17.48
4042,1370,491,1,1903.46,10.03
4043,1370,224,-6,9877.9,26.5
4044,1370,480,3,12282.32,15.85
4045,1370,82,4,26867.62,28.68
4046,1371,398,4,32799.49,15.19
4047,1371,397,5,52309.64,14.37
4048,1372,238,5,19480.77,72.48
4049,1372,81,5,3271.03,29.1
4050,1372,305,4,27536.69,10.87
4051,1372,126,3,9118.64,1.91
4052,1373,343,3,27436.8,26.16
4053,1373,259,2,55901.56,0.73
4054,1373,472,4,58896.75,0.93
4055,1373,168,3,56983.48,3.45
4056,1373,487,1,38839.06,14.41
4057,1374,481,-3,11564.23,18.72
4058,1375,178,6,46414.54,24.43
4059,1375,331,1,28804.2,15.56
4060,1375,404,2,43894.0,25.53
4061,1375,463,4,54131.99,22.97
4062,1375,490,4,32095.0,93.85
4063,1376,420,3,36936.83,0.82
4064,1376,133,3,22039.42,17.01
4065,1377,32,3,57332.05,25.67
4066,1377,321,5,17307.12,65.28
4067,1377,231,4,54312.75,25.44
4068,1377,404,6,31909.13,25.47
4069,1378,168,1,51523.68,28.88
4070,1378,546,3,25636.35,1.18
4071,1378,10,1,52605.62,78.56
4072,1378,25,3,18097.95,26.77
4073,1378,167,1,38272.13,68.95
4074,1379,474,5,50751.8,5.24
4075,1379,434,4,43720.98,22.28
4076,1380,248,2,26209.78,9.32
4077,1380,232,-2,33129.51,32.05
4078,1381,388,5,54844.61,1.59
4079,1381,86,4,932.0,30.69
4080,1381,425,6,52702.16,7.37
4081,1381,180,2,22179.25,25.56
4082,1382,379,6,49110.6,6.61
4083,1382,371,5,58731.47,5.21
4084,1382,289,3,3202.8,28.3
4085,1382,440,5,42351.11,18.05
4086,1383,216,3,38473.31,10.29
4087,1383,342,6,25843.6,15.99
4088,1383,218,4,38826.51,29.69
4089,1384,255,5,42725.16,25.4
4090,1385,264,4,37144.42,22.06
4091,1385,45,1,52628.55,4.16
4092,1386,54,3,21144.15,40.15
4093,1386,355,1,38716.44,62.42
4094,1386,323,6,35552.99,43.96
4095,1387,245,1,16445.01,96.59
4096,1387,2,5,16360.77,3.83
4097,1387,238,1,15325.1,58.45
4098,1388,216,5,55499.54,16.81
4099,1388,111,-2,51133.14,17.45
4100,1389,246,3,45837.86,18.62
4101,1390,163,6,42568.93,28.18
4102,1390,398,6,49155.51,9.05
4103,1390,146,4,47819.81,13.28
4104,1390,26,6,59053.93,24.29
4105,1390,339,5,12530.5,68.2
4106,1391,517,5,26750.7,27.63
4107,1392,16,2,31154.09,85.39
4108,1392,349,5,25986.67,64.34
4109,1392,494,6,24312.31,20.75
4110,1392,185,1,45245.72,41.96
4111,1392,522,6,44811.57,0.11
4112,1393,161,1,48453.27,10.7
4113,1393,459,4,3301.93,26.12
4114,1394,36,3,39814.36,25.21
4115,1394,498,5,53211.47,6.24
4116,1395,409,3,15158.6,5.7
4117,1396,43,3,15398.48,8.07
4118,1396,153,6,38163.51,2.42
4119,1397,1,2,29349.01,68.11
4120,1397,124,6,23747.63,7.58
4121,1397,70,2,5045.0,29.46
4122,1397,186,4,16547.75,2.92
4123,1397,60,6,20859.41,12.61
4124,1398,26,1,54075.26,5.78
4125,1398,254,-6,44216.98,86.58
4126,1399,183,3,34167.54,83.91
4127,1399,93,4,48459.58,37.76
4128,1400,216,1,8987.2,7.05
4129,1400,39,4,12814.36,9.02
4130,1400,387,6,16918.27,38.08
4131,1401,63,4,31748.97,4.94
4132,1401,441,3,7160.91,16.09
4133,1401,466,-5,39676.1,24.3
4134,1401,243,5,43612.26,13.68
4135,1402,401,6,25770.85,62.98
4136,1402,278,4,27046.66,22.53
4137,1402,477,6,37743.07,9.61
4138,1403,287,6,29036.65,71.62
4139,1403,501,4,13111.02,0.45
4140,1403,86,3,11696.43,0.74
4141,1403,22,5,10528.43,25.46
4142,1403,223,-1,23619.7,10.49
4143,1404,458,6,26106.56,71.14
4144,1404,356,4,8456.15,47.11
4145,1404,208,2,38115.86,84.27
4146,1405,520,4,10599.18,22.51
4147,1405,168,2,32690.56,23.48
4148,1405,92,6,33248.05,24.41
4149,1406,549,6,25811.38,3.22
4150,1407,515,3,13976.76,31.86
4151,1407,22,4,7699.54,44.52
4152,1407,310,6,6431.61,27.0
4153,1408,426,2,9219.24,6.06
4154,1408,440,6,4454.22,0.2
4155,1408,239,4,31606.18,12.58
4156,1408,377,6,6140.91,7.06
4157,1409,319,3,20633.25,44.43
4158,1409,438,4,50092.43,14.74
4159,1409,344,4,13343.91,11.22
4160,1409,197,4,23206.2,16.11
4161,1409,478,6,39429.57,0.9
4162,1410,18,6,38800.94,64.41
4163,1410,362,1,56764.28,18.94
4164,1410,64,2,3571.48,91.09
4165,1411,345,1,21747.74,18.26
4166,1411,429,6,41115.03,6.9
4167,1412,299,4,44133.11,9.63
4168,1412,94,6,23916.56,23.75
4169,1412,403,-2,55814.35,10.54
4170,1412,129,1,13006.38,8.22
4171,1412,18,5,15055.75,1.84
4172,1413,511,2,42106.79,42.44
4173,1413,454,4,48064.19,8.71
4174,1413,255,1,17234.37,60.27
4175,1413,292,2,31743.23,15.67
4176,1413,499,1,56997.23,84.85
4177,1414,431,6,42602.46,31.22
4178,1415,539,2,54356.17,86.16
4179,1415,159,2,5861.01,28.53
4180,1415,387,5,23661.61,7.98
4181,1416,107,3,28109.92,18.21
4182,1416,453,2,50703.74,23.95
4183,1416,259,1,10760.94,2.16
4184,1417,254,3,8700.61,9.83
4185,1418,30,3,26433.3,21.28
4186,1418,335,1,25228.46,15.53
4187,1418,8,1,40022.75,45.61
4188,1418,24,1,46404.2,60.66
4189,1419,181,3,48228.08,3.56
4190,1419,131,1,52809.49,9.28
4191,1419,263,4,49800.37,10.66
4192,1419,372,3,38719.31,3.28
4193,1419,130,6,40447.61,6.67
4194,1420,174,5,39171.26,9.4
4195,1421,289,2,4501.81,29.39
4196,1421,9,6,19369.24,29.87
4197,1421,102,2,36134.3,2.88
4198,1422,289,1,219.3,79.33
4199,1422,278,5,9682.45,1.34
4200,1422,500,4,5903.88,11.67
4201,1422,259,5,2072.9,7.35
4202,1423,258,6,27214.67,1.43
4203,1423,330,2,52726.33,17.84
4204,1423,130,4,901.37,57.96
4205,1423,426,1,7295.45,16.55
4206,1424,8,6,127.68,13.68
4207,1425,407,6,9699.13,25.41
4208,1425,537,2,45369.98,45.43
4209,1426,65,4,10286.31,87.31
4210,1427,479,3,20968.98,2.03
4211,1427,388,5,3664.6,77.86
4212,1427,401,2,8132.05,24.95
4213,1427,172,6,50948.15,19.87
4214,1427,116,4,32322.47,9.19
4215,1428,400,5,53749.63,14.62
4216,1428,206,6,19495.91,1.59
4217,1429,236,3,31515.96,84.52
4218,1429,246,2,39002.59,65.48
4219,1430,100,3,33349.75,1.86
4220,1430,446,6,24621.92,58.52
4221,1430,84,6,58844.36,25.75
4222,1430,28,5,25772.9,18.82
4223,1430,359,2,11307.43,27.49
4224,1431,99,1,36996.95,62.63
4225,1431,282,5,47013.8,73.87
4226,1431,337,3,2671.31,86.87
4227,1431,270,4,54687.82,11.93
4228,1431,83,6,1424.91,19.7
4229,1432,58,5,1447.99,0.62
4230,1433,510,3,39489.99,9.91
4231,1433,293,6,52407.28,0.73
4232,1433,216,6,25518.41,0.4
4233,1433,330,1,39233.38,78.04
4234,1433,458,4,16464.59,62.07
4235,1434,496,2,20762.73,1.19
4236,1434,39,6,8424.93,23.43
4237,1434,5,1,21636.42,20.67
4238,1435,295,4,27538.91,89.79
4239,1435,546,1,31932.4,13.2
4240,1436,31,2,27666.2,20.25
4241,1436,97,-5,15922.98,1.37
4242,1436,59,2,1023.06,16.91
4243,1436,38,3,12966.43,12.98
4244,1436,428,5,45079.31,25.47
4245,1437,353,3,30584.5,28.22
4246,1437,461,5,43510.6,11.54
4247,1437,369,5,10151.45,26.24
4248,1437,366,5,13527.43,17.58
4249,1438,268,3,14396.26,15.29
4250,1438,415,2,38162.54,8.58
4251,1438,272,-4,49113.75,9.34
4252,1439,337,6,12799.29,4.04
4253,1440,343,5,7325.5,13.23
4254,1440,109,3,20960.53,4.91
4255,1440,68,5,6281.23,88.45
4256,1440,536,6,4685.76,13.81
4257,1440,107,4,4950.73,10.79
4258,1441,453,4,15914.17,0.08
4259,1441,472,5,36256.53,29.84
4260,1441,302,2,34449.17,25.29
4261,1441,199,5,38188.34,11.71
4262,1442,547,4,5531.82,19.96
4263,1442,218,4,58058.13,67.39
4264,1442,518,5,4969.54,19.03
4265,1442,428,2,54320.76,16.93
4266,1442,84,1,1759.11,66.33
4267,1443,430,3,50769.13,13.99
4268,1443,21,6,31938.32,27.79
4269,1444,377,5,5734.91,51.59
4270,1444,453,2,31153.9,6.29
4271,1444,434,5,14581.99,9.21
4272,1444,329,2,45918.92,9.83
4273,1444,384,6,10668.82,51.63
4274,1445,296,3,4745.89,38.32
4275,1445,356,2,27967.25,9.99
4276,1446,129,2,42079.96,9.96
4277,1446,527,3,57413.7,74.36
4278,1446,422,1,272.42,14.54
4279,1447,304,2,40815.44,64.96
4280,1447,281,6,57611.23,36.66
4281,1448,76,5,39871.78,24.35
4282,1448,414,3,21663.2,2.64
4283,1448,184,6,43678.96,25.63
4284,1449,487,2,40146.12,10.98
4285,1450,320,2,38046.68,24.66
4286,1450,549,2,39342.77,16.85
4287,1450,373,1,55663.28,24.08
4288,1451,47,1,59605.41,0.13
4289,1451,416,3,54773.16,36.38
4290,1452,202,1,2242.07,56.24
4291,1452,275,6,20134.67,12.06
4292,1453,380,2,46696.85,79.02
4293,1453,65,5,2723.35,35.96
4294,1453,539,6,49554.33,27.22
4295,1453,158,1,58418.22,12.18
4296,1453,267,-4,40460.39,25.19
4297,1454,27,-3,24801.22,10.41
4298,1454,106,3,45943.21,22.43
4299,1454,466,6,32140.95,59.07
4300,1455,168,2,2623.64,6.13
4301,1455,207,2,34491.81,24.8
4302,1456,481,3,45730.27,2.73
4303,1456,104,3,8904.4,83.63
4304,1456,253,5,8101.23,15.77
4305,1456,391,4,54979.19,8.09
4306,1456,248,6,38197.33,8.94
4307,1457,268,2,1439.32,13.15
4308,1457,160,6,1731.04,44.76
4309,1458,176,1,50186.89,21.42
4310,1458,165,2,45560.06,29.2
4311,1458,272,1,29133.16,17.65
4312,1458,242,6,16560.31,24.0
4313,1458,341,3,46080.66,26.95
4314,1459,466,1,308.22,64.19
4315,1459,470,1,23587.46,7.12
4316,1459,372,1,56910.02,21.64
4317,1459,221,3,50386.9,6.89
4318,1459,385,6,46865.07,17.63
4319,1460,329,4,43604.3,30.07
4320,1460,482,5,16833.86,16.0
4321,1460,462,2,56773.98,5.9
4322,1461,202,5,19593.35,6.52
4323,1462,29,1,41277.6,8.98
4324,1462,395,2,55474.08,98.73
4325,1462,149,3,23333.44,15.67
4326,1462,497,6,34559.39,87.45
4327,1462,299,6,16844.56,20.82
4328,1463,194,3,51558.16,24.37
4329,1463,202,2,31385.04,28.3
4330,1463,471,3,4873.22,27.79
4331,1463,286,1,45770.43,22.34
4332,1463,116,3,21748.37,50.88
4333,1464,354,2,44489.36,0.42
4334,1464,489,-4,25340.11,16.73
4335,1465,311,3,37843.38,74.32
4336,1465,516,1,15051.79,64.63
4337,1465,306,3,38317.7,13.64
4338,1465,404,2,56329.01,0.02
4339,1465,468,2,7898.24,24.09
4340,1466,106,3,24687.73,29.35
4341,1466,114,2,24548.61,19.35
4342,1466,64,1,56022.34,28.49
4343,1467,412,1,25515.32,84.14
4344,1467,310,3,58706.93,43.02
4345,1467,496,3,43976.95,40.8
4346,1468,303,2,3613.58,26.84
4347,1469,490,3,50528.61,79.49
4348,1469,73,1,20175.44,12.34
4349,1470,31,2,56896.85,5.59
4350,1470,374,3,51608.59,17.59
4351,1471,449,4,37601.53,28.18
4352,1471,475,5,56194.45,46.67
4353,1471,64,6,27666.16,3.98
4354,1472,38,1,59972.6,15.71
4355,1473,381,4,17908.93,11.25
4356,1474,494,3,49614.9,23.38
4357,1474,315,1,41948.06,21.96
4358,1474,21,3,10462.0,56.84
4359,1474,27,-2,57461.3,88.82
4360,1474,287,1,3633.88,84.74
4361,1475,77,3,659.04,72.79
4362,1475,30,5,19058.19,1.54
4363,1476,456,1,13753.86,9.96
4364,1476,367,1,7314.39,27.94
4365,1476,119,4,9449.29,23.03
4366,1476,274,4,57880.43,7.93
4367,1477,179,2,37018.58,3.58
4368,1477,483,1,25369.51,63.18
4369,1477,99,6,11287.82,21.55
4370,1477,263,6,12084.09,5.61
4371,1478,450,2,2007.29,9.19
4372,1479,308,5,43180.71,60.97
4373,1479,21,6,19124.3,24.38
4374,1480,40,1,35487.78,77.3
4375,1480,102,3,1641.84,20.49
4376,1480,16,1,43159.07,28.24
4377,1480,244,1,35275.16,25.36
4378,1481,529,4,18423.64,71.0
4379,1481,534,3,48051.27,19.17
4380,1482,46,4,10505.32,93.68
4381,1482,153,4,51268.54,26.83
4382,1482,415,5,5072.35,95.22
4383,1483,139,2,11422.64,14.78
4384,1483,480,4,14091.41,45.88
4385,1484,12,-4,41500.83,96.06
4386,1485,229,6,59602.58,5.35
4387,1485,368,5,15011.94,2.52
4388,1485,86,6,9922.14,82.63
4389,1485,225,2,58032.97,20.38
4390,1485,196,4,52444.71,68.2
4391,1486,434,5,40437.15,22.27
4392,1486,114,2,40329.4,11.73
4393,1486,90,4,24778.14,12.52
4394,1486,21,2,35034.58,10.39
4395,1487,401,1,20488.07,64.56
4396,1487,415,6,49905.55,60.84
4397,1487,506,5,25023.76,10.82
4398,1487,439,6,45721.83,10.54
4399,1488,442,1,44953.63,25.33
4400,1488,303,3,4043.36,1.29
4401,1488,320,2,45120.33,29.06
4402,1489,409,1,54016.92,16.1
4403,1489,95,4,15885.29,13.39
4404,1489,121,1,16817.09,20.87
4405,1489,517,1,26183.66,2.33
4406,1490,286,2,20405.54,22.13
4407,1491,341,4,56385.31,26.79
4408,1492,330,2,3627.38,8.73
4409,1492,54,4,21668.1,95.15
4410,1492,254,2,19566.95,31.55
4411,1492,404,3,58860.65,6.06
4412,1492,37,2,31135.41,45.82
4413,1493,27,2,5430.95,0.31
4414,1494,6,2,15499.26,76.84
4415,1494,515,1,36909.62,10.42
4416,1495,548,1,29971.09,31.24
4417,1495,363,5,13480.76,22.35
4418,1495,117,6,23980.86,95.86
4419,1495,411,2,10217.22,25.2
4420,1495,409,4,6368.82,78.05
4421,1496,174,6,44765.4,64.97
4422,1497,365,6,19092.12,24.25
4423,1497,340,3,37523.2,25.49
4424,1497,146,6,58755.9,87.68
4425,1497,94,1,10655.9,16.69
4426,1498,87,2,50848.75,23.05
4427,1498,312,2,38681.91,96.92
4428,1498,311,1,26357.56,73.82
4429,1498,262,5,23601.5,52.86
4430,1499,262,6,880.41,59.36
4431,1499,185,6,56216.33,84.69
4432,1500,410,1,53859.7,75.55
4433,1500,81,4,44135.42,27.94
4434,1500,325,4,1281.93,12.82
4435,1501,518,6,18694.97,25.43
4436,1501,457,3,45352.11,81.8
4437,1501,515,3,55001.41,9.02
4438,1502,345,5,11698.95,5.95
4439,1502,19,3,56913.48,75.55
4440,1502,239,5,15523.64,11.74
4441,1503,141,5,47639.98,5.5
4442,1504,229,-4,53532.54,3.13
4443,1504,79,1,42357.35,15.49
4444,1504,353,1,3820.68,19.12
4445,1504,207,2,14401.0,24.28
4446,1504,23,1,31716.03,19.37
4447,1505,356,5,46746.5,3.24
4448,1505,280,6,54380.0,88.35
4449,1505,90,1,54901.25,84.42
4450,1506,205,5,40431.7,24.08
4451,1507,521,-3,46660.35,74.99
4452,1507,439,4,51032.66,24.55
4453,1507,458,6,13274.78,6.27
4454,1507,341,4,10927.74,28.08
4455,1508,96,2,26260.49,19.24
4456,1508,445,5,47700.74,28.82
4457,1508,230,3,25052.87,2.26
4458,1509,166,2,23270.72,91.24
4459,1509,461,1,40214.96,17.86
4460,1509,371,-3,43569.32,72.84
4461,1509,508,2,40628.51,27.15
4462,1509,486,6,36070.56,24.87
4463,1510,533,4,15716.39,29.77
4464,1510,256,4,17058.89,19.33
4465,1510,486,3,489.91,64.75
4466,1510,490,2,21429.05,23.15
4467,1511,186,4,10806.86,25.18
4468,1511,229,6,931.17,17.52
4469,1511,386,5,58225.67,44.89
4470,1512,367,6,10954.06,57.84
4471,1512,338,4,15496.65,86.56
4472,1512,243,3,42551.36,66.16
4473,1512,409,6,769.17,21.86
4474,1512,306,4,41504.91,25.04
4475,1513,280,2,19936.57,25.98
4476,1514,462,3,38951.41,2.47
4477,1514,65,5,39768.96,7.2
4478,1514,362,3,52383.69,28.03
4479,1514,531,2,59727.87,88.76
4480,1514,239,1,25516.25,21.08
4481,1515,48,6,10016.91,13.96
4482,1515,463,1,33037.26,78.2
4483,1515,411,5,53365.76,88.32
4484,1515,205,2,29378.43,47.37
4485,1515,262,1,31699.68,1.89
4486,1516,221,1,50624.44,41.54
4487,1517,435,2,40492.36,72.44
4488,1518,442,5,18790.02,18.88
4489,1518,492,2,29692.71,26.69
4490,1518,403,5,2640.67,3.08
4491,1518,177,4,16133.44,10.78
4492,1518,78,5,27420.64,17.25
4493,1519,155,1,11427.57,6.68
4494,1519,515,4,20532.98,28.6
4495,1519,57,1,20817.11,99.19
4496,1520,68,5,26732.48,29.04
4497,1520,116,4,26143.61,12.82
4498,1521,203,3,33256.85,88.97
4499,1521,120,2,59264.39,28.83
4500,1521,215,2,55103.66,29.0
4501,1521,100,6,6103.92,29.99
4502,1521,401,4,46179.05,8.77
4503,1522,367,1,28857.32,53.29
4504,1522,460,6,33156.33,6.7
4505,1522,483,3,13062.55,38.84
4506,1522,44,2,52499.96,15.47
4507,1522,239,2,26071.5,25.55
4508,1523,320,1,24287.94,22.55
4509,1523,317,4,45705.33,19.01
4510,1523,520,4,47080.03,86.75
4511,1524,302,5,16054.74,21.25
4512,1524,151,6,25908.91,16.24
4513,1524,144,2,34783.68,48.01
4514,1524,79,1,55870.0,15.1
4515,1524,92,5,11598.98,29.16
4516,1525,108,3,46882.25,20.33
4517,1526,358,4,33572.79,21.69
4518,1526,306,4,57006.24,72.74
4519,1526,502,-1,58348.0,20.91
4520,1527,534,1,54173.55,24.02
4521,1527,18,1,29666.67,10.24
4522,1527,82,1,59146.58,33.24
4523,1527,206,6,38832.81,8.2
4524,1528,111,2,4039.25,9.51
4525,1528,389,6,1182.32,11.06
4526,1528,49,5,38105.29,0.75
4527,1528,69,5,53402.23,12.62
4528,1529,14,6,37481.66,60.85
4529,1529,110,3,58984.52,26.85
4530,1529,85,4,3623.4,12.42
4531,1529,349,1,20152.66,29.53
4532,1529,222,1,10826.11,28.96
4533,1530,316,3,29777.79,27.63
4534,1530,18,6,21441.01,20.49
4535,1531,216,6,45427.47,23.45
4536,1531,167,1,38447.7,19.9
4537,1531,290,1,14143.31,17.37
4538,1531,33,6,46173.24,20.62
4539,1531,341,5,59040.03,98.23
4540,1532,517,6,41732.87,26.04
4541,1532,388,-5,59797.41,19.81
4542,1532,544,5,19661.08,16.19
4543,1533,496,5,57637.51,47.83
4544,1533,527,2,12448.4,5.17
4545,1533,205,5,24629.89,9.18
4546,1534,211,3,56846.8,18.89
4547,1534,64,1,21009.59,27.73
4548,1534,468,1,44643.07,7.28
4549,1535,77,1,30930.86,72.82
4550,1535,507,1,46280.48,20.46
4551,1535,35,6,55521.96,72.51
4552,1535,3,3,10008.27,24.9
4553,1536,395,1,6157.59,96.09
4554,1536,150,6,58652.49,1.84
4555,1536,331,1,39714.25,14.56
4556,1536,370,3,48397.93,9.62
4557,1536,442,3,14127.46,70.34
4558,1537,416,2,49086.53,21.43
4559,1537,352,3,55020.42,1.81
4560,1537,139,1,42605.51,69.6
4561,1537,422,1,34824.25,98.17
4562,1537,79,6,39067.26,5.6
4563,1538,197,3,16964.9,5.26
4564,1538,398,-5,29251.31,19.29
4565,1538,518,3,30795.08,21.91
4566,1538,315,-6,43834.18,61.48
4567,1538,102,6,9792.46,13.08
4568,1539,407,3,29561.0,70.01
4569,1539,157,4,17272.49,28.6
4570,1540,82,5,50254.25,11.19
4571,1540,359,3,18787.96,97.47
4572,1540,472,3,25508.13,31.74
4573,1541,99,2,18398.58,52.45
4574,1541,496,6,34034.82,16.21
4575,1542,78,2,46518.48,7.32
4576,1542,470,3,18810.86,49.06
4577,1543,251,1,57532.44,4.12
4578,1544,233,1,16909.59,1.57
4579,1544,63,1,4048.1,24.99
4580,1544,224,2,14975.21,15.07
4581,1545,381,3,37068.27,26.75
4582,1546,25,6,28036.13,19.52
4583,1546,130,5,57971.2,20.87
4584,1546,438,3,35539.85,9.17
4585,1546,55,1,1023.51,13.03
4586,1547,390,6,24232.41,41.09
4587,1547,463,1,26629.27,18.48
4588,1547,172,3,2958.64,10.69
4589,1548,132,1,53073.12,14.51
4590,1548,47,1,8629.1,11.08
4591,1549,229,3,6791.31,28.5
4592,1549,242,4,44345.04,19.93
4593,1549,142,3,54681.85,14.6
4594,1549,216,4,36257.37,21.53
4595,1549,88,3,47529.24,49.41
4596,1550,132,4,38866.24,15.47
4597,1550,246,1,18155.34,87.01
4598,1550,62,6,20401.2,21.64
4599,1550,202,3,44471.97,13.38
4600,1551,473,1,1481.4,13.79
4601,1551,509,1,58496.82,15.86
4602,1551,355,6,3040.02,48.73
4603,1552,522,3,13940.43,6.15
4604,1552,262,4,3224.4,75.58
4605,1552,175,6,7259.78,12.21
4606,1553,173,4,35328.43,15.54
4607,1553,502,3,7613.09,20.75
4608,1553,452,2,38441.11,24.89
4609,1553,226,5,24982.13,28.49
4610,1553,303,2,16709.41,18.99
4611,1554,449,6,47042.77,89.34
4612,1554,468,6,18593.81,10.12
4613,1554,31,-2,1280.51,3.12
4614,1555,107,2,35306.26,18.34
4615,1555,155,6,22975.65,7.75
4616,1555,483,3,47308.3,4.88
4617,1556,511,4,31954.18,4.68
4618,1557,316,4,30366.63,15.39
4619,1557,160,2,16584.53,29.26
4620,1557,277,5,27510.8,15.64
4621,1557,222,1,52580.0,27.86
4622,1558,430,2,22498.55,23.86
4623,1558,49,2,44112.23,72.07
4624,1558,422,5,10844.5,0.11
4625,1558,463,6,23877.96,27.31
4626,1559,344,5,16424.57,21.74
4627,1560,271,-6,2091.48,5.12
4628,1560,74,5,29551.32,8.92
4629,1560,106,4,56740.41,36.26
4630,1561,323,5,53445.38,10.12
4631,1561,128,4,4928.84,79.66
4632,1561,386,3,10851.76,1.4
4633,1561,485,3,47422.67,45.54
4634,1562,170,5,37112.14,26.11
4635,1562,147,5,44058.96,8.79
4636,1563,408,6,40094.01,28.66
4637,1563,34,5,31004.31,6.37
4638,1563,85,2,21069.26,17.42
4639,1563,498,2,21910.18,4.44
4640,1563,402,4,2749.73,52.43
4641,1564,408,6,11308.23,68.13
4642,1565,257,1,42803.21,11.88
4643,1565,420,6,37896.97,58.55
4644,1565,36,2,34291.24,12.08
4645,1565,286,3,4736.22,82.93
4646,1566,320,4,4464.34,61.07
4647,1567,376,5,45479.19,48.93
4648,1567,270,1,39648.07,26.36
4649,1567,301,-3,19351.07,24.96
4650,1567,85,2,49069.55,8.23
4651,1568,334,3,53842.74,8.64
4652,1568,407,5,54693.62,39.29
4653,1568,10,2,11249.51,18.16
4654,1569,79,4,6931.81,71.14
4655,1570,183,2,7931.36,4.26
4656,1570,80,3,15509.1,9.91
4657,1570,416,4,23476.71,11.23
4658,1570,299,4,40226.35,27.87
4659,1571,533,4,13055.67,8.48
4660,1571,242,5,48837.15,51.12
4661,1571,447,4,6831.87,17.29
4662,1571,444,4,24408.16,0.71
4663,1571,15,1,22216.29,5.09
4664,1572,191,2,21939.28,20.76
4665,1573,288,4,37165.63,7.05
4666,1574,464,3,6776.52,8.66
4667,1574,90,2,34167.54,18.93
4668,1575,516,2,25053.61,18.32
4669,1575,286,6,14868.2,57.41
4670,1575,336,5,45145.04,47.13
4671,1575,267,5,59528.87,18.35
4672,1576,427,1,1624.77,24.57
4673,1577,548,5,15840.13,6.93
4674,1578,449,3,19825.65,48.39
4675,1578,151,5,23443.53,13.39
4676,1579,184,3,14362.95,77.71
4677,1579,190,4,34750.3,5.58
4678,1579,152,4,5886.5,11.84
4679,1579,105,6,46903.62,16.4
4680,1580,304,1,34905.59,21.65
4681,1580,333,6,49693.67,14.89
4682,1581,416,6,5234.45,4.04
4683,1581,405,1,11679.18,17.49
4684,1581,313,1,58405.26,36.49
4685,1581,491,1,56241.97,20.85
4686,1581,68,5,54352.42,37.82
4687,1582,370,4,24417.79,4.14
4688,1582,364,4,18450.23,23.79
4689,1582,78,3,50868.02,66.66
4690,1582,389,6,53253.38,15.51
4691,1583,107,1,28215.59,90.07
4692,1583,429,2,6016.03,30.15
4693,1583,160,6,43025.48,14.39
4694,1583,441,5,43981.59,17.29
4695,1583,203,2,12319.75,3.03
4696,1584,375,6,983.04,7.05
4697,1584,243,4,17975.4,95.6
4698,1585,223,3,43938.7,21.27
4699,1586,68,1,57822.84,26.81
4700,1586,451,4,48403.8,7.84
4701,1587,368,3,12749.5,19.01
4702,1588,332,1,24669.0,4.22
4703,1588,310,6,23943.78,17.09
4704,1589,261,3,7197.94,17.19
4705,1589,350,6,45416.01,15.43
4706,1589,43,1,10642.11,17.91
4707,1589,178,2,18216.0,41.82
4708,1589,525,1,55246.66,3.33
4709,1590,425,6,23223.18,12.88
4710,1590,478,1,14536.35,0.6
4711,1591,392,1,42077.63,12.53
4712,1591,481,3,48294.81,45.34
4713,1592,310,5,59158.7,8.19
4714,1592,1,5,36810.14,75.59
4715,1592,398,1,53343.25,26.56
4716,1592,462,4,41402.26,20.71
4717,1592,144,4,955.0,3.51
4718,1593,373,2,27237.76,79.93
4719,1593,353,3,6258.13,70.6
4720,1594,279,4,16952.36,24.56
4721,1594,51,6,17726.93,35.58
4722,1594,233,6,37029.09,40.87
4723,1594,478,6,30616.22,4.81
4724,1594,129,5,7041.58,61.77
4725,1595,498,2,32193.31,10.94
4726,1595,525,5,36427.77,13.98
4727,1595,222,2,30757.67,80.08
4728,1595,317,5,20112.86,29.65
4729,1596,500,2,10680.46,2.3
4730,1596,417,1,26289.48,28.96
4731,1597,341,5,22221.19,66.55
4732,1597,356,5,30202.91,18.21
4733,1597,200,5,46929.55,57.37
4734,1598,155,6,7371.91,21.02
4735,1598,534,5,13238.4,56.6
4736,1598,342,1,54649.39,31.0
4737,1598,334,1,27810.44,31.13
4738,1599,370,3,1453.15,4.77
4739,1599,507,6,38233.47,27.86
4740,1600,206,3,27766.82,81.35
4741,1601,52,6,34263.28,9.61
4742,1601,464,6,35008.46,65.56
4743,1602,290,1,49611.19,8.41
4744,1603,106,1,3846.41,15.29
4745,1603,372,2,35293.41,2.64
4746,1603,43,6,1799.96,68.83
4747,1603,279,1,44191.49,25.67
4748,1604,181,3,28946.86,61.8
4749,1604,57,3,54923.9,70.22
4750,1604,356,3,55702.98,13.64
4751,1604,380,4,12723.14,23.31
4752,1605,315,2,33731.08,16.77
4753,1605,425,3,2564.44,1.47
4754,1605,351,6,15355.2,7.89
4755,1605,68,5,22031.81,7.29
4756,1605,44,3,7213.66,14.52
4757,1606,209,6,14099.98,18.91
4758,1606,292,6,54969.87,71.97
4759,1607,103,2,23036.06,43.38
4760,1607,545,2,57698.81,92.86
4761,1608,534,5,55749.37,87.01
4762,1608,117,5,53250.65,20.4
4763,1608,87,1,8512.03,23.79
4764,1608,28,4,19056.2,12.69
4765,1609,66,3,46838.66,15.7
4766,1609,72,2,33977.29,30.62
4767,1609,194,1,13969.35,29.04
4768,1610,59,1,20765.74,32.08
4769,1610,231,5,38597.85,18.66
4770,1611,491,4,36930.54,95.08
4771,1611,142,-1,51024.13,6.61
4772,1611,534,5,23101.53,24.6
4773,1612,54,5,31315.97,5.14
4774,1612,183,5,20770.86,18.24
4775,1612,308,-1,55377.49,20.98
4776,1613,318,5,29528.11,44.66
4777,1613,311,1,47932.43,16.48
4778,1613,316,-4,11407.91,10.27
4779,1614,468,3,44917.99,28.15
4780,1614,337,5,4558.96,6.26
4781,1614,56,1,6439.05,63.99
4782,1614,138,2,4147.39,27.27
4783,1615,465,3,6953.98,13.9
4784,1615,177,6,45781.71,27.81
4785,1615,350,6,12550.11,18.07
4786,1615,459,3,23288.84,15.98
4787,1615,335,5,54375.46,12.54
4788,1616,213,2,34668.51,16.85
4789,1617,377,5,35915.91,25.35
4790,1617,408,1,44064.49,29.7
4791,1617,359,3,55121.57,12.83
4792,1617,164,2,45674.54,29.37
4793,1617,66,2,25103.53,50.81
4794,1618,439,5,39875.62,14.58
4795,1618,320,1,33688.12,28.23
4796,1618,510,1,35984.69,12.41
4797,1618,448,3,4090.57,64.12
4798,1618,428,3,52423.0,12.38
4799,1619,3,3,36660.31,1.39
4800,1619,318,6,47130.94,39.74
4801,1619,170,1,37721.48,70.41
4802,1619,435,2,1996.59,41.75
4803,1620,339,6,10912.86,18.44
4804,1620,1,2,10556.04,21.64
4805,1620,167,3,22997.06,25.26
4806,1620,29,4,19518.5,26.61
4807,1621,524,5,37839.71,9.75
4808,1621,476,6,19795.49,80.55
4809,1621,270,5,59091.67,89.76
4810,1622,340,6,36585.41,20.48
4811,1622,513,1,20912.14,27.67
4812,1623,348,1,520.16,1.97
4813,1623,147,1,18185.51,7.48
4814,1623,137,1,17299.13,7.16
4815,1623,485,4,33915.41,2.89
4816,1623,330,1,275.11,22.54
4817,1624,399,1,21792.67,23.3
4818,1624,105,2,40376.06,60.04
4819,1624,464,3,1087.07,1.67
4820,1624,276,5,48837.28,5.61
4821,1624,64,6,24483.25,3.6
4822,1625,454,1,18718.85,88.69
4823,1625,179,5,12383.2,44.77
4824,1625,333,4,58940.05,24.85
4825,1625,337,5,39476.37,85.76
4826,1626,95,2,48994.81,54.2
4827,1626,434,5,50885.17,77.64
4828,1626,283,3,21932.99,14.53
4829,1626,116,6,24612.74,3.94
4830,1627,426,3,40401.93,17.94
4831,1627,114,4,51070.12,14.92
4832,1628,20,1,13596.43,19.74
4833,1629,266,3,42537.38,10.97
4834,1630,211,6,12106.24,17.01
4835,1630,268,5,16187.44,7.28
4836,1630,200,5,53446.9,26.12
4837,1630,355,1,5405.17,20.66
4838,1631,123,6,47802.68,26.32
4839,1632,214,1,10068.84,90.52
4840,1632,207,1,52709.78,4.34
4841,1633,497,4,37015.43,51.27
4842,1633,427,1,56855.82,5.05
4843,1633,246,5,10944.86,28.19
4844,1633,252,3,43006.87,3.37
4845,1633,523,4,52617.79,12.46
4846,1634,362,1,58346.13,10.22
4847,1634,488,5,990.09,18.96
4848,1634,115,5,8073.36,14.96
4849,1635,229,6,14389.65,8.27
4850,1636,36,3,28432.28,70.72
4851,1636,230,6,13471.54,34.74
4852,1636,61,1,30099.93,1.41
4853,1637,160,5,17336.38,9.24
4854,1637,499,-4,3307.2,51.42
4855,1637,429,1,16142.9,23.25
4856,1638,444,4,34544.87,69.61
4857,1638,292,6,38015.87,23.98
4858,1638,346,3,22680.88,29.36
4859,1638,219,5,35435.05,2.48
4860,1639,293,6,35078.59,13.18
4861,1639,521,3,50574.25,22.91
4862,1639,263,3,47234.34,12.55
4863,1639,365,1,21707.13,25.71
4864,1639,279,1,48817.2,87.3
4865,1640,265,6,29150.94,23.95
4866,1640,313,6,19092.72,15.35
4867,1640,431,5,47853.1,31.8
4868,1641,235,1,58873.97,16.74
4869,1642,79,5,46633.94,18.52
4870,1642,244,4,31663.36,14.63
4871,1643,136,3,9877.44,99.55
4872,1643,452,1,51123.41,8.25
4873,1643,125,1,28540.93,97.47
4874,1643,371,4,2709.66,6.88
4875,1644,354,6,25832.84,59.58
4876,1644,222,5,37658.15,28.14
4877,1644,489,2,22432.19,0.06
4878,1644,51,3,11432.46,10.97
4879,1645,184,5,48025.87,11.09
4880,1645,426,1,33450.71,50.74
4881,1645,232,6,31002.02,2.8
4882,1645,163,1,47960.59,8.11
4883,1645,90,5,49092.39,7.05
4884,1646,3,3,39515.58,19.68
4885,1646,422,3,48664.32,28.38
4886,1647,102,3,55543.03,28.3
4887,1647,456,2,16694.12,62.66
4888,1647,131,1,36813.23,74.05
4889,1647,13,4,22633.18,29.34
4890,1648,4,6,29927.26,9.17
4891,1648,529,4,50356.66,27.68
4892,1649,139,1,10104.28,24.34
4893,1650,443,1,30236.95,5.37
4894,1650,80,2,17523.65,5.29
4895,1650,52,1,34275.35,2.31
4896,1650,151,2,32471.97,93.4
4897,1650,311,5,30453.25,42.62
4898,1651,58,1,16635.1,22.54
4899,1651,110,4,3639.82,3.79
4900,1651,548,1,20436.35,2.76
4901,1652,20,2,24719.02,14.14
4902,1653,245,5,47897.96,24.51
4903,1653,487,1,32852.4,10.98
4904,1653,243,1,13689.61,17.64
4905,1654,80,2,11702.3,29.16
4906,1654,549,3,5692.93,15.64
4907,1655,211,6,9338.44,44.07
4908,1656,38,6,43389.81,35.04
4909,1656,393,2,19627.9,24.05
4910,1656,466,3,45350.91,14.83
4911,1657,79,5,22297.93,28.57
4912,1657,443,1,20365.79,74.79
4913,1658,163,2,15412.69,26.01
4914,1658,209,6,10125.08,14.46
4915,1658,452,1,38676.57,8.32
4916,1659,344,3,10324.9,59.74
4917,1659,171,4,59255.58,60.43
4918,1659,147,5,16381.65,18.52
4919,1660,41,5,56735.24,42.82
4920,1660,194,1,50767.67,88.41
4921,1660,298,5,55626.19,74.22
4922,1660,524,6,19145.13,7.65
4923,1661,356,1,15740.7,13.96
4924,1662,538,4,1702.34,7.23
4925,1663,379,3,38055.5,22.97
4926,1663,361,4,46339.6,7.8
4927,1663,515,3,55326.33,19.44
4928,1663,230,1,50903.84,53.02
4929,1663,438,4,30956.37,14.84
4930,1664,336,4,45801.41,75.94
4931,1664,64,1,441.7,28.9
4932,1664,464,5,55495.11,11.19
4933,1664,536,1,53724.12,20.38
4934,1664,442,2,24822.42,71.39
4935,1665,159,4,1314.31,14.69
4936,1665,476,5,22152.34,11.57
4937,1665,345,3,46005.77,10.53
4938,1665,176,1,48897.47,71.83
4939,1665,222,4,41071.86,28.85
4940,1666,281,6,58197.26,65.78
4941,1666,111,2,19753.64,11.63
4942,1666,494,6,42578.69,21.69
4943,1666,162,5,4343.66,7.76
4944,1667,35,6,37184.62,26.45
4945,1667,255,4,33158.16,20.94
4946,1668,222,4,10246.64,92.65
4947,1668,109,1,58171.62,27.36
4948,1668,427,4,3187.05,13.86
4949,1668,147,1,8022.68,20.67
4950,1669,391,-1,54633.43,24.32
4951,1669,74,-1,3835.37,0.62
4952,1669,9,2,8031.27,70.22
4953,1669,387,5,52450.88,1.26
4954,1670,37,1,49950.85,26.8
4955,1671,388,5,16189.67,0.16
4956,1672,475,1,58845.89,30.49
4957,1672,447,1,56414.19,6.88
4958,1672,531,2,44646.71,56.74
4959,1672,489,3,54735.02,28.11
4960,1673,396,1,52473.09,78.28
4961,1673,125,3,18155.21,11.71
4962,1673,444,3,9507.23,73.88
4963,1673,457,6,31143.5,4.26
4964,1673,150,3,15876.13,9.94
4965,1674,354,3,15184.71,12.57
4966,1674,337,2,10848.3,46.29
4967,1674,3,3,26613.66,25.32
4968,1674,175,2,9358.83,20.71
4969,1675,134,4,49918.96,13.87
4970,1675,15,3,10116.22,14.68
4971,1675,241,1,11798.6,92.12
4972,1675,109,3,13900.44,27.44
4973,1675,537,4,27001.85,5.24
4974,1676,33,5,54424.83,7.71
4975,1676,161,6,59040.67,99.77
4976,1676,445,3,59246.92,19.14
4977,1676,320,3,54566.27,46.18
4978,1677,252,6,38033.47,19.75
4979,1678,477,6,38173.17,90.89
4980,1678,515,4,8846.7,5.21
4981,1679,387,6,17442.92,9.15
4982,1679,437,5,17449.56,9.16
4983,1679,329,6,3610.32,0.9
4984,1679,264,1,6097.5,38.47
4985,1680,301,5,10414.85,4.09
4986,1680,368,2,57389.46,6.55
4987,1680,207,4,48562.53,23.23
4988,1681,426,5,9010.66,78.72
4989,1681,374,2,36923.36,20.18
4990,1681,496,6,23863.49,2.34
4991,1681,378,3,28961.09,91.42
4992,1681,311,1,4831.25,15.85
4993,1682,158,2,9711.43,35.82
4994,1682,217,4,55175.28,57.69
4995,1682,71,1,53911.82,19.13
4996,1682,363,1,26406.37,22.6
4997,1683,124,1,56318.85,2.77
4998,1683,380,1,51312.04,1.51
4999,1684,471,2,946.91,39.7
5000,1684,500,3,38630.21,16.61
5001,1685,178,4,13656.97,2.63
5002,1685,392,2,3778.16,85.95
5003,1685,203,5,52806.65,2.35
5004,1685,169,1,58608.32,72.12
5005,1685,404,3,13322.4,20.11
5006,1686,391,2,12186.51,15.19
5007,1686,115,6,29883.6,4.03
5008,1686,289,5,50003.14,26.16
5009,1687,546,3,47450.54,87.71
5010,1687,292,2,56923.8,24.71
5011,1687,486,6,49028.83,16.92
5012,1688,183,6,43712.25,4.54
5013,1688,192,-1,18082.38,11.98
5014,1688,295,1,50225.97,9.65
5015,1688,349,3,33995.67,0.94
5016,1688,354,3,37234.75,93.35
5017,1689,181,2,43885.8,74.61
5018,1689,221,6,39295.82,28.27
5019,1689,243,5,39560.13,11.08
5020,1689,347,6,50575.95,22.39
5021,1690,180,3,21792.82,14.68
5022,1691,126,2,44311.57,44.49
5023,1692,503,2,21953.88,14.21
5024,1693,181,1,34790.68,55.32
5025,1693,128,5,27510.82,32.37
5026,1693,345,6,13023.51,20.07
5027,1694,86,3,43322.91,18.33
5028,1694,58,3,46746.82,12.91
5029,1694,359,-2,36007.94,54.94
5030,1694,286,6,43368.65,8.8
5031,1694,179,6,28936.59,22.22
5032,1695,141,1,22592.48,20.52
5033,1695,49,6,43995.81,85.53
5034,1695,451,4,33965.87,7.87
5035,1695,363,3,14270.73,90.52
5036,1696,328,4,42479.97,96.43
5037,1697,397,1,23651.5,23.55
5038,1697,129,6,58618.72,23.09
5039,1698,126,2,5429.12,11.97
5040,1698,334,2,3803.78,24.35
5041,1698,176,5,26323.21,8.73
5042,1699,330,-2,27905.92,33.69
5043,1699,278,6,58017.11,14.07
5044,1699,316,3,53329.63,24.65
5045,1700,103,1,12118.33,36.69
5046,1700,514,2,11891.49,73.46
5047,1700,216,4,48836.56,1.67
5048,1701,192,-3,43172.22,42.68
5049,1702,366,6,5004.5,51.29
5050,1702,20,4,51584.89,4.08
5051,1702,528,3,51952.23,7.79
5052,1702,370,2,938.61,7.8
5053,1703,447,3,46340.61,0.53
5054,1703,533,1,41215.27,51.36
5055,1703,291,1,13082.19,3.65
5056,1703,528,2,34945.36,14.3
5057,1703,216,5,35585.58,16.77
5058,1704,548,4,7801.67,0.08
5059,1705,76,-6,30733.84,12.93
5060,1705,477,4,19232.47,41.15
5061,1705,371,3,5281.82,51.83
5062,1705,468,2,6530.51,25.01
5063,1705,432,4,44992.93,14.68
5064,1706,212,1,46088.41,8.69
5065,1707,119,3,58287.43,20.29
5066,1707,246,4,47026.82,61.68
5067,1708,434,5,19297.24,12.72
5068,1708,379,3,12948.43,16.95
5069,1708,65,1,15184.78,12.4
5070,1708,96,5,44310.08,8.62
5071,1709,342,2,24194.87,9.33
5072,1709,25,5,38118.72,9.77
5073,1710,303,3,32376.86,84.73
5074,1710,439,4,58837.16,3.17
5075,1710,323,2,54339.22,28.18
5076,1711,287,2,20492.45,76.41
5077,1711,41,4,32773.16,9.7
5078,1711,360,4,55193.37,6.57
5079,1711,60,4,17660.01,2.35
5080,1712,89,6,48118.63,27.66
5081,1712,170,6,51848.78,42.39
5082,1712,348,4,8206.92,29.32
5083,1713,457,6,52614.26,18.95
5084,1713,432,2,14062.48,13.22
5085,1713,392,6,15429.78,1.0
5086,1713,376,6,41053.63,58.54
5087,1713,161,1,45738.75,29.59
5088,1714,13,2,54883.8,73.57
5089,1715,524,6,55178.59,20.62
5090,1715,188,2,54921.51,66.43
5091,1715,489,4,16958.12,10.79
5092,1716,274,5,59283.81,50.06
5093,1716,487,6,37191.18,13.96
5094,1716,521,5,6027.32,2.6
5095,1716,511,5,25062.52,18.36
5096,1716,479,4,54482.95,22.53
5097,1717,363,4,57733.34,85.66
5098,1717,99,5,58952.64,9.05
5099,1717,22,-1,11318.35,81.03
5100,1717,210,1,59762.71,27.48
5101,1717,137,3,16427.62,73.43
5102,1718,383,3,33814.82,14.29
5103,1718,98,1,59371.44,12.53
5104,1718,229,6,1913.53,97.46
5105,1718,222,6,9958.75,14.34
5106,1719,325,4,23966.01,75.11
5107,1719,211,4,22667.32,63.67
5108,1719,535,2,37898.19,2.05
5109,1720,233,6,39941.98,5.74
5110,1720,124,3,50112.98,17.58
5111,1720,353,3,55792.6,98.48
5112,1721,33,5,34660.97,4.77
5113,1722,180,3,40676.64,40.45
5114,1723,188,6,4749.69,63.35
5115,1723,250,3,53077.85,24.06
5116,1723,503,5,52280.15,84.5
5117,1724,481,1,6306.64,89.23
5118,1724,302,5,4946.34,8.69
5119,1724,145,4,59075.28,14.71
5120,1724,182,5,4902.63,68.74
5121,1725,399,6,38025.2,39.64
5122,1725,83,2,16653.48,29.67
5123,1725,430,3,31924.17,23.37
5124,1726,167,3,26968.51,88.43
5125,1726,220,4,4043.49,29.02
5126,1726,453,6,36342.55,37.97
5127,1726,524,6,39984.88,14.68
5128,1727,2,2,26369.39,23.25
5129,1728,314,4,50877.67,0.0
5130,1728,345,1,32751.41,22.64
5131,1728,188,4,58026.34,28.54
5132,1729,315,4,36172.95,17.84
5133,1729,90,2,8559.07,85.9
5134,1729,425,4,1635.46,14.11
5135,1729,312,3,44299.55,11.04
5136,1729,524,3,42339.89,26.6
5137,1730,5,3,25171.15,91.1
5138,1730,147,1,9090.75,46.05
5139,1731,265,1,25351.62,23.85
5140,1732,4,3,38847.37,2.94
5141,1732,288,5,57437.27,4.36
5142,1732,323,6,26359.75,98.0
5143,1733,515,4,3745.63,31.61
5144,1733,61,6,45497.78,62.9
5145,1734,246,5,14821.69,19.59
5146,1734,399,4,33279.55,71.97
5147,1734,490,4,47476.32,51.27
5148,1734,251,4,52246.02,16.16
5149,1734,230,4,44592.39,3.71
5150,1735,242,2,36257.61,94.2
5151,1735,492,3,35850.03,19.7
5152,1735,503,2,10672.93,23.4
5153,1735,239,6,32516.84,29.93
5154,1735,369,2,37907.55,8.82
5155,1736,461,4,44486.06,23.21
5156,1737,454,5,58999.44,65.21
5157,1737,235,4,25869.23,17.22
5158,1737,494,5,2076.76,48.59
5159,1737,78,1,9554.14,38.79
5160,1738,242,2,59036.87,14.94
5161,1739,359,3,6750.73,12.27
5162,1739,112,4,8559.74,40.02
5163,1739,541,3,11031.0,25.45
5164,1739,550,5,28600.4,39.67
5165,1740,331,5,42444.08,15.24
5166,1740,36,6,31527.78,0.25
5167,1740,12,5,35369.25,13.01
5168,1740,477,6,34149.76,29.28
5169,1740,144,6,59336.54,27.89
5170,1741,274,-5,30242.91,6.7
5171,1742,500,3,22964.02,56.53
5172,1742,384,1,29290.59,17.22
5173,1742,280,6,8630.94,69.76
5174,1742,232,3,22793.86,22.69
5175,1742,294,3,14292.87,14.78
5176,1743,140,4,44554.83,14.29
5177,1744,482,3,21564.87,11.32
5178,1744,448,5,7109.26,26.73
5179,1744,250,1,57398.87,34.2
5180,1744,40,1,24212.33,27.15
5181,1745,357,3,55647.21,6.57
5182,1746,161,3,20389.23,12.72
5183,1746,148,3,32211.38,8.39
5184,1746,265,1,48121.62,11.21
5185,1746,263,1,24181.38,6.26
5186,1746,327,1,4840.27,9.81
5187,1747,494,1,39591.92,17.93
5188,1748,14,4,12599.23,19.52
5189,1749,144,5,17547.03,15.07
5190,1750,66,4,58891.98,17.34
5191,1751,235,3,26504.24,15.58
5192,1751,544,5,53338.95,50.53
5193,1751,149,-2,38541.03,1.69
5194,1751,71,2,21614.51,86.44
5195,1751,283,5,44668.43,4.49
5196,1752,55,5,15880.32,2.04
5197,1752,269,3,1025.54,16.31
5198,1752,363,4,18540.32,77.08
5199,1752,541,4,56532.39,11.18
5200,1753,469,3,9275.21,78.59
5201,1753,314,6,22354.15,17.53
5202,1753,543,3,23541.09,1.05
5203,1753,484,1,53384.9,23.36
5204,1753,38,2,3252.85,37.5
5205,1754,444,3,50082.17,19.32
5206,1754,57,6,19856.76,17.23
5207,1754,369,4,58045.26,27.8
5208,1754,30,3,13622.53,56.7
5209,1755,43,6,46584.99,27.95
5210,1755,196,1,1711.7,27.2
5211,1755,334,3,54566.01,9.25
5212,1755,157,3,13749.89,7.43
5213,1755,85,6,7933.09,22.86
5214,1756,241,4,37980.89,23.48
5215,1756,497,-2,54383.97,2.93
5216,1757,379,4,46118.61,30.87
5217,1757,167,2,44294.61,44.3
5218,1757,256,6,21927.7,96.44
5219,1758,403,5,3072.28,55.62
5220,1758,424,6,52842.39,16.33
5221,1758,545,3,22410.79,27.39
5222,1758,35,3,41107.39,22.39
5223,1758,342,3,6481.47,28.84
5224,1759,281,5,6956.09,25.29
5225,1759,110,1,16338.88,26.66
5226,1759,289,6,15226.96,1.07
5227,1759,544,4,24960.05,39.55
5228,1760,550,6,46658.9,11.97
5229,1760,371,4,29827.26,18.13
5230,1760,298,3,2828.44,8.27
5231,1760,322,2,48146.33,42.79
5232,1761,391,3,18652.53,15.79
5233,1761,440,4,23157.14,51.67
5234,1762,224,2,39529.81,19.97
5235,1762,344,6,20795.92,10.93
5236,1762,62,4,9914.9,14.24
5237,1762,384,3,58684.01,5.74
5238,1763,180,5,44857.34,11.41
5239,1763,233,5,52076.43,26.43
5240,1764,535,3,7295.2,22.54
5241,1764,350,6,29785.15,44.74
5242,1764,536,4,51928.82,47.67
5243,1765,430,3,35427.25,1.67
5244,1765,107,1,14650.65,14.93
5245,1765,499,1,2351.08,33.37
5246,1765,356,1,56951.4,10.45
5247,1765,418,2,25976.23,25.11
5248,1766,437,1,2972.48,20.02
5249,1767,121,3,14802.18,10.49
5250,1767,312,-2,49158.0,9.56
5251,1767,314,4,6639.65,8.96
5252,1768,360,4,28562.7,15.53
5253,1769,91,2,37794.48,0.47
5254,1770,499,1,28967.15,95.71
5255,1771,105,1,51443.37,9.81
5256,1771,320,2,51462.85,3.63
5257,1771,368,4,23703.18,25.35
5258,1772,51,5,23018.89,15.88
5259,1772,548,4,58744.26,0.7
5260,1772,264,5,27394.92,31.17
5261,1772,248,4,20489.07,66.3
5262,1772,533,4,15776.79,3.73
5263,1773,49,2,1808.72,24.72
5264,1773,524,2,8408.69,5.5
5265,1773,86,2,13396.77,25.71
5266,1773,526,1,12531.7,11.58
5267,1773,491,1,2979.58,10.7
5268,1774,145,6,15684.55,96.53
5269,1774,169,3,57686.87,26.66
5270,1774,429,3,5883.33,10.4
5271,1775,445,6,3809.84,56.17
5272,1775,304,6,28076.42,21.02
5273,1775,149,1,41983.14,85.25
5274,1775,431,3,4224.81,2.67
5275,1775,61,2,25251.38,29.2
5276,1776,370,2,2624.68,75.25
5277,1776,296,5,10118.55,6.11
5278,1777,193,5,9421.01,48.26
5279,1777,327,4,35829.56,13.75
5280,1777,308,4,6217.84,23.31
5281,1777,377,5,37113.83,43.56
5282,1778,193,3,3587.84,0.33
5283,1778,439,2,4376.05,76.02
5284,1778,503,6,29631.47,19.23
5285,1778,418,6,10795.41,73.71
5286,1778,434,2,20214.16,22.74
5287,1779,296,5,31268.45,69.31
5288,1779,519,3,52068.88,62.33
5289,1779,540,2,41386.0,10.19
5290,1779,237,1,29462.21,8.6
5291,1780,431,6,33947.95,29.47
5292,1780,22,6,6210.19,77.95
5293,1780,443,4,1129.39,91.0
5294,1780,546,1,49173.24,89.02
5295,1781,215,3,5882.43,17.89
5296,1781,347,2,9282.17,25.94
5297,1782,130,2,24806.37,3.83
5298,1782,169,3,12254.46,10.08
5299,1782,420,1,7565.71,14.65
5300,1783,506,6,21241.85,6.24
5301,1783,513,4,11253.56,21.19
5302,1783,34,4,21384.33,61.08
5303,1783,81,1,43064.2,16.88
5304,1784,89,3,34097.57,20.03
5305,1784,36,5,17667.64,45.41
5306,1785,481,2,19850.96,98.74
5307,1785,448,5,37389.78,16.02
5308,1785,166,5,4790.18,0.37
5309,1785,391,6,29777.06,11.76
5310,1785,7,5,13117.76,3.25
5311,1786,127,1,57796.77,69.59
5312,1786,298,1,17415.46,11.31
5313,1786,472,3,23847.55,92.2
5314,1786,280,4,12341.55,47.35
5315,1786,399,2,48914.83,12.25
5316,1787,514,5,16188.1,38.52
5317,1787,444,1,40307.54,25.9
5318,1787,546,1,36983.6,6.2
5319,1787,378,5,44070.16,8.71
5320,1788,81,3,29766.66,27.97
5321,1788,19,6,39703.55,33.05
5322,1789,43,5,19971.3,6.11
5323,1789,339,2,15778.48,33.34
5324,1789,393,6,20802.43,27.99
5325,1789,463,4,8422.94,0.15
5326,1790,525,6,52139.19,24.85
5327,1790,111,5,7535.38,22.35
5328,1790,46,-3,47274.72,0.43
5329,1790,280,1,40502.57,8.18
5330,1790,49,2,41314.12,23.51
5331,1791,74,4,8225.86,20.68
5332,1791,188,6,51803.87,21.19
5333,1791,176,6,50850.28,2.62
5334,1792,465,3,16659.16,23.73
5335,1793,410,4,10697.99,16.44
5336,1793,541,5,9229.54,23.08
5337,1793,346,4,15653.65,76.7
5338,1793,191,1,29344.2,60.8
5339,1793,464,4,1016.88,7.41
5340,1794,326,5,28203.94,7.07
5341,1795,57,2,28490.05,1.54
5342,1795,139,6,45824.26,16.51
5343,1795,359,2,11978.91,13.84
5344,1795,209,6,13901.98,0.74
5345,1796,345,5,25001.25,7.54
5346,1796,392,1,54383.71,10.04
5347,1797,425,5,17511.72,23.69
5348,1798,162,6,5306.03,21.23
5349,1798,145,5,36932.15,19.26
5350,1798,423,6,41516.09,7.61
5351,1799,351,4,24116.26,27.21
5352,1799,201,2,44838.64,16.88
5353,1799,389,5,8226.79,32.51
5354,1799,443,2,30739.72,18.7
5355,1800,458,4,33031.89,6.64
5356,1800,217,2,36484.71,68.34
5357,1800,262,-3,26049.71,19.63
5358,1800,417,6,44311.12,28.09
5359,1800,364,2,58799.56,0.25
5360,1801,343,2,38100.23,19.52
5361,1801,15,5,6222.03,34.63
5362,1801,110,4,37749.27,92.86
5363,1801,410,3,55960.45,5.62
5364,1802,268,4,30629.25,14.43
5365,1802,321,4,18416.09,25.67
5366,1802,292,2,30877.95,0.14
5367,1802,208,1,12446.81,61.5
5368,1803,139,6,40010.69,18.09
5369,1803,97,4,51417.88,9.4
5370,1803,464,5,18560.89,12.67
5371,1803,2,1,44367.08,16.34
5372,1803,176,5,58483.56,2.92
5373,1804,528,4,42670.53,77.87
5374,1804,189,1,22883.73,93.56
5375,1804,162,5,52832.02,33.73
5376,1804,514,4,2853.78,10.05
5377,1805,434,-5,3385.31,23.11
5378,1806,495,2,28178.26,84.3
5379,1806,73,2,52408.72,28.79
5380,1806,81,6,19900.36,2.92
5381,1807,158,4,11900.4,7.28
5382,1807,37,6,13433.02,18.52
5383,1808,70,2,59513.67,22.89
5384,1808,109,4,14694.41,13.73
5385,1808,123,2,59476.9,43.76
5386,1809,161,2,46245.59,22.74
5387,1809,252,4,18344.94,23.89
5388,1809,401,4,16318.1,40.29
5389,1809,8,1,3968.71,29.21
5390,1809,301,5,48588.35,3.7
5391,1810,450,1,704.81,27.17
5392,1810,145,6,7266.46,8.42
5393,1810,52,6,45312.37,96.01
5394,1810,178,4,15026.1,62.56
5395,1810,527,1,45207.2,95.95
5396,1811,290,3,52412.05,24.77
5397,1812,171,6,55568.08,12.28
5398,1812,7,6,12864.89,12.25
5399,1812,146,2,3587.2,23.0
5400,1812,533,1,39321.51,3.98
5401,1812,288,5,29451.87,22.08
5402,1813,302,4,9608.28,21.88
5403,1813,79,5,43151.49,93.11
5404,1813,39,5,21060.37,7.03
5405,1813,249,4,59599.08,28.29
5406,1814,445,3,6472.74,68.46
5407,1814,421,5,54112.6,26.62
5408,1814,513,5,56400.12,25.77
5409,1815,124,5,7332.4,2.81
5410,1815,101,4,11560.1,7.5
5411,1815,377,3,35563.64,16.3
5412,1816,16,2,20262.14,8.16
5413,1816,100,4,23773.2,9.51
5414,1816,278,5,27843.5,16.64
5415,1816,50,3,30803.79,13.8
5416,1816,117,1,51240.52,95.44
5417,1817,315,6,44855.58,8.87
5418,1817,511,6,44548.31,23.26
5419,1818,32,2,9960.11,11.37
5420,1819,306,5,37781.26,24.93
5421,1820,240,3,34068.41,17.66
5422,1820,22,2,33801.06,57.96
5423,1820,281,1,55794.27,12.59
5424,1821,232,1,37145.52,8.66
5425,1821,253,6,1677.07,25.77
5426,1821,284,1,23286.87,11.63
5427,1821,369,6,44049.7,9.32
5428,1821,8,6,54709.11,29.22
5429,1822,535,5,53133.08,16.04
5430,1822,501,5,8467.25,7.63
5431,1822,130,3,22256.0,92.39
5432,1822,544,4,10350.67,23.42
5433,1822,317,4,39042.54,0.77
5434,1823,77,1,42079.79,2.05
5435,1823,418,-5,26388.97,11.71
5436,1823,8,5,14642.74,3.0
5437,1823,280,5,47222.31,25.27
5438,1823,302,5,43626.1,19.66
5439,1824,493,6,49634.96,24.95
5440,1824,41,3,20852.98,20.79
5441,1824,375,1,19000.09,45.76
5442,1825,470,1,56238.09,52.23
5443,1825,115,-6,20322.08,17.0
5444,1825,86,3,29482.93,5.57
5445,1826,187,3,4783.05,71.24
5446,1826,371,2,52318.03,18.84
5447,1826,348,6,2925.52,1.97
5448,1826,141,4,40183.97,22.21
5449,1827,11,2,8789.23,26.23
5450,1827,259,4,13092.01,3.72
5451,1828,67,6,54071.35,24.79
5452,1829,15,-3,14911.95,26.25
5453,1830,317,3,20414.72,0.04
5454,1830,17,3,29357.74,24.51
5455,1830,109,5,19561.84,68.22
5456,1831,8,4,4173.21,17.26
5457,1831,278,1,11654.86,26.43
5458,1831,401,5,11342.38,58.68
5459,1831,198,4,42058.32,44.51
5460,1832,69,2,42979.79,21.2
5461,1832,467,6,41367.31,10.73
5462,1832,469,3,37987.77,16.2
5463,1832,326,6,38228.22,13.83
5464,1833,168,1,47576.1,14.17
5465,1833,456,3,25854.41,84.26
5466,1833,484,5,44593.7,22.38
5467,1834,546,1,53240.07,57.7
5468,1834,395,5,26350.45,71.53
5469,1834,453,3,1414.88,83.63
5470,1834,529,6,51521.95,98.49
5471,1834,377,6,39858.65,28.07
5472,1835,18,2,32023.61,5.88
5473,1835,300,3,55626.63,41.06
5474,1835,400,2,13711.36,66.08
5475,1836,248,3,17873.3,50.0
5476,1837,183,6,2615.51,9.66
5477,1837,65,5,25173.68,24.07
5478,1838,59,5,34416.48,87.04
5479,1838,484,5,55665.44,23.76
5480,1839,286,-4,34498.7,75.24
5481,1839,407,2,21130.71,4.89
5482,1839,457,4,8066.39,99.55
5483,1839,430,6,8635.18,45.36
5484,1839,70,5,20671.5,80.41
5485,1840,305,3,50585.5,20.4
5486,1840,281,1,22524.88,4.69
5487,1840,76,3,48136.53,5.62
5488,1841,117,3,10814.51,6.36
5489,1841,462,-6,11713.67,74.43
5490,1842,402,1,13070.82,8.38
5491,1842,30,5,46587.03,46.55
5492,1842,468,4,25284.59,27.72
5493,1842,190,4,32762.92,18.62
5494,1843,301,5,25172.37,18.13
5495,1844,37,6,26289.06,33.88
5496,1844,499,6,22365.8,11.0
5497,1844,452,6,16694.57,7.26
5498,1844,368,4,7733.64,20.05
5499,1844,488,3,20817.73,52.14
5500,1845,335,1,28884.52,25.96
5501,1845,111,6,17150.45,19.95
5502,1846,308,5,43291.5,29.93
5503,1846,456,2,32259.22,29.94
5504,1846,418,2,52432.98,29.06
5505,1846,202,4,30380.43,11.46
5506,1847,179,6,39914.27,14.12
5507,1847,10,3,8740.06,20.92
5508,1847,339,4,31923.15,9.54
5509,1848,355,2,3914.45,20.3
5510,1849,534,6,38534.04,1.41
5511,1849,129,6,25867.13,9.45
5512,1850,260,4,48485.49,3.07
5513,1851,359,5,24945.48,99.57
5514,1852,379,4,44304.12,38.58
5515,1852,169,3,41327.94,18.03
5516,1852,189,6,27195.02,27.99
5517,1853,118,-2,48992.08,88.36
5518,1853,389,6,12937.34,5.02
5519,1853,245,2,16753.51,0.96
5520,1854,261,4,14871.3,6.5
5521,1854,454,5,53018.52,12.74
5522,1854,323,6,4070.82,19.04
5523,1854,341,4,48725.03,18.71
5524,1854,369,2,30826.61,27.15
5525,1855,529,3,45441.19,14.23
5526,1855,510,6,3294.6,91.48
5527,1855,212,4,31560.74,54.18
5528,1855,142,5,36153.67,93.0
5529,1855,465,1,28095.52,5.47
5530,1856,151,6,30171.99,16.99
5531,1856,436,5,59158.6,30.05
5532,1856,298,2,43699.52,23.9
5533,1856,416,6,34795.22,30.57
5534,1857,46,1,8680.01,95.76
5535,1857,529,1,5871.14,68.48
5536,1858,81,5,19549.88,21.45
5537,1858,216,6,59775.07,0.04
5538,1858,393,5,27176.16,2.32
5539,1859,48,2,57842.53,14.27
5540,1860,476,2,28115.4,53.19
5541,1860,522,4,38185.79,6.19
5542,1860,294,2,59064.38,19.92
5543,1861,264,6,53375.58,74.7
5544,1861,249,5,10523.93,26.56
5545,1861,458,3,36190.61,16.37
5546,1862,278,1,40852.98,4.48
5547,1862,211,3,30159.02,22.06
5548,1863,211,4,16107.37,77.56
5549,1863,22,3,39812.53,1.75
5550,1864,191,3,56977.1,60.25
5551,1864,308,4,13910.41,80.83
5552,1864,260,6,48044.83,6.33
5553,1864,352,6,17979.1,29.57
5554,1865,440,3,12902.17,1.26
5555,1865,237,-5,51427.78,10.35
5556,1865,287,6,22743.0,20.85
5557,1865,438,4,50322.69,2.13
5558,1865,542,2,11137.06,5.19
5559,1866,450,2,24909.52,23.29
5560,1866,167,6,57862.44,64.87
5561,1866,529,3,37267.86,20.5
5562,1866,32,1,24341.05,8.01
5563,1866,501,6,42702.25,14.35
5564,1867,342,1,59270.81,20.59
5565,1867,28,1,52333.74,98.81
5566,1867,177,3,45013.01,58.64
5567,1867,75,5,23070.52,15.87
5568,1867,80,5,25537.59,44.7
5569,1868,95,3,32238.76,46.58
5570,1869,103,2,47453.63,1.75
5571,1869,125,4,37812.25,13.86
5572,1869,499,4,11050.27,5.91
5573,1870,21,2,53992.63,39.39
5574,1870,245,2,27834.73,1.82
5575,1870,357,6,21033.34,8.26
5576,1870,55,1,56629.37,7.71
5577,1871,442,5,28061.86,27.97
5578,1871,307,6,24762.93,3.6
5579,1871,391,2,18370.27,93.45
5580,1872,113,2,57797.87,44.73
5581,1873,501,4,48722.56,18.04
5582,1873,100,3,56498.07,20.69
5583,1873,18,2,46845.58,19.27
5584,1874,215,3,7024.81,47.07
5585,1874,241,4,32386.2,24.44
5586,1875,44,6,2240.8,17.95
5587,1876,543,4,43930.7,22.56
5588,1877,221,3,23746.14,20.25
5589,1877,212,2,19269.9,19.0
5590,1877,309,6,38945.04,11.12
5591,1877,521,3,6000.88,3.29
5592,1877,88,2,33138.71,14.74
5593,1878,288,6,6413.61,54.17
5594,1878,282,2,42923.1,8.95
5595,1878,263,1,18591.25,4.83
5596,1878,398,4,59449.31,1.97
5597,1878,549,4,50474.08,1.14
5598,1879,433,3,2748.9,72.43
5599,1880,499,1,32086.77,4.95
5600,1880,85,6,18881.67,27.73
5601,1880,189,5,36887.57,69.52
5602,1880,485,3,26075.99,0.32
5603,1880,239,3,51845.09,81.99
5604,1881,192,3,18322.84,80.89
5605,1881,133,1,19374.36,20.73
5606,1881,90,2,15784.92,28.33
5607,1881,18,5,24542.95,15.48
5608,1881,493,4,28544.47,16.36
5609,1882,257,6,35528.53,27.98
5610,1882,325,6,1816.14,23.03
5611,1883,157,-1,48005.6,5.91
5612,1883,347,6,46648.11,62.64
5613,1883,352,2,17461.73,85.67
5614,1883,542,1,20944.46,98.1
5615,1883,247,5,5218.02,22.62
5616,1884,452,4,48626.05,23.5
5617,1884,168,3,35018.44,24.3
5618,1885,514,5,39762.68,97.42
5619,1885,81,4,7240.43,4.35
5620,1886,504,2,29936.54,75.69
5621,1887,109,5,31755.03,6.22
5622,1887,486,1,5504.58,83.35
5623,1887,68,6,43314.07,54.76
5624,1888,262,1,43625.8,25.04
5625,1889,166,4,56348.42,24.98
5626,1889,112,4,57039.3,7.55
5627,1889,364,6,52924.12,56.09
5628,1889,80,1,41328.02,24.86
5629,1889,154,2,56646.26,13.29
5630,1890,46,4,41288.93,20.92
5631,1890,107,5,51955.86,6.68
5632,1890,299,5,50584.77,42.21
5633,1890,528,5,38139.89,11.36
5634,1891,139,4,41042.1,11.55
5635,1892,162,6,47106.3,92.02
5636,1892,469,3,44026.82,59.71
5637,1892,464,4,19253.25,13.92
5638,1892,28,4,41542.77,18.8
5639,1892,515,1,27795.94,81.5
5640,1893,137,2,16814.81,20.74
5641,1893,197,6,26096.82,12.13
5642,1893,255,3,26860.73,16.34
5643,1893,487,3,24218.08,22.66
5644,1893,241,2,27648.58,6.3
5645,1894,255,-2,20002.97,20.41
5646,1895,172,6,56551.53,24.5
5647,1895,521,3,52251.22,18.55
5648,1895,538,2,31405.1,81.42
5649,1895,16,1,43941.91,24.98
5650,1895,169,6,43606.91,5.65
5651,1896,355,6,46398.48,7.87
5652,1897,318,5,29330.63,43.98
5653,1897,466,2,31753.02,58.57
5654,1897,4,2,25407.38,29.22
5655,1897,293,1,15111.63,4.24
5656,1898,467,5,9920.77,1.7
5657,1898,183,6,50845.59,85.3
5658,1898,273,4,3875.14,2.3
5659,1898,12,4,6760.89,33.36
5660,1899,163,5,40133.07,17.25
5661,1899,47,2,33359.76,0.97
5662,1899,488,1,18815.42,92.35
5663,1899,81,1,17792.3,14.47
5664,1899,529,6,5370.69,28.32
5665,1900,308,2,51576.77,10.21
5666,1900,336,5,47649.41,22.38
5667,1900,88,1,24698.74,69.03
5668,1901,205,6,24037.04,44.65
5669,1901,239,3,19601.99,9.51
5670,1901,525,-6,58958.79,36.59
5671,1901,422,4,1278.85,43.52
5672,1902,492,2,18605.39,27.4
5673,1902,498,3,26048.71,1.94
5674,1902,520,3,55050.8,20.06
5675,1902,102,2,44118.81,52.07
5676,1903,388,2,36102.89,73.18
5677,1904,101,4,2168.86,17.49
5678,1904,210,2,57219.52,8.41
5679,1904,149,2,15990.34,0.78
5680,1905,101,5,23053.2,56.65
5681,1905,163,6,39563.03,24.02
5682,1905,18,2,59804.87,55.24
5683,1905,372,3,47142.7,69.44
5684,1905,50,5,17655.38,3.24
5685,1906,217,2,6849.22,92.36
5686,1906,3,6,16168.39,49.39
5687,1906,28,1,24058.86,17.19
5688,1906,438,1,48603.23,14.06
5689,1906,178,2,56761.29,16.95
5690,1907,215,2,22463.14,16.76
5691,1907,371,5,43199.93,29.45
5692,1908,280,6,54656.66,25.37
5693,1909,458,4,31958.33,5.2
5694,1909,509,5,17484.49,16.1
5695,1909,93,1,22586.14,0.12
5696,1910,442,6,54382.22,7.57
5697,1910,292,4,59098.09,6.45
5698,1910,450,5,9597.81,29.36
5699,1910,237,2,46693.51,16.24
5700,1910,145,4,544.82,28.3
5701,1911,454,4,16458.02,34.42
5702,1912,307,3,34783.7,8.04
5703,1912,35,3,45312.08,37.42
5704,1912,396,5,22205.77,22.6
5705,1912,330,6,27029.04,80.91
5706,1912,187,4,32670.22,32.22
5707,1913,29,3,131.8,28.17
5708,1913,439,-2,11791.84,13.31
5709,1913,434,1,51966.73,14.28
5710,1913,183,3,35109.49,11.72
5711,1914,532,1,25556.16,5.13
5712,1914,244,5,30572.03,47.39
5713,1915,5,1,7849.57,11.5
5714,1915,514,6,35643.56,5.87
5715,1915,527,3,29517.74,4.96
5716,1915,187,2,46734.97,84.59
5717,1915,176,-5,18977.34,79.53
5718,1916,174,5,47898.1,25.13
5719,1916,491,5,34280.58,15.76
5720,1917,257,4,13998.73,8.99
5721,1917,217,-5,38963.03,0.96
5722,1917,173,2,32095.8,23.61
5723,1918,389,5,17691.81,51.01
5724,1919,379,3,11288.52,15.31
5725,1919,166,4,1390.0,18.7
5726,1919,52,4,17456.29,10.96
5727,1919,335,4,59545.18,7.04
5728,1919,120,3,30099.13,14.14
5729,1920,22,3,25621.79,68.96
5730,1920,109,3,41949.08,27.94
5731,1920,150,6,55273.57,14.71
5732,1921,320,6,53264.0,9.72
5733,1921,189,4,34933.38,26.09
5734,1921,348,4,28117.03,81.23
5735,1922,238,3,24156.61,34.93
5736,1923,118,2,759.19,63.13
5737,1923,482,3,57741.21,19.37
5738,1924,431,6,28030.09,6.43
5739,1924,254,3,54102.95,84.41
5740,1924,113,6,30063.46,18.35
5741,1924,279,5,6969.17,71.0
5742,1925,344,2,39285.98,16.46
5743,1925,121,3,13158.35,7.92
5744,1925,488,-6,5661.52,26.72
5745,1926,5,4,9961.14,27.14
5746,1927,394,3,34156.61,2.41
5747,1927,356,5,39414.43,57.93
5748,1928,339,3,14382.42,27.09
5749,1928,334,1,53903.83,60.24
5750,1928,67,3,35709.34,99.54
5751,1928,461,5,31518.29,2.08
5752,1928,116,1,19619.72,2.8
5753,1929,222,4,45523.44,38.48
5754,1929,193,1,50174.82,4.82
5755,1929,196,-3,33879.17,0.81
5756,1929,88,4,31001.95,44.74
5757,1929,408,1,26552.58,9.8
5758,1930,167,3,29977.52,10.62
5759,1930,27,3,11822.4,52.52
5760,1930,392,6,44002.13,88.44
5761,1931,262,5,8951.36,15.52
5762,1931,474,5,532.81,23.92
5763,1932,385,5,37727.89,49.05
5764,1932,245,5,44341.08,96.48
5765,1932,181,2,55073.1,2.55
5766,1932,61,6,37357.57,73.77
5767,1932,83,4,52973.51,16.37
5768,1933,515,3,26140.68,29.14
5769,1933,273,1,39541.35,97.88
5770,1933,319,5,24736.48,5.51
5771,1933,130,3,21068.75,98.47
5772,1934,362,5,36955.2,2.0
5773,1934,90,6,1780.29,28.71
5774,1934,401,3,38727.95,57.15
5775,1934,66,2,55424.92,10.95
5776,1934,261,3,54205.48,24.5
5777,1935,50,4,24198.8,15.17
5778,1935,469,3,10985.99,7.22
5779,1936,493,4,20895.26,3.07
5780,1936,506,2,45450.59,13.13
5781,1936,10,2,19705.06,18.72
5782,1937,50,1,25165.11,85.65
5783,1937,106,5,21551.69,0.04
5784,1937,143,4,57494.91,41.67
5785,1937,150,3,50288.41,79.3
5786,1937,471,4,20194.44,28.13
5787,1938,6,2,50884.38,27.21
5788,1938,85,1,51748.19,1.29
5789,1938,132,6,44079.58,45.32
5790,1938,219,5,59347.97,6.6
5791,1939,80,3,41854.61,85.01
5792,1940,472,2,46621.27,93.36
5793,1940,348,2,17332.57,34.46
5794,1941,425,1,11726.97,21.56
5795,1941,260,2,9742.88,29.46
5796,1941,373,6,2876.09,51.19
5797,1941,534,1,49435.9,10.03
5798,1941,479,4,48766.85,26.93
5799,1942,103,5,57763.31,8.71
5800,1942,183,6,34545.12,90.15
5801,1942,107,3,42577.2,26.48
5802,1943,398,2,50013.83,12.28
5803,1943,386,2,18373.7,97.15
5804,1943,155,6,37960.44,10.22
5805,1943,353,3,48630.08,5.18
5806,1944,49,2,58684.11,96.79
5807,1945,94,2,39757.92,79.94
5808,1945,413,6,5159.97,18.61
5809,1945,395,6,55078.71,31.67
5810,1945,319,5,45142.31,79.35
5811,1946,218,6,2943.28,20.95
5812,1946,57,1,5696.59,25.05
5813,1946,432,2,4759.8,3.44
5814,1946,483,6,23602.42,33.15
5815,1946,440,6,18749.26,38.71
5816,1947,548,1,50527.59,47.22
5817,1947,411,6,27616.56,15.88
5818,1947,355,5,44295.5,34.05
5819,1947,92,2,16144.73,26.01
5820,1948,504,4,43533.99,13.88
5821,1949,323,5,33292.33,42.37
5822,1949,320,1,39405.32,68.37
5823,1949,219,3,34959.75,26.13
5824,1949,361,1,24431.97,7.96
5825,1950,124,2,16067.43,57.3
5826,1950,162,3,47363.03,9.06
5827,1950,149,3,47131.27,61.93
5828,1950,168,6,58241.35,26.25
5829,1951,377,4,44601.99,13.25
5830,1952,492,1,47379.07,23.43
5831,1953,133,1,8025.11,10.55
5832,1953,452,3,55437.53,4.42
5833,1953,413,3,46718.91,13.24
5834,1953,289,1,47658.95,25.82
5835,1953,407,2,37250.49,16.85
5836,1954,219,4,9737.91,10.31
5837,1954,262,2,49022.34,65.93
5838,1955,195,6,55097.56,44.24
5839,1955,162,5,31980.02,10.19
5840,1955,530,3,30615.1,68.47
5841,1955,86,3,27690.32,11.86
5842,1955,523,6,4376.78,21.19
5843,1956,166,2,49709.28,9.15
5844,1956,474,3,49552.87,70.95
5845,1956,182,3,27198.26,3.5
5846,1956,318,3,45000.57,26.16
5847,1957,291,1,8622.58,61.71
5848,1957,342,6,38858.04,16.8
5849,1957,4,2,58316.88,26.28
5850,1958,58,5,1525.67,4.56
5851,1958,533,2,2470.98,27.68
5852,1959,512,4,46976.13,24.6
5853,1960,544,4,26957.16,93.03
5854,1960,207,-6,56708.5,14.63
5855,1960,163,3,17688.74,5.56
5856,1960,169,6,21067.29,11.53
5857,1961,223,3,11415.28,33.81
5858,1962,204,4,13436.91,47.56
5859,1962,443,3,17976.7,62.98
5860,1962,265,3,11090.35,72.71
5861,1963,506,3,58843.21,39.66
5862,1963,185,6,54386.76,16.55
5863,1963,20,3,21172.33,38.75
5864,1964,292,2,3321.54,98.53
5865,1964,377,5,34735.81,95.19
5866,1964,15,2,49598.62,16.77
5867,1964,362,6,52601.67,15.85
5868,1964,536,1,37982.5,76.88
5869,1965,543,3,44082.16,17.47
5870,1965,353,2,25572.31,26.04
5871,1966,443,2,1169.9,14.9
5872,1967,143,6,38273.35,18.32
5873,1967,30,5,47209.08,13.28
5874,1967,47,5,36165.91,22.03
5875,1968,86,5,20949.53,22.23
5876,1968,49,3,49472.0,13.41
5877,1968,269,3,18568.01,14.98
5878,1968,521,1,40825.01,27.22
5879,1968,379,5,48906.73,25.41
5880,1969,332,6,36631.56,4.01
5881,1970,205,4,34980.95,11.94
5882,1971,289,6,786.87,29.33
5883,1971,15,5,46490.8,9.14
5884,1971,316,3,48641.92,95.45
5885,1971,490,5,28089.38,11.4
5886,1971,414,4,26062.16,44.46
5887,1972,385,2,6169.63,39.71
5888,1972,452,6,6900.62,24.15
5889,1972,352,3,22354.43,9.32
5890,1972,430,4,31377.0,54.76
5891,1973,417,6,10479.95,12.26
5892,1973,254,-1,39515.66,16.7
5893,1973,280,2,47118.32,23.19
5894,1974,79,1,2822.21,45.34
5895,1974,55,3,42046.1,31.33
5896,1974,87,4,5878.82,24.34
5897,1975,194,1,4157.53,80.37
5898,1975,513,5,51364.88,0.26
5899,1976,511,1,27734.43,10.89
5900,1977,198,2,10789.99,46.18
5901,1977,420,2,52688.44,24.72
5902,1977,296,6,24400.87,3.95
5903,1978,496,6,27600.85,75.39
5904,1979,119,6,1625.35,28.26
5905,1979,536,2,58441.98,8.3
5906,1980,451,1,34217.66,20.65
5907,1980,369,5,19398.44,17.86
5908,1981,142,5,215.39,13.52
5909,1982,430,6,58175.63,8.28
5910,1982,136,3,52535.12,24.23
5911,1983,57,3,14142.77,18.17
5912,1983,271,4,1171.93,0.63
5913,1983,294,5,51860.45,51.76
5914,1983,467,1,1075.19,5.17
5915,1984,550,6,8421.3,31.41
5916,1984,9,3,36616.18,95.26
5917,1984,432,1,32901.18,2.09
5918,1984,494,3,49174.85,27.15
5919,1985,234,4,18367.7,7.14
5920,1985,171,4,30993.47,28.02
5921,1986,261,5,35732.58,20.08
5922,1987,220,2,56372.24,75.43
5923,1987,197,4,35063.77,1.36
5924,1988,522,4,56207.5,7.2
5925,1989,457,6,51340.94,26.0
5926,1989,326,6,18185.02,4.63
5927,1990,53,3,54497.17,19.11
5928,1991,270,6,41005.83,0.96
5929,1991,261,4,51594.55,5.22
5930,1991,170,2,26333.05,22.23
5931,1991,180,6,54285.86,1.57
5932,1992,253,1,27331.82,43.47
5933,1993,495,5,54298.36,21.82
5934,1993,373,6,50445.04,33.24
5935,1993,520,2,29979.14,28.99
5936,1993,365,2,43429.68,17.76
5937,1994,58,5,40774.75,22.86
5938,1994,335,5,56352.81,3.59
5939,1994,448,6,2730.59,12.02
5940,1995,37,2,8056.59,12.8
5941,1995,362,4,53887.62,1.63
5942,1995,163,4,41629.62,1.91
5943,1996,329,4,17727.73,11.19
5944,1996,339,4,18289.54,69.17
5945,1996,341,5,33862.88,70.93
5946,1996,401,1,29343.23,26.89
5947,1997,54,5,13224.76,0.06
5948,1997,241,1,13538.92,53.34
5949,1997,19,1,42440.79,0.55
5950,1997,170,2,11727.75,6.89
5951,1997,294,1,22213.71,82.69
5952,1998,452,1,42701.34,69.44
5953,1998,226,3,30940.11,27.26
5954,1999,111,2,38564.42,83.36
5955,1999,511,5,35467.15,7.06
5956,1999,374,6,50649.2,87.42
5957,1999,474,1,25231.02,95.13
5958,1999,234,4,54647.74,23.05
5959,2000,66,4,38977.06,28.47
5960,2000,397,6,52411.19,82.54
5961,2000,70,5,32787.92,10.58
5962,2000,264,3,26477.05,9.69
5963,2000,403,4,44218.93,22.41
5964,2001,507,2,1088.36,73.17
5965,2001,139,2,54388.89,11.46
5966,2001,346,3,10165.11,21.89
5967,2001,516,6,4235.54,26.64
5968,2001,309,3,23227.33,7.02
5969,2002,428,4,47698.0,13.95
5970,2002,474,4,34352.73,12.22
5971,2003,194,6,54393.8,75.96
5972,2003,309,1,47564.37,69.07
5973,2003,404,5,46899.46,14.69
5974,2004,298,5,29900.49,11.69
5975,2004,411,1,45392.36,27.42
5976,2004,163,5,5214.93,3.2
5977,2004,129,6,14263.7,29.76
5978,2005,161,1,29131.63,6.23
5979,2005,419,2,3487.36,18.73
5980,2005,209,2,9090.3,26.22
5981,2005,489,6,22212.24,10.5
5982,2005,257,3,54739.72,13.31
5983,2006,179,6,27636.79,13.67
5984,2006,298,1,23576.97,56.85
5985,2006,290,5,7627.49,77.18
5986,2006,449,1,25801.38,26.06
5987,2007,464,1,7941.65,18.15
5988,2007,385,2,32721.86,23.14
5989,2008,30,2,56560.2,6.52
5990,2008,72,6,6787.91,2.25
5991,2008,182,2,23387.54,32.46
5992,2008,513,6,12066.68,13.05
5993,2008,79,5,17507.47,5.5
5994,2009,189,2,41859.21,26.54
5995,2009,513,2,58817.41,15.01
5996,2009,261,6,17568.65,11.92
5997,2009,29,4,47938.87,6.19
5998,2009,102,2,29462.63,7.99
5999,2010,222,4,53442.54,24.07
6000,2010,487,5,44232.95,59.55
6001,2010,359,4,36920.6,2.99
6002,2010,83,3,4190.24,50.88
6003,2010,219,3,44983.77,78.94
6004,2011,94,3,32420.14,10.41
6005,2011,269,5,41671.19,87.91
6006,2011,41,1,21878.33,45.28
6007,2012,486,6,19320.83,17.47
6008,2012,169,5,43100.46,15.65
6009,2012,143,2,10207.65,28.54
6010,2012,348,5,55762.99,7.42
6011,2012,484,1,19100.16,25.14
6012,2013,481,5,40051.37,16.91
6013,2013,451,4,4921.42,0.45
6014,2013,153,4,45310.94,8.97
6015,2013,244,5,50179.3,13.77
6016,2014,140,4,999.45,28.57
6017,2014,174,6,18292.04,71.78
6018,2014,115,5,56642.61,33.29
6019,2014,512,6,44872.72,30.08
6020,2015,184,3,2133.34,83.74
6021,2015,130,2,54168.48,48.76
6022,2015,230,3,59517.08,5.68
6023,2016,249,1,39700.76,7.89
6024,2016,48,3,6384.0,19.15
6025,2016,359,4,55763.35,96.84
6026,2016,260,5,15839.38,92.43
6027,2016,402,1,15131.81,29.2
6028,2017,184,4,31701.33,18.16
6029,2018,344,2,35467.7,29.83
6030,2018,518,5,25608.71,19.05
6031,2018,328,5,4775.17,28.73
6032,2019,457,2,38462.91,22.94
6033,2019,293,3,17181.99,20.45
6034,2019,311,1,31302.87,10.26
6035,2019,487,3,30500.31,54.03
6036,2019,199,3,17086.28,6.95
6037,2020,478,3,57594.09,9.65
6038,2020,374,3,27291.18,27.91
6039,2021,393,4,37475.99,16.19
6040,2021,166,3,59226.66,0.8
6041,2021,400,5,23942.94,12.67
6042,2022,419,6,18613.07,25.86
6043,2022,41,2,19803.79,6.32
6044,2022,410,5,48142.14,8.89
6045,2023,255,3,41178.62,28.08
6046,2023,159,6,578.26,11.81
6047,2023,367,4,15595.48,27.48
6048,2023,293,1,1374.07,53.69
6049,2023,524,-1,1273.12,22.43
6050,2024,420,5,49517.27,9.25
6051,2024,93,5,34862.85,97.29
6052,2024,478,2,41717.47,10.37
6053,2024,14,2,36573.93,76.45
6054,2025,64,2,34476.45,20.13
6055,2025,88,2,59205.95,4.69
6056,2025,158,4,35581.3,22.36
6057,2026,385,2,36401.63,6.38
6058,2027,113,6,45093.8,1.33
6059,2028,473,1,17831.51,11.26
6060,2028,301,5,44627.59,54.76
6061,2028,316,2,8008.51,11.53
6062,2028,406,3,13653.01,11.32
6063,2029,502,3,1886.25,19.12
6064,2030,357,4,43996.32,11.54
6065,2030,108,6,11301.94,18.29
6066,2030,306,4,52697.04,3.92
6067,2030,110,5,9645.81,20.87
6068,2031,221,6,1106.02,65.77
6069,2031,369,6,48559.76,67.67
6070,2031,376,6,7838.37,90.09
6071,2031,365,5,56631.22,57.24
6072,2032,279,3,37450.79,25.62
6073,2032,500,6,34099.12,14.78
6074,2032,60,-1,2350.75,15.13
6075,2033,2,6,1428.15,13.14
6076,2033,463,2,6049.46,1.02
6077,2033,75,4,36564.22,8.09
6078,2033,253,1,33118.74,17.53
6079,2034,444,2,37078.11,19.3
6080,2034,530,3,5768.22,34.72
6081,2034,393,4,36073.4,21.65
6082,2035,34,3,38802.83,24.03
6083,2035,477,5,59471.03,5.64
6084,2035,10,5,34589.3,26.56
6085,2035,390,1,21924.51,30.42
6086,2036,24,2,41257.17,3.89
6087,2036,41,2,21780.42,15.76
6088,2036,314,6,33554.25,81.9
6089,2036,534,2,20304.32,23.53
6090,2037,543,2,40841.08,95.08
6091,2037,216,1,53757.14,12.72
6092,2037,467,3,56948.58,5.62
6093,2038,335,1,29750.08,24.42
6094,2038,303,1,1274.8,6.49
6095,2038,88,1,2689.34,24.53
6096,2038,323,5,14560.42,66.36
6097,2038,170,4,3385.12,14.42
6098,2039,516,3,40272.69,35.15
6099,2039,299,4,31401.97,10.99
6100,2039,540,4,53177.55,14.15
6101,2039,402,2,20542.48,21.02
6102,2040,134,3,8343.28,84.76
6103,2040,418,1,3575.27,10.66
6104,2040,452,2,6228.47,54.75
6105,2041,295,2,43897.01,19.94
6106,2042,511,2,17464.72,38.33
6107,2042,461,2,45288.91,27.6
6108,2042,226,3,12324.59,6.0
6109,2042,124,3,58968.47,6.53
6110,2043,328,2,48251.1,9.0
6111,2043,550,6,51400.69,17.6
6112,2043,365,1,38243.02,14.68
6113,2043,522,-6,14766.14,15.31
6114,2044,541,6,41660.6,19.13
6115,2044,106,2,31488.62,12.25
6116,2044,275,4,37481.29,0.71
6117,2045,81,3,2697.76,24.2
6118,2045,102,6,33787.94,22.66
6119,2045,356,4,5275.01,18.25
6120,2045,362,1,44065.82,3.78
6121,2046,9,5,7100.88,5.06
6122,2046,82,3,23481.79,87.64
6123,2046,191,1,24286.46,14.44
6124,2046,425,-5,16013.24,15.22
6125,2047,129,1,173.57,24.73
6126,2047,69,4,2026.8,14.22
6127,2047,305,2,57011.52,83.18
6128,2047,459,1,14481.59,98.17
6129,2048,521,4,57313.47,97.07
6130,2048,63,1,46530.71,5.74
6131,2048,333,6,59143.81,81.3
6132,2049,538,6,53307.87,0.48
6133,2050,507,5,12633.36,31.95
6134,2051,371,5,58349.52,29.23
6135,2051,195,-4,55851.52,5.79
6136,2051,112,1,39112.2,27.97
6137,2052,7,3,29019.35,25.08
6138,2052,461,4,37833.25,40.9
6139,2052,422,6,5380.16,27.14
6140,2053,289,4,46884.52,13.22
6141,2053,9,5,43791.72,99.19
6142,2054,338,1,9780.78,29.38
6143,2054,549,-6,5838.54,12.71
6144,2054,309,4,7677.1,59.06
6145,2055,261,1,35366.09,14.66
6146,2055,278,6,43980.77,75.82
6147,2055,360,5,25011.45,8.86
6148,2056,106,2,52535.15,29.93
6149,2056,20,2,27665.85,21.08
6150,2056,532,3,27429.88,29.57
6151,2056,263,4,57974.23,19.52
6152,2057,170,3,52108.32,2.63
6153,2057,166,2,26812.13,19.19
6154,2058,198,2,29579.86,92.78
6155,2059,348,5,52798.93,21.85
6156,2060,167,1,53312.54,29.37
6157,2060,187,1,18392.74,6.44
6158,2061,137,2,32745.17,16.59
6159,2061,49,3,50622.04,3.29
6160,2061,193,1,18900.96,7.2
6161,2062,413,4,38431.53,87.14
6162,2062,387,5,37406.65,7.09
6163,2063,492,3,43572.49,16.16
6164,2063,329,4,11474.39,17.45
6165,2063,117,2,5415.6,15.76
6166,2063,226,4,57022.13,7.32
6167,2063,318,3,30777.71,8.17
6168,2064,266,5,36374.9,0.17
6169,2064,116,3,15623.34,2.12
6170,2064,389,6,15713.22,87.13
6171,2065,277,3,10971.82,14.47
6172,2065,506,6,43164.96,26.74
6173,2065,407,4,13616.15,51.35
6174,2066,375,5,18188.49,12.66
6175,2066,424,3,41573.75,70.5
6176,2066,169,2,35676.04,14.61
6177,2067,351,5,24556.34,10.92
6178,2068,86,2,17982.03,38.19
6179,2068,172,5,34928.82,6.14
6180,2068,280,5,40367.5,3.03
6181,2068,224,3,13501.18,6.4
6182,2069,164,2,44039.64,20.65
6183,2069,49,5,41420.62,7.91
6184,2069,532,4,26266.17,13.51
6185,2070,4,1,58542.3,7.6
6186,2070,469,1,59111.5,60.28
6187,2071,517,6,41222.61,10.29
6188,2072,474,1,35019.61,17.57
6189,2072,275,3,41926.26,9.55
6190,2072,22,1,54916.82,39.05
6191,2072,360,3,53650.76,29.66
6192,2072,279,1,50096.89,9.87
6193,2073,224,6,27228.09,90.87
6194,2073,472,5,7083.11,64.6
6195,2073,31,5,15387.55,75.78
6196,2073,119,2,21590.3,17.09
6197,2073,51,6,38418.84,12.01
6198,2074,103,1,572.01,13.27
6199,2074,343,1,40591.74,57.81
6200,2075,19,6,50086.4,74.56
6201,2075,219,5,51150.49,15.03
6202,2075,330,5,29165.31,19.88
6203,2075,286,5,25178.6,28.53
6204,2076,78,2,34212.21,60.23
6205,2076,180,6,30035.35,4.39
6206,2076,83,2,8440.3,96.37
6207,2077,391,1,57228.27,26.53
6208,2077,92,4,19287.39,84.44
6209,2078,520,4,54984.29,28.92
6210,2078,287,6,34166.16,11.79
6211,2079,287,6,43375.29,80.61
6212,2079,527,5,55087.92,29.39
6213,2079,251,4,20043.05,9.21
6214,2079,525,4,47952.58,1.24
6215,2080,78,-6,47100.0,20.64
6216,2080,214,4,37979.63,26.37
6217,2080,129,3,52058.27,22.2
6218,2080,388,4,27020.24,20.24
6219,2081,82,3,32715.44,28.68
6220,2081,479,1,2454.68,10.14
6221,2081,75,3,26102.82,38.55
6222,2081,444,2,58523.53,22.66
6223,2082,147,2,3581.25,75.54
6224,2082,144,1,29575.97,29.02
6225,2083,191,4,54935.39,23.17
6226,2083,32,3,50027.51,27.95
6227,2083,310,2,37825.15,10.41
6228,2083,457,1,36060.96,20.4
6229,2083,221,2,53290.89,20.91
6230,2084,293,3,52952.03,19.86
6231,2085,51,5,55519.73,22.59
6232,2085,484,2,11858.46,17.39
6233,2085,304,6,14448.53,23.19
6234,2086,230,6,56385.63,24.92
6235,2086,90,4,44856.25,5.96
6236,2086,245,6,18020.63,8.52
6237,2086,15,6,36389.1,26.66
6238,2086,20,4,40210.08,10.77
6239,2087,77,1,57344.89,19.84
6240,2088,189,2,37263.51,17.38
6241,2088,169,3,31405.16,19.33
6242,2089,43,1,33616.65,20.65
6243,2089,66,1,13857.46,4.25
6244,2090,308,1,53423.92,12.36
6245,2090,451,5,12286.71,8.08
6246,2090,532,2,29196.91,59.81
6247,2090,243,3,29806.16,26.29
6248,2091,45,5,11469.62,6.58
6249,2091,160,4,35870.5,29.22
6250,2091,221,2,26733.67,24.3
6251,2091,134,2,54026.36,74.74
6252,2092,309,3,36454.64,10.64
6253,2092,148,4,25485.44,8.45
6254,2093,480,4,50052.11,18.33
6255,2094,481,4,26331.62,95.71
6256,2095,21,2,29595.29,16.38
6257,2095,309,1,5699.93,9.26
6258,2096,30,5,9087.76,19.06
6259,2097,49,3,28777.15,25.35
6260,2097,397,3,19267.04,79.41
6261,2098,527,1,16530.67,11.2
6262,2098,27,1,38628.51,10.03
6263,2098,44,1,54998.39,3.77
6264,2098,318,1,28814.14,26.69
6265,2098,427,4,49331.77,12.69
6266,2099,165,6,15333.95,23.07
6267,2099,170,2,39161.66,20.5
6268,2100,62,2,28648.69,23.87
6269,2101,326,2,51535.44,17.39
6270,2101,143,3,44523.74,11.1
6271,2102,521,5,30499.91,3.57
6272,2103,390,1,20567.38,80.86
6273,2104,115,3,39892.73,8.59
6274,2104,516,4,43431.61,23.06
6275,2104,155,3,13097.7,19.99
6276,2105,84,3,59133.49,0.32
6277,2105,513,4,9204.76,16.06
6278,2105,122,1,35832.46,18.37
6279,2106,258,2,48878.61,26.15
6280,2106,246,6,44492.36,10.09
6281,2106,454,5,39495.23,26.74
6282,2106,201,1,1180.52,70.67
6283,2106,244,4,40483.78,20.88
6284,2107,379,6,19585.09,20.5
6285,2107,67,5,26142.6,1.34
6286,2107,218,6,43764.25,15.19
6287,2107,189,2,431.86,23.65
6288,2108,62,1,26532.97,83.24
6289,2108,103,6,12254.45,35.94
6290,2108,32,6,51002.25,25.91
6291,2108,226,3,29709.37,81.72
6292,2109,385,1,38498.45,13.47
6293,2109,103,5,50365.57,53.97
6294,2109,190,5,2394.37,14.54
6295,2109,163,4,16115.19,15.92
6296,2109,262,4,38739.56,15.5
6297,2110,140,1,56235.14,83.4
6298,2110,235,4,6721.85,13.95
6299,2110,355,5,17887.39,23.25
6300,2111,293,6,11295.92,12.48
6301,2111,503,6,37097.89,4.52
6302,2111,480,3,4923.01,11.0
6303,2112,6,6,765.38,62.35
6304,2112,258,5,54260.94,15.35
6305,2112,364,2,31038.28,22.05
6306,2112,194,6,57109.98,26.32
6307,2113,147,-5,58820.86,10.63
6308,2114,228,5,7058.14,49.16
6309,2115,480,1,54386.26,30.57
6310,2115,448,6,14133.21,21.33
6311,2115,173,3,38088.48,10.1
6312,2116,22,2,31741.66,2.92
6313,2116,528,4,56857.58,17.44
6314,2116,152,3,32169.3,14.72
6315,2117,497,3,20986.64,53.4
6316,2117,125,4,49027.61,91.19
6317,2118,455,2,45882.59,14.44
6318,2118,182,3,14420.05,14.31
6319,2118,54,6,9682.72,54.96
6320,2118,215,5,22065.72,4.96
6321,2118,171,6,7329.13,15.13
6322,2119,550,6,5665.4,51.62
6323,2119,25,6,13603.33,25.1
6324,2119,334,5,34435.34,14.92
6325,2120,547,6,56838.73,20.19
6326,2121,304,4,4394.38,40.91
6327,2121,40,2,15711.93,72.38
6328,2122,61,6,17518.39,27.04
6329,2122,173,1,38832.02,13.63
6330,2122,330,1,3485.41,7.55
6331,2122,356,2,39741.1,26.49
6332,2123,440,6,6394.32,59.34
6333,2123,425,5,55228.61,13.43
6334,2123,370,3,16581.69,25.7
6335,2123,140,5,36285.99,0.53
6336,2123,546,4,58989.08,20.69
6337,2124,426,2,56880.06,5.42
6338,2124,296,3,3276.91,86.4
6339,2125,337,2,53112.81,11.78
6340,2125,544,2,3076.84,20.64
6341,2125,212,4,15925.67,20.01
6342,2125,22,4,19611.68,40.0
6343,2125,264,5,2866.12,15.23
6344,2126,287,3,36821.67,11.73
6345,2126,4,4,36005.87,21.9
6346,2126,217,6,20224.29,80.03
6347,2126,209,6,9058.3,4.01
6348,2127,466,4,3784.6,6.53
6349,2127,84,1,26412.48,14.24
6350,2127,539,6,27509.72,13.44
6351,2127,162,3,48699.19,48.65
6352,2128,25,3,13508.41,21.94
6353,2128,287,4,56843.16,20.88
6354,2129,472,2,16466.31,19.76
6355,2129,409,1,13324.99,46.57
6356,2130,178,5,12352.74,25.91
6357,2130,213,2,4547.78,13.61
6358,2130,222,1,8604.15,25.82
6359,2130,79,5,13270.59,3.51
6360,2130,486,1,41165.74,18.74
6361,2131,307,4,48353.95,62.02
6362,2131,308,4,15736.46,22.89
6363,2132,168,4,54472.43,18.29
6364,2132,240,1,34449.28,17.09
6365,2132,409,5,23058.6,26.46
6366,2132,102,6,27230.79,18.71
6367,2132,398,4,22391.72,12.09
6368,2133,464,3,15484.33,8.27
6369,2134,523,5,5953.69,27.48
6370,2134,237,5,367.79,19.26
6371,2135,13,6,55013.81,41.42
6372,2135,510,1,15732.2,16.57
6373,2135,495,1,55385.44,17.09
6374,2135,515,2,17721.56,8.34
6375,2135,550,6,5639.93,10.78
6376,2136,408,3,48880.03,21.84
6377,2136,420,5,45272.92,98.56
6378,2136,188,6,15977.51,21.36
6379,2136,414,2,53416.98,40.52
6380,2137,375,3,12660.16,55.29
6381,2137,459,3,40777.34,26.36
6382,2137,456,1,55712.91,15.44
6383,2138,137,2,24829.77,24.67
6384,2138,444,4,36291.1,21.05
6385,2138,275,4,29458.01,3.44
6386,2138,398,-1,4843.38,14.13
6387,2138,336,4,40146.16,16.02
6388,2139,256,6,18546.55,51.16
6389,2140,255,3,1873.32,16.52
6390,2140,352,3,39311.87,19.0
6391,2141,152,6,1488.97,99.99
6392,2142,259,1,11432.74,10.0
6393,2143,164,1,23429.95,18.4
6394,2143,338,2,50900.8,0.78
6395,2143,321,5,10687.59,92.77
6396,2144,380,6,11576.65,8.6
6397,2144,503,2,24379.75,81.17
6398,2144,157,5,22035.13,18.66
6399,2144,61,4,39570.78,0.64
6400,2145,117,1,34751.81,19.71
6401,2145,132,2,15308.94,18.43
6402,2145,229,4,53973.09,9.42
6403,2145,484,1,6119.93,13.82
6404,2145,74,4,2327.22,67.13
6405,2146,341,2,15177.17,83.7
6406,2146,78,4,3324.53,27.06
6407,2146,520,6,29667.94,51.38
6408,2146,350,1,5514.98,24.38
6409,2147,428,6,47129.98,22.97
6410,2147,320,2,55913.09,96.92
6411,2148,397,2,29202.03,22.9
6412,2148,374,2,3909.86,64.48
6413,2148,385,4,51503.14,5.07
6414,2148,179,3,37721.41,88.26
6415,2148,195,1,11474.02,27.98
6416,2149,119,5,15236.03,20.87
6417,2149,470,4,27800.84,32.75
6418,2150,39,3,31290.68,85.58
6419,2150,41,2,16334.23,83.65
6420,2151,338,2,43132.38,85.39
6421,2151,270,6,48257.38,27.85
6422,2151,120,5,45245.21,61.33
6423,2151,233,2,9184.31,22.45
6424,2152,32,2,30904.32,14.89
6425,2152,260,5,2189.24,45.75
6426,2152,330,3,8379.47,11.68
6427,2152,43,4,59751.26,10.08
6428,2153,393,1,9349.99,5.89
6429,2153,512,6,32134.15,12.58
6430,2153,248,3,58609.16,4.0
6431,2153,123,1,56072.74,26.81
6432,2153,389,3,9560.17,3.56
6433,2154,340,3,23499.15,20.55
6434,2154,218,5,6362.77,11.34
6435,2154,81,2,37950.22,15.59
6436,2154,408,1,51082.17,20.11
6437,2154,113,6,27112.85,20.67
6438,2155,297,5,15747.25,10.08
6439,2155,364,5,57034.94,23.21
6440,2155,45,1,3113.03,78.42
6441,2156,528,3,23796.85,38.82
6442,2156,541,1,22010.74,34.54
6443,2156,296,6,58557.61,18.52
6444,2156,312,2,47730.39,14.96
6445,2157,546,5,19850.12,96.97
6446,2158,212,4,27949.66,14.11
6447,2158,208,4,21269.79,3.03
6448,2159,460,2,13299.14,70.28
6449,2159,107,5,30605.13,64.5
6450,2160,312,1,29224.7,9.72
6451,2161,91,6,50137.81,65.14
6452,2162,527,2,45412.99,0.55
6453,2162,359,6,49935.08,0.35
6454,2162,16,1,28973.36,25.38
6455,2163,238,6,56997.88,44.69
6456,2163,16,4,18528.6,17.8
6457,2163,343,6,641.45,2.05
6458,2163,98,2,33389.86,28.89
6459,2164,318,4,20293.26,2.54
6460,2164,205,-5,14405.5,15.87
6461,2165,550,4,17678.24,29.01
6462,2165,436,5,12154.56,76.36
6463,2165,439,2,17005.53,12.19
6464,2165,469,3,53048.19,19.79
6465,2166,538,4,48788.76,30.43
6466,2167,528,4,3504.99,4.91
6467,2168,133,4,46847.35,96.9
6468,2168,273,4,20097.62,80.96
6469,2169,244,3,37491.44,12.96
6470,2169,145,6,58471.76,20.33
6471,2170,219,2,53025.56,4.94
6472,2170,153,2,14892.59,94.82
6473,2170,256,4,24233.73,8.66
6474,2170,504,1,35350.52,27.34
6475,2171,380,6,37096.46,5.04
6476,2171,28,1,53110.35,2.84
6477,2171,376,3,37755.08,22.56
6478,2172,348,2,23576.48,44.24
6479,2172,49,4,18053.73,29.73
6480,2173,112,6,18974.56,7.03
6481,2173,296,4,24292.39,87.87
6482,2173,150,1,18404.03,26.8
6483,2174,366,6,50438.96,14.42
6484,2175,215,4,36235.56,47.24
6485,2175,474,4,11207.64,5.29
6486,2175,291,3,30646.17,2.16
6487,2175,490,5,38461.95,29.04
6488,2175,386,1,44190.86,97.52
6489,2176,287,4,36058.35,99.06
6490,2176,473,5,18766.72,12.21
6491,2177,125,1,17728.45,42.54
6492,2177,182,2,47491.58,15.1
6493,2177,470,3,1908.98,8.28
6494,2177,356,1,23292.04,18.47
6495,2177,412,6,41942.82,22.17
6496,2178,72,3,21354.37,2.63
6497,2178,187,4,52838.44,76.63
6498,2178,27,1,56753.51,13.85
6499,2179,155,6,22879.42,0.91
6500,2180,250,4,19930.01,13.76
6501,2180,74,2,51774.33,93.11
6502,2180,214,2,1246.23,79.98
6503,2181,225,3,2976.72,1.72
6504,2181,363,3,44822.62,21.98
6505,2181,373,6,24504.87,51.35
6506,2181,142,5,9467.54,57.92
6507,2182,88,2,22541.76,5.06
6508,2182,345,1,44963.97,19.93
6509,2182,540,1,32383.87,21.02
6510,2182,524,5,5713.42,18.18
6511,2182,253,3,51630.34,25.58
6512,2183,114,4,44448.42,24.13
6513,2183,375,2,22733.35,25.45
6514,2183,265,3,11883.55,8.46
6515,2183,193,1,38613.71,28.29
6516,2184,275,1,56014.61,64.52
6517,2184,350,4,35815.63,67.18
6518,2184,406,3,29654.07,0.82
6519,2184,445,6,28313.39,20.28
6520,2184,67,5,5846.17,22.47
6521,2185,233,5,9051.02,21.92
6522,2185,18,6,57705.15,0.38
6523,2185,464,5,25697.93,17.54
6524,2185,300,4,47727.31,3.17
6525,2186,381,5,41593.38,5.86
6526,2186,401,5,17820.69,22.63
6527,2186,322,-5,23566.63,3.19
6528,2187,383,3,48749.22,23.85
6529,2187,478,2,4031.1,21.51
6530,2187,363,5,59395.96,15.88
6531,2188,435,-6,59343.46,25.7
6532,2188,86,4,24222.08,2.71
6533,2188,193,6,37207.51,14.98
6534,2189,462,3,24570.89,14.99
6535,2189,403,5,4903.17,10.69
6536,2189,536,2,34898.69,63.36
6537,2189,475,6,46355.77,3.4
6538,2189,393,4,57042.03,8.49
6539,2190,60,2,35340.74,24.4
6540,2190,423,2,24977.35,27.7
6541,2190,52,2,27350.73,20.9
6542,2191,220,2,12557.7,1.95
6543,2191,180,4,10541.82,58.16
6544,2192,130,1,28416.28,13.46
6545,2193,470,5,18173.15,24.17
6546,2193,124,1,37157.33,6.34
6547,2193,380,6,44918.43,35.68
6548,2193,433,1,22973.38,48.75
6549,2194,360,-1,38430.47,10.42
6550,2195,340,1,19734.24,19.61
6551,2195,206,4,48045.47,4.5
6552,2196,54,4,20853.09,27.07
6553,2196,19,6,38537.96,13.55
6554,2197,85,5,250.21,28.36
6555,2198,388,6,28086.63,2.03
6556,2199,29,5,38556.95,66.19
6557,2199,288,6,33526.29,18.32
6558,2199,440,2,57342.77,4.41
6559,2199,428,1,41818.46,29.39
6560,2200,374,6,32794.46,24.95
6561,2200,3,4,42179.74,95.98
6562,2200,99,1,51832.18,4.18
6563,2200,417,2,42575.09,87.35
6564,2201,242,3,4402.06,0.63
6565,2201,267,6,33555.29,44.39
6566,2201,497,1,28158.16,9.07
6567,2201,199,2,17178.66,97.1
6568,2202,386,1,36064.2,22.25
6569,2202,440,2,10916.44,11.45
6570,2202,395,6,35277.31,2.46
6571,2203,138,4,48322.45,29.21
6572,2203,105,4,40168.08,26.18
6573,2204,78,5,55803.4,1.85
6574,2204,118,3,5342.23,14.1
6575,2204,230,2,5038.95,0.29
6576,2205,34,5,3778.86,47.81
6577,2205,90,1,33036.64,10.53
6578,2206,504,2,55439.45,20.98
6579,2206,191,5,3371.18,17.01
6580,2206,282,5,37741.41,18.13
6581,2206,111,5,52537.31,85.7
6582,2207,410,4,54322.15,17.21
6583,2208,132,1,29492.45,67.53
6584,2208,138,5,33149.29,16.82
6585,2209,346,2,4554.68,48.26
6586,2209,122,3,44185.21,2.31
6587,2209,302,2,38344.22,3.42
6588,2210,526,1,13515.21,9.21
6589,2210,3,2,15981.74,26.66
6590,2210,539,6,27910.09,12.92
6591,2210,507,5,34868.69,2.57
6592,2211,491,-5,15780.76,17.28
6593,2211,161,6,45403.38,2.16
6594,2212,449,2,39000.7,5.12
6595,2213,74,4,28555.11,1.6
6596,2213,393,2,4847.73,12.53
6597,2213,501,-1,12468.04,25.03
6598,2213,95,1,57857.68,9.12
6599,2214,126,5,53913.8,23.46
6600,2214,244,2,40671.44,15.48
6601,2215,236,4,4872.43,4.28
6602,2215,55,5,49004.65,27.89
6603,2216,216,6,8528.19,46.9
6604,2217,517,6,48822.23,18.5
6605,2217,24,3,27688.23,1.03
6606,2217,8,4,22158.32,84.21
6607,2217,15,5,4031.78,9.68
6608,2218,70,6,38955.9,67.26
6609,2218,232,3,7374.65,7.58
6610,2218,126,2,12390.28,17.52
6611,2219,519,5,9218.71,13.31
6612,2219,372,1,39897.75,32.51
6613,2219,340,1,50123.4,26.01
6614,2219,66,5,40485.89,1.11
6615,2219,10,6,8170.34,7.53
6616,2220,511,5,27051.78,6.74
6617,2220,339,2,28347.22,84.37
6618,2220,242,-1,55240.24,23.79
6619,2220,524,2,36492.84,23.69
6620,2221,292,1,41575.7,26.15
6621,2221,432,6,40524.6,61.59
6622,2221,207,6,29660.41,27.12
6623,2222,119,5,14400.89,69.47
6624,2222,386,4,48186.27,3.44
6625,2222,296,6,31103.98,29.97
6626,2223,328,3,50613.67,3.58
6627,2223,166,2,42915.94,24.04
6628,2224,204,3,32054.94,6.11
6629,2224,26,6,12588.38,27.83
6630,2224,542,6,21742.73,29.17
6631,2224,491,2,4243.93,12.25
6632,2225,382,2,34060.86,12.33
6633,2225,275,5,31037.95,92.87
6634,2225,202,4,9556.7,23.0
6635,2225,137,5,51383.23,16.46
6636,2225,251,3,50761.58,21.73
6637,2226,324,3,47405.03,4.87
6638,2226,427,-3,12270.33,43.26
6639,2226,289,5,44496.55,27.91
6640,2226,364,-3,23644.16,17.75
6641,2227,154,2,23873.51,86.83
6642,2227,349,5,5972.73,16.23
6643,2227,222,2,11468.7,5.67
6644,2228,169,1,48637.07,18.81
6645,2229,459,5,7473.13,2.29
6646,2229,169,4,6571.17,28.27
6647,2229,208,6,45368.96,12.94
6648,2230,61,5,57932.65,2.26
6649,2230,424,3,38680.03,7.24
6650,2230,341,1,7344.57,9.06
6651,2231,301,2,31630.1,85.73
6652,2231,66,2,13886.73,25.45
6653,2231,398,-6,48822.93,33.56
6654,2231,230,6,29919.38,4.01
6655,2232,121,5,32121.01,2.74
6656,2233,76,4,1156.75,15.63
6657,2233,21,3,52048.84,20.03
6658,2233,159,6,8521.28,6.51
6659,2234,262,5,16028.46,64.32
6660,2234,470,3,9419.72,40.29
6661,2234,462,2,50880.61,21.96
6662,2234,414,1,43738.53,9.91
6663,2234,528,6,52901.49,99.75
6664,2235,375,6,2898.36,12.57
6665,2235,254,5,48244.92,0.36
6666,2236,112,1,20702.97,66.38
6667,2237,105,3,25024.59,7.09
6668,2237,549,1,37937.43,7.07
6669,2237,507,6,45951.47,11.02
6670,2237,300,3,57636.83,10.55
6671,2237,101,3,10004.72,53.54
6672,2238,470,1,29268.87,27.06
6673,2238,415,-5,56991.63,19.39
6674,2238,397,4,13663.55,11.06
6675,2239,99,1,57222.88,24.09
6676,2239,380,3,33169.44,36.89
6677,2239,305,6,51532.38,22.33
6678,2240,479,1,17574.67,8.19
6679,2240,474,6,10806.75,29.37
6680,2240,370,6,1634.97,17.81
6681,2240,378,3,5984.75,13.77
6682,2240,439,2,18103.51,18.74
6683,2241,141,4,28530.59,66.94
6684,2241,305,2,9028.14,70.29
6685,2241,87,2,6063.47,73.55
6686,2241,369,5,15318.06,27.3
6687,2241,475,5,44670.34,10.9
6688,2242,329,3,48539.62,73.69
6689,2242,547,5,18963.92,29.15
6690,2243,56,2,14193.48,15.38
6691,2243,296,5,43863.86,7.89
6692,2243,246,1,17974.81,10.88
6693,2243,505,6,52014.12,19.21
6694,2244,340,3,57432.32,0.03
6695,2244,498,4,20451.48,27.16
6696,2244,50,1,53830.76,5.43
6697,2244,104,5,14412.05,86.64
6698,2245,486,1,21310.52,16.45
6699,2245,421,3,5956.46,8.29
6700,2245,515,1,21807.58,49.04
6701,2246,128,3,55137.71,24.03
6702,2247,439,4,18018.92,10.26
6703,2247,251,1,17955.09,1.24
6704,2248,399,3,18451.73,0.62
6705,2248,27,4,26277.62,9.3
6706,2248,405,1,51972.48,32.32
6707,2249,195,3,11604.44,24.16
6708,2249,41,2,59251.45,6.35
6709,2249,268,6,4557.11,12.44
6710,2249,368,6,2537.46,14.14
6711,2250,27,1,41509.6,27.71
6712,2250,35,1,25037.16,42.99
6713,2250,457,6,55863.38,28.14
6714,2250,512,4,35884.79,89.88
6715,2250,529,1,29473.77,18.19
6716,2251,111,3,18362.58,6.91
6717,2252,530,6,52554.51,31.66
6718,2252,534,2,10758.37,51.72
6719,2252,272,1,20241.52,93.62
6720,2252,490,5,24851.27,1.06
6721,2253,231,-2,54779.33,11.39
6722,2253,37,5,51739.13,11.05
6723,2254,520,3,21871.85,9.52
6724,2254,364,5,42273.24,25.45
6725,2255,94,4,18410.13,14.32
6726,2255,309,-6,15505.28,2.69
6727,2255,164,1,3296.16,19.33
6728,2255,396,4,37113.6,32.16
6729,2256,489,3,9090.01,21.48
6730,2256,265,4,35092.2,36.27
6731,2256,539,2,59488.43,11.55
6732,2256,368,2,57318.54,30.74
6733,2256,415,5,37097.12,83.11
6734,2257,26,2,1428.82,24.11
6735,2258,474,4,8057.73,11.11
6736,2258,385,4,17821.15,12.93
6737,2258,29,5,17293.6,97.28
6738,2258,399,2,29229.69,29.94
6739,2259,80,1,53203.32,14.19
6740,2259,263,6,57347.18,43.25
6741,2260,448,1,31544.78,58.82
6742,2261,78,6,27140.12,2.6
6743,2261,157,3,47388.91,46.56
6744,2261,394,2,2853.24,14.3
6745,2261,242,2,30886.64,25.23
6746,2261,544,5,44992.1,8.77
6747,2262,237,2,17743.38,25.75
6748,2262,285,4,34102.68,8.31
6749,2262,314,1,22402.91,21.58
6750,2262,400,6,21132.02,10.66
6751,2263,546,6,24765.49,65.72
6752,2263,74,2,14306.49,7.15
6753,2263,168,6,42647.75,72.01
6754,2263,201,5,17241.6,6.27
6755,2263,436,4,39578.61,83.32
6756,2264,220,2,3325.75,1.7
6757,2265,300,1,56923.81,13.15
6758,2266,352,6,56321.1,6.95
6759,2266,281,6,4124.27,98.42
6760,2266,384,5,22195.31,28.75
6761,2267,76,3,40402.19,43.86
6762,2267,431,5,9334.85,13.03
6763,2267,401,1,5673.4,27.34
6764,2268,178,5,47722.74,9.92
6765,2268,129,1,42400.18,38.44
6766,2269,101,3,1771.18,22.47
6767,2269,16,6,911.92,8.2
6768,2269,342,-2,58980.45,18.48
6769,2270,39,6,35503.09,12.78
6770,2271,82,1,39846.08,15.58
6771,2271,232,1,54506.35,27.92
6772,2271,104,1,29211.26,9.62
6773,2271,108,4,34559.91,12.91
6774,2271,512,5,7183.02,5.34
6775,2272,377,6,28139.63,6.04
6776,2272,150,3,17378.15,19.99
6777,2273,409,5,33497.82,54.32
6778,2274,83,4,46147.27,25.32
6779,2275,205,5,7092.26,89.54
6780,2275,279,4,27535.66,95.21
6781,2275,524,5,1554.77,98.77
6782,2275,57,2,17304.93,38.5
6783,2276,392,4,13270.01,19.03
6784,2276,353,3,2821.65,29.37
6785,2277,68,6,37845.08,22.12
6786,2277,150,4,32208.77,5.67
6787,2277,173,2,54141.96,11.77
6788,2278,282,1,52476.79,22.12
6789,2279,148,5,42689.89,42.58
6790,2279,165,1,43483.62,10.79
6791,2279,155,2,7852.0,23.92
6792,2279,358,1,27833.81,26.42
6793,2280,373,5,57798.49,32.36
6794,2281,484,3,49578.58,28.45
6795,2281,262,6,338.61,24.61
6796,2282,267,3,41377.21,17.52
6797,2282,529,2,37244.32,58.43
6798,2282,126,1,56847.15,13.56
6799,2282,453,5,56367.21,75.51
6800,2282,53,4,10079.39,28.12
6801,2283,173,5,26476.14,6.91
6802,2283,219,6,44678.17,29.54
6803,2283,454,3,2761.33,18.62
6804,2283,500,2,5769.02,29.9
6805,2283,3,4,15914.8,58.87
6806,2284,270,1,30944.01,86.26
6807,2284,151,1,3732.39,5.64
6808,2284,509,4,49394.12,19.27
6809,2285,339,6,20781.54,23.72
6810,2286,506,6,32722.34,15.55
6811,2286,367,5,57600.73,55.16
6812,2287,427,5,10326.43,53.72
6813,2287,450,3,20148.26,27.87
6814,2287,265,4,41823.15,21.01
6815,2288,300,5,48084.66,29.03
6816,2288,143,4,5183.55,34.5
6817,2288,397,1,40138.6,4.71
6818,2288,371,6,51009.93,55.46
6819,2289,420,1,10798.12,58.45
6820,2290,167,4,28191.45,4.69
6821,2290,419,4,47045.39,3.48
6822,2290,186,5,15486.2,35.73
6823,2290,95,-3,20707.83,15.93
6824,2291,293,6,10455.9,99.91
6825,2291,152,4,8336.66,6.26
6826,2291,404,5,34207.21,91.44
6827,2291,127,3,8612.92,28.17
6828,2292,363,5,40052.93,6.0
6829,2292,487,6,37654.27,95.22
6830,2292,76,1,27866.78,2.33
6831,2293,448,3,49570.54,5.73
6832,2293,390,5,50940.72,46.23
6833,2294,272,3,25023.55,19.96
6834,2294,147,5,49878.41,44.51
6835,2295,432,6,3068.75,85.03
6836,2296,369,2,47223.36,21.42
6837,2296,167,3,24553.68,60.35
6838,2296,270,1,2617.6,73.21
6839,2296,121,1,14536.23,14.82
6840,2296,273,6,42774.72,17.93
6841,2297,415,4,39629.22,11.9
6842,2297,472,4,57856.5,6.59
6843,2297,365,6,23640.75,29.57
6844,2298,13,3,9768.27,21.05
6845,2298,218,6,42134.32,8.51
6846,2298,171,3,8079.03,9.51
6847,2299,291,5,18991.76,25.1
6848,2300,515,4,45839.95,1.72
6849,2300,103,5,32262.11,41.27
6850,2300,197,2,34641.77,32.08
6851,2301,222,4,58115.88,1.77
6852,2301,262,2,16415.92,3.37
6853,2301,94,4,2338.26,18.23
6854,2301,18,3,43710.44,1.31
6855,2301,51,6,35183.67,19.12
6856,2302,149,6,21656.61,10.7
6857,2303,378,1,20350.5,6.5
6858,2303,178,1,5267.0,23.01
6859,2303,275,2,2749.37,69.39
6860,2303,72,2,23875.02,8.03
6861,2303,450,6,7354.92,24.7
6862,2304,347,1,56900.07,98.59
6863,2304,76,5,10746.46,49.36
6864,2304,320,-4,7414.68,83.27
6865,2304,124,3,51903.25,62.71
6866,2305,407,6,7121.94,24.26
6867,2305,473,1,53863.1,19.79
6868,2305,230,6,22836.48,82.82
6869,2305,91,1,55332.57,29.19
6870,2305,204,1,35589.16,7.74
6871,2306,3,6,7954.12,98.54
6872,2306,79,3,16954.82,11.17
6873,2306,299,5,54460.62,29.62
6874,2306,430,1,51034.14,23.56
6875,2307,439,1,21073.56,20.21
6876,2307,282,4,23252.66,10.08
6877,2308,268,5,44787.86,25.76
6878,2308,523,4,12003.54,10.21
6879,2308,245,5,227.53,47.93
6880,2309,43,4,33980.73,20.18
6881,2309,64,3,47723.4,40.38
6882,2310,101,5,44942.15,11.9
6883,2310,219,2,27587.29,2.31
6884,2311,186,1,50877.31,82.49
6885,2312,233,2,59140.17,22.36
6886,2312,266,2,32002.37,23.05
6887,2313,377,1,39497.55,46.03
6888,2313,392,1,32623.57,33.72
6889,2313,15,5,9592.26,23.82
6890,2313,301,3,17109.98,89.03
6891,2314,416,5,12995.17,17.72
6892,2315,399,4,52343.27,70.35
6893,2315,28,2,36014.05,14.11
6894,2316,483,4,42614.39,19.21
6895,2316,286,1,50348.91,15.13
6896,2316,364,4,11060.11,17.91
6897,2316,263,3,6926.3,18.18
6898,2316,369,4,58265.87,83.42
6899,2317,472,1,43646.28,28.55
6900,2317,508,1,35282.55,72.36
6901,2318,305,2,7249.87,8.5
6902,2318,318,3,46427.51,13.42
6903,2318,457,-6,10692.99,68.38
6904,2318,483,4,38987.4,85.59
6905,2319,529,6,44026.14,29.19
6906,2319,265,6,50784.73,32.6
6907,2320,180,5,36510.17,16.12
6908,2321,314,4,44646.28,12.41
6909,2321,316,5,46625.59,45.87
6910,2321,455,6,51816.8,19.68
6911,2321,384,2,22669.54,3.33
6912,2322,8,3,46854.33,27.82
6913,2322,225,6,59191.78,9.93
6914,2323,443,3,21794.49,5.21
6915,2323,187,3,47426.48,20.0
6916,2323,271,5,58044.58,10.74
6917,2323,384,2,36722.23,1.0
6918,2323,154,3,47614.21,56.03
6919,2324,322,2,19351.96,15.06
6920,2324,292,4,50423.6,17.33
6921,2324,140,2,39445.24,16.9
6922,2325,245,-4,37949.34,4.38
6923,2325,255,-1,4549.13,97.51
6924,2325,375,6,59459.32,14.31
6925,2325,242,4,35765.25,83.04
6926,2326,424,6,50857.77,23.88
6927,2326,130,6,29859.65,1.53
6928,2326,73,-6,24887.73,85.86
6929,2326,357,4,3328.81,51.14
6930,2327,468,3,15544.88,10.01
6931,2328,545,6,19986.83,18.64
6932,2329,481,4,25096.94,87.76
6933,2329,400,-1,22483.69,23.88
6934,2329,127,2,27113.02,11.19
6935,2329,457,4,35336.78,20.78
6936,2329,161,4,1004.17,0.61
6937,2330,51,1,41560.12,2.15
6938,2330,438,2,13801.82,41.8
6939,2330,274,1,50799.24,5.47
6940,2330,265,3,47485.91,16.8
6941,2331,56,3,6959.84,26.81
6942,2331,117,6,35711.33,7.46
6943,2332,332,2,58801.24,32.74
6944,2332,127,1,33075.6,20.62
6945,2332,361,4,54259.32,14.65
6946,2332,131,4,28105.38,16.82
6947,2333,394,1,55780.96,1.8
6948,2334,297,1,10761.93,0.66
6949,2334,29,6,39599.17,1.22
6950,2334,364,-5,12208.26,16.95
6951,2334,98,2,6165.27,14.64
6952,2335,444,6,9389.77,2.41
6953,2335,112,2,4827.45,24.71
6954,2335,360,1,43947.48,26.19
6955,2336,379,4,12358.61,19.5
6956,2336,225,5,30086.05,2.69
6957,2336,336,4,59594.56,75.54
6958,2336,179,5,16502.62,60.71
6959,2337,83,4,35425.92,10.37
6960,2337,384,6,44869.36,24.56
6961,2338,262,3,49864.39,59.61
6962,2338,223,6,48358.63,7.02
6963,2338,6,4,28510.22,23.53
6964,2338,475,6,19858.45,19.61
6965,2338,317,6,33413.93,7.51
6966,2339,520,2,50121.1,0.95
6967,2340,100,6,13220.1,3.38
6968,2341,292,-4,39312.98,69.8
6969,2342,262,6,24415.82,97.32
6970,2342,324,6,40849.44,95.82
6971,2342,236,-1,16424.75,20.38
6972,2343,412,5,8052.23,10.7
6973,2343,363,3,10440.13,0.33
6974,2344,8,5,32575.46,29.22
6975,2345,432,2,26773.38,50.71
6976,2345,306,3,25833.96,21.75
6977,2345,110,2,45348.46,10.65
6978,2345,316,5,43361.77,14.77
6979,2346,475,6,35492.86,21.67
6980,2346,427,2,28350.06,9.74
6981,2347,327,4,19172.34,6.58
6982,2347,198,3,18889.76,10.41
6983,2348,303,5,39892.46,27.68
6984,2349,485,5,56183.69,29.18
6985,2349,138,1,30341.9,93.19
6986,2349,233,1,51329.99,0.96
6987,2349,470,6,34717.37,31.81
6988,2350,47,2,54545.28,21.48
6989,2350,258,4,15049.56,26.64
6990,2350,148,5,1903.2,14.58
6991,2350,378,1,38090.6,75.25
6992,2351,131,4,9435.49,25.25
6993,2351,215,4,23128.0,15.67
6994,2351,30,6,13808.28,56.38
6995,2351,370,1,16006.17,32.46
6996,2352,298,6,42971.0,29.92
6997,2352,404,5,56251.46,18.25
6998,2352,4,2,4311.94,82.78
6999,2353,194,3,5787.58,29.87
7000,2353,33,3,31966.31,25.18
7001,2354,15,4,1585.15,20.55
7002,2354,291,6,53932.95,6.47
7003,2354,320,4,43000.31,23.04
7004,2355,98,1,13214.61,7.72
7005,2355,499,4,7588.74,90.97
7006,2355,57,4,40414.84,87.21
7007,2356,27,2,40032.37,49.79
7008,2356,549,5,30173.88,4.22
7009,2356,334,2,28694.55,96.16
7010,2356,429,5,26736.1,4.55
7011,2356,7,5,59594.16,44.5
7012,2357,323,1,19552.11,52.92
7013,2357,535,5,16334.9,29.12
7014,2357,447,4,26256.88,25.31
7015,2358,114,4,36209.2,4.25
7016,2358,147,1,30842.0,19.98
7017,2359,518,1,46329.45,65.23
7018,2359,247,3,27809.96,13.41
7019,2359,486,3,42087.55,6.26
7020,2359,144,5,13764.3,9.11
7021,2360,394,3,23518.31,33.31
7022,2360,148,6,36184.71,0.23
7023,2361,83,1,25768.81,83.93
7024,2361,512,1,41216.99,1.95
7025,2361,390,3,51441.55,2.75
7026,2361,170,5,8996.06,12.93
7027,2361,289,2,59454.22,8.97
7028,2362,79,5,28826.9,5.69
7029,2363,476,6,38804.36,6.56
7030,2363,309,2,39633.18,26.25
7031,2364,82,6,9418.12,23.71
7032,2364,134,5,48317.24,6.2
7033,2364,320,1,2431.19,15.97
7034,2364,65,5,36164.38,10.76
7035,2364,336,4,44582.79,13.07
7036,2365,106,3,28777.76,10.13
7037,2365,23,3,11662.97,58.44
7038,2365,316,6,58797.51,28.04
7039,2366,261,3,57515.13,7.67
7040,2366,328,2,20533.29,2.13
7041,2366,370,1,45167.46,4.44
7042,2366,160,3,25927.43,21.11
7043,2366,139,2,12892.17,9.95
7044,2367,111,1,42002.21,28.26
7045,2367,80,6,49868.36,20.65
7046,2368,524,2,7569.88,86.89
7047,2369,156,1,31041.89,57.24
7048,2369,79,2,3024.94,17.1
7049,2370,212,5,3886.96,19.48
7050,2370,48,1,36481.35,24.35
7051,2371,166,1,49380.7,16.86
7052,2372,519,2,19136.1,24.23
7053,2372,122,5,59057.99,94.26
7054,2372,123,5,601.3,15.74
7055,2372,273,4,57077.58,15.01
7056,2373,418,3,15749.91,19.96
7057,2373,507,3,31825.72,21.65
7058,2373,53,3,1792.46,23.42
7059,2373,183,2,28360.72,17.3
7060,2374,382,6,35012.41,30.12
7061,2374,262,4,33050.11,6.21
7062,2374,149,4,40420.47,10.08
7063,2374,157,5,45901.37,67.71
7064,2375,280,1,50110.44,7.56
7065,2376,284,4,49029.85,19.56
7066,2376,333,2,11484.54,68.24
7067,2376,248,1,4314.75,10.78
7068,2377,387,6,22452.21,28.03
7069,2377,418,1,36435.34,10.51
7070,2377,89,1,2690.92,25.68
7071,2377,299,1,10088.51,64.05
7072,2377,314,5,22683.12,33.47
7073,2378,178,1,18123.65,1.86
7074,2378,183,6,30897.94,16.01
7075,2378,371,6,23754.67,15.99
7076,2379,292,4,57153.48,6.41
7077,2379,331,4,40787.48,27.34
7078,2379,451,5,56591.3,19.45
7079,2379,324,1,21375.28,25.82
7080,2380,477,4,26311.49,6.45
7081,2381,7,3,47387.71,97.45
7082,2381,468,2,48945.57,8.73
7083,2381,55,2,58904.84,4.02
7084,2382,296,5,21435.22,0.61
7085,2382,433,2,7540.67,3.67
7086,2382,230,6,19259.82,11.43
7087,2382,99,2,5116.28,28.7
7088,2383,345,4,2016.11,4.03
7089,2383,481,6,5508.57,26.24
7090,2383,486,2,24017.37,1.39
7091,2383,527,5,17040.24,21.5
7092,2383,289,6,33028.54,50.31
7093,2384,475,6,54107.45,3.1
7094,2384,82,2,35437.24,22.2
7095,2385,144,2,15862.36,44.67
7096,2385,479,1,41577.95,19.1
7097,2385,425,2,16876.78,25.13
7098,2385,225,3,6751.52,29.37
7099,2385,277,4,15921.12,13.66
7100,2386,127,4,14941.45,15.38
7101,2386,27,6,6537.09,93.72
7102,2387,225,2,35537.26,21.04
7103,2387,450,1,6269.44,10.09
7104,2388,547,3,14688.47,26.46
7105,2388,424,1,7743.02,13.55
7106,2388,86,3,43208.65,1.12
7107,2388,222,1,4163.48,95.08
7108,2388,405,6,29228.85,15.54
7109,2389,418,6,39604.97,44.22
7110,2389,5,2,34015.85,92.35
7111,2389,71,6,23377.83,26.04
7112,2389,416,6,29685.21,1.25
7113,2390,499,6,34629.15,28.4
7114,2390,547,6,4312.87,90.51
7115,2390,188,2,7905.3,74.32
7116,2390,17,1,47435.29,96.68
7117,2390,512,4,23775.91,25.22
7118,2391,422,2,54923.87,36.55
7119,2391,198,6,44221.64,24.9
7120,2391,183,3,33391.3,0.35
7121,2392,340,3,1804.09,17.11
7122,2392,269,2,47900.47,45.28
7123,2392,491,1,51884.5,8.53
7124,2393,527,2,36491.8,26.0
7125,2393,62,1,47665.68,23.1
7126,2393,126,3,31781.38,7.01
7127,2393,252,4,56387.23,15.1
7128,2393,473,4,49481.31,57.03
7129,2394,49,2,29811.14,16.88
7130,2394,338,6,46924.82,5.72
7131,2394,394,5,1109.74,30.88
7132,2394,6,5,16737.76,17.17
7133,2394,182,2,51074.46,3.93
7134,2395,194,2,48095.26,68.14
7135,2395,180,6,13274.25,25.31
7136,2395,8,1,19133.21,1.64
7137,2395,39,1,24512.31,75.32
7138,2395,543,4,6005.79,29.05
7139,2396,522,2,17319.8,71.21
7140,2397,382,-1,14758.25,73.95
7141,2397,64,6,48706.81,57.77
7142,2398,323,1,11278.6,3.62
7143,2398,520,2,16200.19,18.53
7144,2399,96,2,57838.44,61.07
7145,2399,54,5,59998.52,24.39
7146,2399,87,6,47925.1,25.95
7147,2399,348,6,7324.0,19.43
7148,2400,480,5,52142.69,7.25
7149,2401,106,1,48131.07,11.4
7150,2402,457,1,173.75,9.05
7151,2402,54,5,48926.78,19.94
7152,2402,81,4,38894.29,2.56
7153,2402,300,5,10668.38,13.0
7154,2403,149,2,38321.47,1.54
7155,2403,210,6,21111.25,13.93
7156,2403,467,6,45737.8,25.22
7157,2404,476,3,5905.55,97.72
7158,2404,319,4,47889.73,74.72
7159,2405,466,6,23822.74,16.44
7160,2405,45,4,50408.33,17.23
7161,2405,470,1,57194.74,69.46
7162,2406,353,2,5630.29,23.57
7163,2406,296,5,19249.65,31.93
7164,2406,47,4,7886.98,54.07
7165,2406,275,5,45407.76,8.71
7166,2406,15,6,32650.99,16.48
7167,2407,486,6,18136.75,20.32
7168,2407,37,4,7518.84,15.4
7169,2407,350,3,13446.72,10.78
7170,2408,305,1,8385.22,15.15
7171,2408,214,6,7161.09,5.29
7172,2409,516,3,2692.89,25.88
7173,2410,537,1,48479.04,22.03
7174,2410,10,3,48940.98,20.97
7175,2410,194,5,56592.1,87.56
7176,2410,265,6,38223.62,87.04
7177,2410,262,6,53277.71,68.63
7178,2411,381,5,45289.98,83.47
7179,2411,287,4,34262.53,89.1
7180,2411,328,3,54565.48,51.37
7181,2411,375,2,34441.16,26.71
7182,2411,277,3,57024.08,26.7
7183,2412,225,6,34097.82,9.13
7184,2412,4,4,40471.2,2.01
7185,2412,285,4,33226.65,67.03
7186,2412,329,-1,43294.13,83.66
7187,2413,357,2,52275.4,21.84
7188,2413,105,3,14753.41,8.35
7189,2414,379,6,13432.97,68.0
7190,2414,378,6,12230.32,26.17
7191,2414,400,1,49337.27,66.63
7192,2414,229,6,59007.78,40.33
7193,2415,94,6,59852.56,95.5
7194,2415,271,2,11790.83,18.47
7195,2415,400,2,28526.44,21.0
7196,2416,126,6,18995.32,9.3
7197,2416,434,4,23032.24,39.2
7198,2416,373,4,3435.12,12.26
7199,2416,427,5,13605.89,5.51
7200,2417,417,2,55056.16,9.47
7201,2417,159,3,42821.55,49.66
7202,2417,233,3,37887.57,73.69
7203,2417,319,2,24941.11,3.47
7204,2417,291,4,56592.01,23.18
7205,2418,377,2,59886.92,32.82
7206,2419,103,6,6634.96,11.46
7207,2419,439,5,29690.89,52.3
7208,2419,372,3,54110.56,79.91
7209,2419,317,1,22612.31,19.84
7210,2419,57,3,46826.69,4.31
7211,2420,146,1,24665.11,10.1
7212,2421,429,4,46584.9,48.86
7213,2421,469,2,29739.56,78.76
7214,2421,238,2,42778.21,28.28
7215,2421,58,4,24733.38,22.3
7216,2422,122,2,6690.39,22.23
7217,2422,427,2,15398.39,21.17
7218,2422,262,3,10540.24,17.84
7219,2422,29,1,16325.96,5.52
7220,2423,309,5,1645.07,27.61
7221,2424,526,5,1113.19,6.63
7222,2424,73,2,21107.88,29.08
7223,2424,251,1,49500.71,25.05
7224,2424,209,1,19758.59,5.98
7225,2425,59,3,32896.12,12.5
7226,2425,407,5,2670.4,94.38
7227,2425,413,5,21572.77,55.53
7228,2425,188,6,56000.81,29.65
7229,2426,101,4,38574.62,6.04
7230,2426,399,1,19739.93,5.81
7231,2426,77,4,48556.17,28.0
7232,2427,528,3,28760.58,86.94
7233,2427,21,5,42723.04,70.84
7234,2427,7,3,50990.7,76.32
7235,2428,514,1,32353.91,4.27
7236,2428,471,5,20365.71,86.34
7237,2429,276,3,26315.41,19.56
7238,2429,345,1,36066.79,7.49
7239,2429,24,3,47615.46,15.53
7240,2430,377,2,2915.33,51.69
7241,2430,412,1,49862.35,13.06
7242,2430,435,1,14616.77,5.96
7243,2431,361,4,43756.49,23.8
7244,2431,406,3,50504.69,20.43
7245,2431,256,4,10714.62,12.15
7246,2431,404,1,15786.79,36.96
7247,2431,342,4,47812.88,98.47
7248,2432,318,6,256.05,15.92
7249,2432,132,4,47300.35,13.47
7250,2432,71,2,22265.82,68.76
7251,2432,225,2,40571.87,39.83
7252,2433,57,1,26225.98,22.78
7253,2433,490,3,35207.75,36.4
7254,2433,31,6,55211.9,20.19
7255,2433,16,3,38623.01,7.38
7256,2433,395,1,57475.19,69.64
7257,2434,249,6,4265.36,22.8
7258,2435,509,3,59899.96,8.64
7259,2435,164,5,11943.81,72.46
7260,2435,438,3,2728.28,71.91
7261,2435,516,3,44774.98,29.19
7262,2436,339,6,13445.61,81.33
7263,2436,103,3,38024.88,10.39
7264,2436,79,4,58369.67,29.27
7265,2436,442,4,55534.42,27.96
7266,2436,539,4,36982.93,2.63
7267,2437,214,5,47721.39,43.25
7268,2437,484,3,39854.25,51.82
7269,2437,15,2,27112.41,89.97
7270,2437,246,3,15297.74,11.02
7271,2438,491,5,51458.02,77.61
7272,2438,261,6,50533.0,21.84
7273,2438,177,6,30711.76,12.0
7274,2438,100,4,54629.12,71.55
7275,2438,49,3,56383.13,6.88
7276,2439,370,1,42282.24,3.98
7277,2439,385,5,58822.72,10.07
7278,2439,463,6,31580.94,26.71
7279,2439,434,3,40945.36,76.39
7280,2439,10,6,54904.92,92.98
7281,2440,237,6,30217.56,81.47
7282,2440,258,4,48225.69,10.34
7283,2440,455,6,18670.91,13.11
7284,2440,82,2,11264.44,10.76
7285,2441,7,1,34427.8,71.22
7286,2441,459,3,28882.36,11.99
7287,2441,266,5,48191.84,93.34
7288,2441,335,1,44019.61,10.37
7289,2441,178,4,40570.41,28.95
7290,2442,31,3,11722.01,90.44
7291,2443,434,2,20473.1,20.5
7292,2443,224,4,24931.13,10.06
7293,2443,33,5,23526.25,12.8
7294,2444,225,2,6761.52,4.99
7295,2445,440,3,34720.65,26.61
7296,2445,85,3,6167.39,1.99
7297,2445,367,5,12286.37,74.19
7298,2446,546,5,13245.95,37.37
7299,2446,60,-4,9947.87,60.71
7300,2447,284,4,14805.39,23.6
7301,2448,132,2,45369.97,28.8
7302,2448,280,6,5962.7,10.32
7303,2449,457,1,40220.04,13.25
7304,2449,67,1,7066.44,97.12
7305,2449,516,5,47666.0,73.57
7306,2449,378,4,23726.33,2.8
7307,2450,68,1,26078.6,1.36
7308,2450,169,5,13559.5,26.93
7309,2450,237,5,27927.08,6.37
7310,2450,288,6,51090.37,15.27
7311,2450,275,3,32960.63,0.14
7312,2451,372,4,40216.94,9.47
7313,2451,258,5,33676.71,96.94
7314,2451,184,6,35542.11,30.67
7315,2451,516,1,59768.92,88.77
7316,2451,508,4,48198.1,19.76
7317,2452,533,1,18023.24,57.06
7318,2453,150,1,8514.39,10.7
7319,2454,112,6,49045.74,27.61
7320,2454,131,5,9874.07,2.38
7321,2454,96,-2,57701.28,88.54
7322,2454,324,-4,7300.27,15.78
7323,2454,488,3,45195.02,99.17
7324,2455,156,4,17496.68,24.0
7325,2455,362,5,43417.63,12.72
7326,2456,267,6,25290.65,27.67
7327,2456,376,4,26446.78,5.11
7328,2456,425,3,52770.08,29.13
7329,2457,520,6,20625.82,16.67
7330,2457,542,6,5671.25,64.7
7331,2458,359,6,37103.58,21.54
7332,2459,83,5,21629.4,3.59
7333,2459,514,6,8426.46,13.99
7334,2459,500,3,38907.48,36.41
7335,2459,337,1,24197.32,5.3
7336,2460,10,1,15575.69,23.54
7337,2461,299,5,35543.87,5.81
7338,2461,46,4,53336.82,29.82
7339,2461,445,1,18225.1,17.67
7340,2461,337,1,51646.27,5.2
7341,2461,444,4,30427.16,19.47
7342,2462,243,6,16576.15,9.28
7343,2462,114,2,1178.42,40.69
7344,2463,132,4,53691.67,5.22
7345,2463,413,1,14003.06,10.17
7346,2464,512,6,23699.87,50.23
7347,2464,448,1,12207.72,20.63
7348,2464,235,5,21946.54,74.0
7349,2464,32,5,25753.35,26.6
7350,2464,151,3,55118.72,15.88
7351,2465,305,6,7561.48,16.01
7352,2465,340,6,34126.92,4.46
7353,2466,532,6,37164.48,25.28
7354,2466,162,3,46613.41,14.17
7355,2467,327,1,20194.15,32.3
7356,2467,293,2,58812.07,12.63
7357,2467,289,5,28661.04,4.74
7358,2468,121,1,51910.78,16.53
7359,2468,285,5,29794.97,20.37
7360,2468,108,4,132.75,28.55
7361,2469,351,2,22247.13,13.64
7362,2469,511,2,50953.68,26.22
7363,2469,289,2,15416.71,94.94
7364,2470,168,2,35535.56,8.7
7365,2471,427,1,5874.22,34.59
7366,2471,167,5,51831.52,1.53
7367,2472,497,5,42407.34,28.17
7368,2472,18,6,4688.76,14.82
7369,2472,521,5,50015.17,3.91
7370,2472,364,2,22876.73,39.77
7371,2472,242,1,54984.13,19.39
7372,2473,24,3,46630.16,29.6
7373,2474,39,3,36343.21,1.82
7374,2474,336,3,47040.77,97.78
7375,2474,106,4,39441.99,98.86
7376,2475,102,4,53194.62,29.87
7377,2475,498,-3,36950.45,14.2
7378,2475,108,4,12811.49,21.58
7379,2475,373,3,17498.23,22.44
7380,2475,251,4,44753.8,17.68
7381,2476,533,2,47413.51,0.05
7382,2476,548,5,50922.38,16.56
7383,2477,141,1,59920.81,24.69
7384,2477,503,6,11683.39,10.23
7385,2477,362,3,49746.14,19.51
7386,2477,502,4,33298.7,79.99
7387,2478,38,6,12339.64,2.17
7388,2479,412,4,29337.95,15.04
7389,2479,183,4,35573.13,8.24
7390,2479,23,1,30237.87,27.71
7391,2480,413,4,35818.22,4.61
7392,2480,207,5,4564.25,89.01
7393,2480,524,2,18993.41,2.55
7394,2480,5,4,34935.78,5.54
7395,2480,181,4,25510.82,15.94
7396,2481,228,3,8995.27,42.56
7397,2481,18,1,5411.11,26.66
7398,2482,17,2,56307.79,19.72
7399,2482,492,1,10070.86,62.55
7400,2483,359,1,48177.35,17.85
7401,2483,131,1,42262.14,91.85
7402,2483,98,1,37755.3,9.65
7403,2483,62,1,22351.51,97.17
7404,2484,331,1,18236.62,16.16
7405,2485,62,2,27391.57,9.95
7406,2485,78,5,28104.84,56.61
7407,2485,117,5,33507.18,17.68
7408,2486,247,5,16623.95,12.23
7409,2486,505,4,30151.07,23.63
7410,2486,111,3,3946.4,16.67
7411,2487,246,2,52565.9,22.35
7412,2487,348,3,28433.08,22.3
7413,2487,67,3,13850.3,73.2
7414,2488,488,5,53633.93,10.68
7415,2488,346,4,38836.35,8.1
7416,2488,14,1,56142.16,15.82
7417,2489,519,5,27067.36,98.17
7418,2489,75,4,21714.64,26.91
7419,2489,103,2,27766.97,81.17
7420,2490,106,1,28418.92,22.02
7421,2490,35,2,31783.01,1.96
7422,2490,292,5,28067.74,72.12
7423,2490,177,6,23109.57,88.41
7424,2491,1,3,19703.3,43.88
7425,2491,64,5,18018.94,76.27
7426,2491,534,3,44743.11,39.89
7427,2491,326,4,35852.44,58.51
7428,2491,252,6,42903.22,88.02
7429,2492,194,6,38726.47,9.57
7430,2492,287,3,34472.36,18.52
7431,2493,473,2,37085.28,19.41
7432,2493,483,1,23597.58,20.5
7433,2493,465,1,58089.33,20.2
7434,2493,92,4,4143.2,14.15
7435,2494,473,5,46764.85,4.22
7436,2494,538,3,3013.73,18.18
7437,2494,170,1,56658.05,0.78
7438,2494,248,3,23112.54,33.43
7439,2494,60,1,34066.55,26.94
7440,2495,379,5,35864.77,63.82
7441,2495,161,-3,39570.62,11.5
7442,2495,518,1,16167.32,96.79
7443,2496,508,4,11531.37,18.99
7444,2497,33,3,48611.48,5.61
7445,2497,16,6,19849.66,15.81
7446,2498,289,5,46615.71,20.42
7447,2498,459,2,58217.36,21.9
7448,2498,21,6,29360.85,27.39
7449,2498,265,3,49272.78,96.62
7450,2499,11,4,30943.71,4.47
7451,2500,149,2,47345.17,31.87
7452,2500,57,2,51384.06,65.93
7453,2500,84,6,41146.55,21.37
7454,2500,147,4,27800.73,15.17
7455,2500,36,5,26965.42,80.7
