order_id,customer_id,order_date,status,region_code
1,334,2024-12-26 18:14:06,RETURNED,CENTRAL
2,562,2025-12-19 17:15:57,DELIVERED,CENTRAL
3,578,2025-09-20 20:58:11,DELIVERED,EAST
4,494,2023-05-20 02:48:57,DELIVERED,EAST
5,160,2023-01-01 03:26:34,DELIVERED,SOUTH
6,481,2025-12-04 09:55:21,RETURNED,WEST
7,441,2025-07-16 09:54:47,SHIPPED,NORTH
8,194,2025-05-20 18:58:52,DELIVERED,SOUTH
9,400,2023-12-09 16:16:54,DELIVERED,WEST
10,530,2025-08-10 14:21:27,CANCELLED,EAST
11,545,2024-10-03 10:10:20,SHIPPED,NORTH
12,297,2024-12-08 08:25:04,DELIVERED,EAST
13,504,31-01-2023,SHIPPED,CENTRAL
14,105,2023-07-14 05:47:57,DELIVERED,NORTH
15,,2023-12-04 09:21:31,DELIVERED,EAST
16,511,2024-12-21 07:24:35,DELIVERED,NORTH
17,150,2024-09-01 14:32:39,PLACED,WEST
18,257,2023-01-20 14:20:22,SHIPPED,SOUTH
19,454,2023-02-22 01:21:15,SHIPPED,NORTH
20,214,2025-11-24 14:00:39,RETURNED,EAST
21,44,2025-05-03 17:49:31,DELIVERED,EAST
22,306,2023-03-22 21:57:47,CANCELLED,SOUTH
23,242,2024-05-19 02:44:23,PLACED,EAST
24,406,2023-01-14 20:55:44,RETURNED,CENTRAL
25,487,2023-08-29 18:31:06,DELIVERED,NORTH
26,512,19-08-2025,DELIVERED,NORTH
27,158,2023-06-16 19:51:04,SHIPPED,SOUTH
28,572,2024-06-23 12:56:37,CANCELLED,WEST
29,22,2024-07-10 09:27:07,DELIVERED,EAST
30,497,2025-05-18 09:57:17,DELIVERED,WEST
31,192,2024-05-17 19:41:51,DELIVERED,EAST
32,568,2025-04-05 02:14:19,SHIPPED,EAST
33,555,2023-01-02 02:50:13,DELIVERED,CENTRAL
34,190,2025-08-20 17:22:50,CANCELLED,CENTRAL
35,65,2025-04-17 05:45:19,CANCELLED,SOUTH
36,510,2023-08-28 10:26:21,DELIVERED,EAST
37,330,2025-03-23 18:19:47,DELIVERED,NORTH
38,133,2023-02-18 13:58:12,SHIPPED,WEST
39,33,2024-08-26 16:00:50,DELIVERED,CENTRAL
40,,09-12-2023,DELIVERED,NORTH
41,214,2023-05-05 05:00:20,DELIVERED,NORTH
42,426,2023-04-01 13:34:56,CANCELLED,EAST
43,73,2023-05-02 01:38:28,RETURNED,CENTRAL
44,237,2023-10-22 07:35:46,SHIPPED,SOUTH
45,184,2025-05-17 01:01:38,DELIVERED,NORTH
46,591,2024-12-13 14:20:35,DELIVERED,WEST
47,171,2025-05-04 08:11:55,DELIVERED,EAST
48,547,2024-11-19 04:41:26,RETURNED,EAST
49,333,2024-10-02 13:16:19,DELIVERED,WEST
50,332,2025-05-24 19:33:22,DELIVERED,WEST
51,261,03-12-2024,DELIVERED,WEST
52,36,2025-07-14 11:38:53,PLACED,SOUTH
53,,11-12-2023,SHIPPED,EAST
54,283,2025-03-05 05:34:57,DELIVERED,CENTRAL
55,39,2023-08-31 12:05:41,SHIPPED,EAST
56,256,2024-04-11 12:05:10,PLACED,WEST
57,223,2024-05-19 09:23:49,DELIVERED,SOUTH
58,591,29-05-2023,DELIVERED,EAST
59,591,2023-03-28 20:56:58,RETURNED,EAST
60,445,2023-07-07 06:04:35,CANCELLED,SOUTH
61,12,2025-09-09 01:53:11,DELIVERED,EAST
62,327,2023-08-21 08:44:50,DELIVERED,SOUTH
63,403,2025-07-13 12:08:10,DELIVERED,NORTH
64,297,2023-08-18 22:18:08,SHIPPED,NORTH
65,51,2024-02-12 20:52:15,PLACED,CENTRAL
66,134,2025-01-17 02:05:25,DELIVERED,WEST
67,586,2025-08-14 22:01:35,RETURNED,CENTRAL
68,74,2024-10-30 02:00:45,DELIVERED,CENTRAL
69,424,2024-06-25 01:51:29,SHIPPED,EAST
70,25,2023-09-20 22:17:36,RETURNED,CENTRAL
71,453,2024-11-15 05:40:00,PLACED,SOUTH
72,383,2023-05-14 07:23:39,SHIPPED,NORTH
73,152,2024-03-22 21:40:39,PLACED,NORTH
74,,2023-11-21 16:26:25,DELIVERED,SOUTH
75,536,2025-05-02 12:44:56,DELIVERED,SOUTH
76,19,2025-10-27 18:07:46,DELIVERED,EAST
77,291,2025-12-18 00:23:49,DELIVERED,NORTH
78,9,2025-10-22 20:29:00,DELIVERED,EAST
79,20,2025-10-05 19:48:08,DELIVERED,WEST
80,102,2025-01-22 21:30:52,CANCELLED,CENTRAL
81,204,12-12-2024,DELIVERED,NORTH
82,543,31-01-2025,DELIVERED,SOUTH
83,361,2024-04-14 15:32:17,SHIPPED,CENTRAL
84,64,2024-08-24 10:45:56,CANCELLED,NORTH
85,287,2024-06-14 22:42:40,CANCELLED,SOUTH
86,392,2025-11-19 05:28:54,DELIVERED,SOUTH
87,587,2024-04-30 06:28:24,RETURNED,EAST
88,135,2023-08-04 06:30:26,DELIVERED,SOUTH
89,317,2025-03-24 16:53:01,RETURNED,WEST
90,149,27-05-2025,RETURNED,EAST
91,546,2023-07-03 21:47:53,SHIPPED,SOUTH
92,327,2024-10-05 04:32:08,RETURNED,EAST
93,281,19-10-2023,SHIPPED,SOUTH
94,274,2025-08-09 06:30:39,SHIPPED,SOUTH
95,27,2025-12-04 23:45:59,DELIVERED,SOUTH
96,481,2024-08-03 22:13:01,SHIPPED,WEST
97,141,2023-12-18 12:04:16,PLACED,NORTH
98,423,08-11-2025,RETURNED,SOUTH
99,450,2025-01-31 02:23:42,DELIVERED,WEST
100,438,2023-03-06 23:23:47,DELIVERED,WEST
101,404,2025-06-07 11:15:42,DELIVERED,CENTRAL
102,40,2024-12-02 13:13:33,DELIVERED,NORTH
103,252,2024-09-06 13:27:15,RETURNED,NORTH
104,529,2023-03-18 13:52:03,SHIPPED,WEST
105,312,2024-03-20 03:40:06,DELIVERED,WEST
106,56,2023-08-09 23:04:38,DELIVERED,WEST
107,513,2025-06-28 11:04:22,RETURNED,CENTRAL
108,424,2023-02-08 16:47:27,SHIPPED,CENTRAL
109,207,2023-05-21 02:08:29,DELIVERED,SOUTH
110,127,2024-11-29 02:47:14,DELIVERED,NORTH
111,394,2025-03-05 20:18:28,DELIVERED,SOUTH
112,,2023-09-23 11:03:13,RETURNED,CENTRAL
113,154,2023-08-13 15:21:13,SHIPPED,NORTH
114,317,2024-11-24 05:42:46,DELIVERED,SOUTH
115,135,06-01-2023,DELIVERED,EAST
116,510,2025-04-24 07:11:30,CANCELLED,CENTRAL
117,244,2025-10-21 10:50:48,DELIVERED,WEST
118,7,2025-04-30 06:22:27,DELIVERED,CENTRAL
119,,19-08-2023,PLACED,EAST
120,34,26-07-2025,DELIVERED,NORTH
121,427,2023-09-08 15:00:47,DELIVERED,CENTRAL
122,587,2023-10-03 14:40:10,RETURNED,CENTRAL
123,37,2024-04-09 22:30:25,DELIVERED,WEST
124,438,2023-04-11 20:36:42,DELIVERED,SOUTH
125,282,2024-10-04 18:00:46,DELIVERED,SOUTH
126,112,2025-09-04 02:01:18,DELIVERED,NORTH
127,295,2024-05-06 15:32:55,DELIVERED,CENTRAL
128,363,2025-08-12 06:23:25,DELIVERED,CENTRAL
129,510,2023-10-07 11:25:39,CANCELLED,SOUTH
130,,2023-02-07 06:17:33,DELIVERED,NORTH
131,213,2024-10-06 02:36:17,DELIVERED,EAST
132,,2023-11-09 12:48:00,DELIVERED,EAST
133,316,2025-05-04 09:14:51,DELIVERED,NORTH
134,342,2025-06-02 18:55:56,DELIVERED,NORTH
135,199,2024-06-08 23:11:56,RETURNED,WEST
136,37,2025-01-17 23:27:15,SHIPPED,WEST
137,550,2024-12-19 10:08:02,DELIVERED,WEST
138,58,2024-04-10 00:20:37,DELIVERED,EAST
139,20,30-11-2025,DELIVERED,EAST
140,153,2023-02-18 10:13:11,DELIVERED,WEST
141,170,2024-08-28 04:05:00,SHIPPED,NORTH
142,316,2024-05-03 13:23:14,DELIVERED,EAST
143,509,2024-07-31 05:38:23,DELIVERED,EAST
144,310,2024-08-04 07:46:19,DELIVERED,SOUTH
145,455,2025-01-19 18:59:16,RETURNED,SOUTH
146,496,2025-03-24 10:15:55,DELIVERED,EAST
147,101,2025-03-12 19:20:26,DELIVERED,SOUTH
148,38,2025-03-22 10:25:42,SHIPPED,EAST
149,90,13-03-2023,SHIPPED,EAST
150,320,2023-11-22 23:36:51,DELIVERED,SOUTH
151,546,2024-11-16 05:58:56,DELIVERED,EAST
152,281,2025-08-25 17:04:17,DELIVERED,NORTH
153,359,2024-02-26 01:33:17,SHIPPED,EAST
154,176,2025-08-10 16:05:50,CANCELLED,CENTRAL
155,,15-11-2025,PLACED,WEST
156,437,2025-12-30 16:17:05,DELIVERED,CENTRAL
157,457,2024-04-30 08:37:54,DELIVERED,SOUTH
158,547,2024-12-24 10:22:53,DELIVERED,NORTH
159,480,2024-04-27 04:14:26,DELIVERED,WEST
160,230,2025-08-16 09:16:05,DELIVERED,EAST
161,339,19-05-2024,DELIVERED,NORTH
162,116,2024-12-17 12:20:10,CANCELLED,EAST
163,589,2023-06-09 21:35:27,DELIVERED,NORTH
164,73,2025-04-07 14:11:39,DELIVERED,CENTRAL
165,250,2025-01-19 08:13:50,DELIVERED,EAST
166,442,2024-11-07 07:09:45,DELIVERED,EAST
167,242,2025-11-06 04:41:28,PLACED,CENTRAL
168,118,2024-12-20 02:28:38,DELIVERED,NORTH
169,181,2024-09-22 09:05:08,PLACED,NORTH
170,389,2025-09-28 22:56:13,DELIVERED,NORTH
171,143,2025-09-15 04:45:01,CANCELLED,SOUTH
172,464,2024-08-28 19:36:26,DELIVERED,WEST
173,325,2025-11-21 15:47:35,DELIVERED,WEST
174,353,2025-06-24 05:38:11,PLACED,CENTRAL
175,131,2023-04-07 22:50:03,DELIVERED,CENTRAL
176,1,2024-07-12 01:36:38,SHIPPED,EAST
177,241,2025-07-05 18:54:14,DELIVERED,EAST
178,416,2025-04-26 19:30:05,SHIPPED,SOUTH
179,193,2024-07-13 16:30:21,CANCELLED,SOUTH
180,129,2023-04-22 10:53:04,DELIVERED,SOUTH
181,499,2023-07-30 22:05:12,PLACED,WEST
182,436,2024-12-06 21:02:58,DELIVERED,CENTRAL
183,394,2023-10-16 14:47:30,DELIVERED,NORTH
184,243,2024-02-23 06:23:03,DELIVERED,CENTRAL
185,35,2025-06-01 14:09:05,DELIVERED,EAST
186,494,2023-05-05 08:58:08,SHIPPED,CENTRAL
187,287,2023-05-02 12:47:50,DELIVERED,CENTRAL
188,484,2025-10-28 01:54:23,RETURNED,NORTH
189,553,2024-04-30 10:50:02,DELIVERED,EAST
190,12,2025-03-07 09:27:57,RETURNED,CENTRAL
191,432,2024-04-02 16:09:11,DELIVERED,NORTH
192,312,2025-05-25 16:29:35,DELIVERED,WEST
193,587,29-03-2024,CANCELLED,CENTRAL
194,497,2025-02-24 09:59:21,PLACED,EAST
195,288,2024-02-04 04:00:13,PLACED,NORTH
196,155,2024-07-28 09:54:23,CANCELLED,EAST
197,242,2025-03-30 06:28:53,CANCELLED,EAST
198,149,2023-08-28 11:08:22,CANCELLED,WEST
199,244,2025-09-17 10:30:23,SHIPPED,CENTRAL
200,354,15-02-2024,DELIVERED,NORTH
201,476,2024-04-13 03:46:51,DELIVERED,CENTRAL
202,400,14-08-2023,DELIVERED,WEST
203,460,2024-05-05 09:43:29,RETURNED,NORTH
204,545,2024-11-01 18:08:39,DELIVERED,EAST
205,274,2024-02-01 15:54:40,DELIVERED,WEST
206,248,2025-07-03 13:13:56,DELIVERED,CENTRAL
207,185,17-01-2023,DELIVERED,NORTH
208,101,2025-11-30 21:16:32,DELIVERED,SOUTH
209,258,2023-02-06 19:37:03,DELIVERED,NORTH
210,223,2025-09-18 05:27:15,SHIPPED,NORTH
211,134,2025-10-03 11:40:49,DELIVERED,SOUTH
212,189,2024-12-26 09:21:56,DELIVERED,NORTH
213,284,2025-12-11 07:53:15,RETURNED,EAST
214,76,2023-04-07 21:58:12,DELIVERED,EAST
215,265,2024-02-16 03:25:15,SHIPPED,NORTH
216,206,2023-10-05 04:48:22,DELIVERED,NORTH
217,442,2025-09-26 09:23:07,SHIPPED,WEST
218,,2023-04-20 09:09:42,DELIVERED,EAST
219,20,2023-08-20 05:41:22,DELIVERED,NORTH
220,400,2025-12-23 11:56:58,DELIVERED,WEST
221,528,2025-02-01 05:51:21,DELIVERED,WEST
222,72,2023-01-06 03:18:26,DELIVERED,WEST
223,549,2024-07-11 13:26:42,DELIVERED,EAST
224,93,2024-06-12 06:27:35,PLACED,WEST
225,297,2023-10-02 08:48:27,DELIVERED,WEST
226,307,2023-06-15 20:36:00,DELIVERED,EAST
227,449,2023-08-06 09:27:05,PLACED,NORTH
228,245,2023-04-08 20:32:07,DELIVERED,EAST
229,461,2023-01-26 12:07:05,PLACED,NORTH
230,44,2023-11-25 19:56:03,CANCELLED,CENTRAL
231,550,18-06-2025,SHIPPED,NORTH
232,145,30-01-2023,DELIVERED,CENTRAL
233,,2025-09-09 19:19:43,PLACED,EAST
234,100,2023-09-23 03:45:41,CANCELLED,NORTH
235,109,13-07-2025,DELIVERED,SOUTH
236,208,2025-11-19 20:30:16,DELIVERED,NORTH
237,590,2024-05-14 13:44:23,CANCELLED,SOUTH
238,178,2023-07-07 13:43:05,DELIVERED,WEST
239,379,12-11-2024,SHIPPED,CENTRAL
240,103,09-09-2025,DELIVERED,SOUTH
241,499,2023-01-12 05:19:48,SHIPPED,NORTH
242,291,2025-01-09 11:01:52,DELIVERED,SOUTH
243,278,2024-10-02 01:38:28,SHIPPED,SOUTH
244,39,2025-02-15 13:09:42,DELIVERED,NORTH
245,309,2023-01-08 02:23:00,DELIVERED,SOUTH
246,543,2025-08-19 11:02:42,DELIVERED,CENTRAL
247,476,2025-10-21 05:29:53,SHIPPED,NORTH
248,153,2025-01-06 23:23:33,DELIVERED,SOUTH
249,45,2024-07-19 18:06:06,DELIVERED,WEST
250,,2023-03-23 11:43:22,RETURNED,SOUTH
251,30,2023-06-30 07:13:12,PLACED,SOUTH
252,594,2023-11-05 17:59:20,DELIVERED,EAST
253,113,2023-06-02 08:05:45,SHIPPED,WEST
254,385,25-04-2023,DELIVERED,WEST
255,447,2025-08-04 17:19:46,DELIVERED,WEST
256,469,2025-09-08 19:27:18,DELIVERED,EAST
257,,2025-06-02 09:23:56,PLACED,SOUTH
258,477,2023-09-23 22:50:51,DELIVERED,SOUTH
259,161,2025-09-18 02:20:04,RETURNED,SOUTH
260,567,2023-05-15 07:59:48,DELIVERED,CENTRAL
261,222,2024-12-19 21:03:07,DELIVERED,WEST
262,253,2024-11-05 13:57:56,DELIVERED,CENTRAL
263,588,2024-10-10 23:39:48,RETURNED,NORTH
264,,2025-04-05 01:39:11,DELIVERED,NORTH
265,247,2023-01-20 07:09:45,DELIVERED,WEST
266,136,07-01-2024,DELIVERED,NORTH
267,313,14-12-2024,CANCELLED,CENTRAL
268,466,2023-08-04 08:16:26,CANCELLED,WEST
269,380,2025-12-29 11:22:15,DELIVERED,NORTH
270,341,2024-04-05 17:40:33,DELIVERED,EAST
271,556,2023-11-18 18:58:42,DELIVERED,NORTH
272,344,2023-03-27 03:31:38,DELIVERED,EAST
273,114,2024-12-23 21:36:45,DELIVERED,EAST
274,573,2025-05-21 02:34:52,DELIVERED,SOUTH
275,343,2023-06-26 09:44:13,DELIVERED,CENTRAL
276,215,2023-12-17 04:54:32,DELIVERED,EAST
277,434,2023-04-09 10:34:27,DELIVERED,WEST
278,540,2024-12-31 08:58:43,DELIVERED,CENTRAL
279,463,2025-11-11 22:41:05,RETURNED,NORTH
280,469,2024-08-29 21:41:57,CANCELLED,EAST
281,79,2024-03-04 15:53:27,SHIPPED,SOUTH
282,210,2025-09-01 10:33:06,PLACED,WEST
283,555,2025-01-06 04:27:21,DELIVERED,WEST
284,22,2023-04-08 18:55:40,PLACED,SOUTH
285,533,2024-10-01 12:58:48,DELIVERED,EAST
286,543,2024-11-22 16:21:29,DELIVERED,CENTRAL
287,314,2024-02-08 21:46:50,SHIPPED,EAST
288,49,2024-03-17 18:31:50,DELIVERED,SOUTH
289,165,2024-03-19 02:45:48,SHIPPED,SOUTH
290,158,2023-07-01 14:59:39,PLACED,EAST
291,452,2023-10-14 14:31:52,SHIPPED,NORTH
292,353,2024-11-27 14:38:54,DELIVERED,SOUTH
293,125,2024-09-20 11:10:36,RETURNED,SOUTH
294,328,2025-04-28 09:46:59,RETURNED,EAST
295,303,2024-03-26 05:32:25,RETURNED,CENTRAL
296,579,2024-11-17 18:53:20,DELIVERED,NORTH
297,42,2025-05-05 21:16:38,SHIPPED,NORTH
298,226,2023-05-24 15:56:47,DELIVERED,CENTRAL
299,598,2024-03-07 17:52:33,SHIPPED,NORTH
300,457,2023-05-16 17:38:53,RETURNED,WEST
301,326,2025-03-05 16:11:02,RETURNED,EAST
302,438,2024-08-02 04:09:10,PLACED,EAST
303,457,2023-05-17 01:54:49,SHIPPED,WEST
304,426,2024-03-24 09:03:22,SHIPPED,WEST
305,425,2025-07-01 03:39:34,DELIVERED,SOUTH
306,487,2025-03-27 00:38:32,RETURNED,NORTH
307,385,2024-09-28 01:47:56,DELIVERED,EAST
308,570,2025-06-01 05:27:18,DELIVERED,SOUTH
309,391,2025-02-01 02:21:27,PLACED,EAST
310,312,2024-12-20 22:44:12,SHIPPED,NORTH
311,308,2025-09-15 20:42:28,DELIVERED,EAST
312,504,2025-09-28 15:21:31,SHIPPED,NORTH
313,505,2023-04-14 15:40:54,DELIVERED,EAST
314,580,2024-02-05 15:38:20,DELIVERED,WEST
315,123,2025-06-12 15:23:05,PLACED,EAST
316,60,2024-12-17 04:57:53,CANCELLED,SOUTH
317,55,13-10-2024,DELIVERED,EAST
318,299,2023-04-30 08:18:22,DELIVERED,SOUTH
319,172,2024-05-06 05:10:45,CANCELLED,EAST
320,372,20-06-2025,DELIVERED,SOUTH
321,531,2025-01-23 06:20:45,DELIVERED,SOUTH
322,159,2023-10-20 16:41:12,DELIVERED,CENTRAL
323,539,2025-05-06 02:58:31,DELIVERED,NORTH
324,79,2023-07-23 20:41:21,RETURNED,WEST
325,372,2024-11-17 12:38:21,CANCELLED,CENTRAL
326,351,2024-04-18 07:27:09,PLACED,NORTH
327,146,2024-04-22 13:45:31,SHIPPED,SOUTH
328,436,2023-06-23 13:18:19,PLACED,WEST
329,44,2023-02-20 22:36:03,DELIVERED,CENTRAL
330,481,2024-01-29 00:59:19,PLACED,EAST
331,99,2025-07-23 20:25:51,SHIPPED,SOUTH
332,,2023-08-15 02:45:26,CANCELLED,EAST
333,357,2025-02-16 17:00:13,DELIVERED,CENTRAL
334,584,2025-06-17 02:23:08,DELIVERED,CENTRAL
335,197,24-09-2023,RETURNED,CENTRAL
336,102,2025-02-22 05:45:43,CANCELLED,WEST
337,190,2023-06-16 17:20:51,SHIPPED,EAST
338,435,2023-12-20 11:50:09,DELIVERED,EAST
339,113,2025-02-09 05:21:39,DELIVERED,EAST
340,42,2025-02-05 22:56:50,SHIPPED,EAST
341,320,2024-11-20 15:52:28,SHIPPED,WEST
342,439,2023-04-19 03:13:02,CANCELLED,WEST
343,377,2025-11-13 06:27:57,DELIVERED,NORTH
344,536,2023-05-13 01:15:00,SHIPPED,WEST
345,105,2023-09-20 02:27:26,PLACED,SOUTH
346,414,2024-10-21 18:07:13,DELIVERED,EAST
347,596,2025-09-27 03:45:57,RETURNED,EAST
348,415,2025-03-05 10:54:54,DELIVERED,WEST
349,257,25-12-2023,DELIVERED,SOUTH
350,55,2025-02-12 19:48:55,DELIVERED,SOUTH
351,335,2025-08-24 04:36:05,DELIVERED,NORTH
352,533,2024-12-24 22:33:11,SHIPPED,WEST
353,268,2025-04-19 16:22:52,DELIVERED,NORTH
354,122,2024-05-03 15:37:00,CANCELLED,WEST
355,34,2025-10-21 08:37:29,CANCELLED,EAST
356,169,2023-07-28 22:05:06,DELIVERED,WEST
357,113,2025-02-01 01:10:04,DELIVERED,CENTRAL
358,488,2023-08-31 19:41:41,DELIVERED,WEST
359,387,2024-07-01 23:59:11,DELIVERED,EAST
360,29,2023-07-19 03:34:12,CANCELLED,EAST
361,,2025-08-29 03:23:35,DELIVERED,NORTH
362,366,2023-03-29 16:34:49,DELIVERED,SOUTH
363,320,2025-12-04 18:10:24,PLACED,EAST
364,,2024-05-21 14:31:01,PLACED,WEST
365,432,2025-12-17 03:12:45,DELIVERED,NORTH
366,387,2024-05-15 20:44:23,DELIVERED,WEST
367,211,2025-02-20 00:34:08,CANCELLED,EAST
368,307,2024-11-08 06:55:39,SHIPPED,NORTH
369,549,2024-02-16 21:41:55,PLACED,CENTRAL
370,232,2023-05-23 20:26:11,DELIVERED,CENTRAL
371,345,2025-05-29 21:58:38,CANCELLED,WEST
372,356,2025-10-09 03:03:10,CANCELLED,CENTRAL
373,444,2024-05-01 18:38:43,SHIPPED,WEST
374,528,2025-04-30 14:36:33,SHIPPED,NORTH
375,529,2025-06-15 02:16:36,DELIVERED,WEST
376,546,2024-11-04 18:25:14,RETURNED,NORTH
377,374,2024-01-09 09:47:25,SHIPPED,EAST
378,421,2023-04-11 02:01:56,DELIVERED,WEST
379,294,2024-02-03 09:01:24,DELIVERED,SOUTH
380,117,2023-02-13 00:53:11,SHIPPED,EAST
381,574,2024-10-17 14:00:48,DELIVERED,NORTH
382,280,2024-02-06 09:43:57,DELIVERED,EAST
383,181,2023-03-07 14:32:12,RETURNED,WEST
384,57,2023-05-11 09:07:12,DELIVERED,EAST
385,417,2025-11-09 09:44:59,DELIVERED,NORTH
386,144,2025-06-05 23:25:49,DELIVERED,NORTH
387,595,2025-03-26 23:07:02,DELIVERED,NORTH
388,126,2024-05-01 20:47:02,DELIVERED,CENTRAL
389,242,2023-12-05 15:56:30,SHIPPED,SOUTH
390,282,2024-01-31 01:12:42,CANCELLED,NORTH
391,384,2023-06-25 11:30:15,DELIVERED,WEST
392,253,2023-08-14 02:41:36,DELIVERED,EAST
393,22,2025-07-30 02:24:37,PLACED,NORTH
394,246,2024-08-20 14:17:26,DELIVERED,EAST
395,125,03-01-2024,CANCELLED,WEST
396,403,2024-02-01 22:59:11,DELIVERED,SOUTH
397,165,2025-09-07 18:32:05,DELIVERED,WEST
398,281,2025-02-02 19:36:04,DELIVERED,WEST
399,341,2023-06-05 23:01:04,CANCELLED,EAST
400,361,2025-04-30 20:46:11,DELIVERED,WEST
401,54,13-10-2023,DELIVERED,SOUTH
402,205,2024-05-02 08:23:47,DELIVERED,NORTH
403,529,2025-10-05 11:12:20,DELIVERED,CENTRAL
404,328,2023-07-27 09:36:22,DELIVERED,CENTRAL
405,289,2024-10-05 21:32:48,DELIVERED,WEST
406,585,2023-02-05 16:23:13,RETURNED,CENTRAL
407,92,04-11-2023,DELIVERED,SOUTH
408,440,2023-08-20 20:29:17,PLACED,EAST
409,581,2025-03-27 20:39:01,DELIVERED,WEST
410,507,2023-11-12 13:48:29,SHIPPED,EAST
411,507,2024-11-01 00:20:58,CANCELLED,CENTRAL
412,290,2023-10-22 03:58:14,DELIVERED,WEST
413,30,2024-02-11 16:35:29,SHIPPED,WEST
414,379,2025-10-02 10:41:27,DELIVERED,NORTH
415,332,2024-09-09 13:54:50,DELIVERED,WEST
416,263,2025-05-15 06:27:51,PLACED,EAST
417,483,2025-07-30 23:16:42,RETURNED,CENTRAL
418,,2025-02-22 18:41:20,DELIVERED,EAST
419,380,2025-05-19 05:55:24,PLACED,SOUTH
420,516,2024-06-10 21:25:30,CANCELLED,SOUTH
421,544,2024-02-09 12:38:23,SHIPPED,NORTH
422,512,2024-03-12 12:27:48,DELIVERED,WEST
423,270,2024-02-14 17:36:31,DELIVERED,WEST
424,324,2025-02-02 04:03:04,DELIVERED,SOUTH
425,451,19-08-2023,PLACED,SOUTH
426,267,26-12-2024,DELIVERED,WEST
427,366,2025-05-21 06:10:19,DELIVERED,WEST
428,152,2023-05-26 08:50:10,SHIPPED,EAST
429,173,2024-02-28 18:24:22,DELIVERED,CENTRAL
430,5,2025-06-05 16:30:43,SHIPPED,NORTH
431,511,2024-05-25 13:15:00,PLACED,NORTH
432,109,2023-08-27 21:09:54,PLACED,WEST
433,492,2024-02-23 08:55:08,DELIVERED,NORTH
434,45,2024-12-04 20:52:00,DELIVERED,CENTRAL
435,50,2024-03-15 13:17:24,DELIVERED,NORTH
436,561,2024-08-15 11:17:04,PLACED,EAST
437,409,2023-11-20 11:06:23,SHIPPED,WEST
438,158,2025-02-01 12:01:53,CANCELLED,EAST
439,135,2023-05-30 07:17:46,CANCELLED,CENTRAL
440,457,2025-01-10 02:57:32,DELIVERED,CENTRAL
441,433,2025-08-11 14:38:59,SHIPPED,WEST
442,526,2024-12-21 01:27:35,DELIVERED,SOUTH
443,540,2025-03-26 01:24:20,PLACED,WEST
444,490,2023-07-18 12:20:49,DELIVERED,EAST
445,536,2025-06-02 04:32:48,PLACED,NORTH
446,526,2024-10-22 01:55:27,DELIVERED,WEST
447,583,2024-07-06 04:25:16,DELIVERED,NORTH
448,17,2025-10-24 17:25:39,DELIVERED,SOUTH
449,47,2025-12-30 05:08:09,DELIVERED,CENTRAL
450,461,2024-02-16 18:41:22,DELIVERED,SOUTH
451,81,2025-07-27 08:43:24,DELIVERED,NORTH
452,,2023-07-01 06:04:51,PLACED,WEST
453,415,2025-07-23 23:59:24,DELIVERED,EAST
454,370,2025-12-08 08:00:05,DELIVERED,EAST
455,,2023-06-23 20:24:01,CANCELLED,SOUTH
456,215,2023-08-14 11:44:25,DELIVERED,WEST
457,552,2024-04-12 11:01:52,DELIVERED,SOUTH
458,23,2023-08-25 18:42:46,DELIVERED,WEST
459,,2024-11-29 07:10:53,DELIVERED,SOUTH
460,402,2023-01-13 05:34:28,SHIPPED,WEST
461,508,14-07-2025,DELIVERED,EAST
462,410,2025-07-07 03:32:28,DELIVERED,WEST
463,63,17-10-2024,DELIVERED,CENTRAL
464,428,2023-07-01 15:52:00,DELIVERED,EAST
465,,2024-03-23 09:49:12,DELIVERED,WEST
466,238,2025-07-01 21:30:16,RETURNED,EAST
467,480,2024-03-31 18:31:21,DELIVERED,WEST
468,369,2023-09-09 16:45:28,DELIVERED,EAST
469,89,2023-07-20 13:04:06,SHIPPED,SOUTH
470,104,2025-02-05 23:24:18,DELIVERED,SOUTH
471,19,2024-02-10 03:37:38,DELIVERED,SOUTH
472,,2023-04-09 21:37:30,DELIVERED,NORTH
473,124,2025-01-25 13:00:45,DELIVERED,EAST
474,48,2025-05-15 07:17:54,DELIVERED,SOUTH
475,528,2023-06-11 18:41:45,DELIVERED,WEST
476,114,2025-08-06 11:47:39,DELIVERED,NORTH
477,43,2023-09-17 11:56:14,DELIVERED,SOUTH
478,161,2024-11-16 20:58:50,DELIVERED,WEST
479,102,2024-07-19 01:05:41,DELIVERED,SOUTH
480,207,2024-10-07 20:16:38,DELIVERED,NORTH
481,486,2025-02-23 12:36:43,SHIPPED,EAST
482,425,2025-10-30 00:49:12,SHIPPED,CENTRAL
483,234,2024-10-28 03:40:28,DELIVERED,WEST
484,529,2024-07-15 23:55:33,RETURNED,WEST
485,11,2025-03-14 16:09:26,RETURNED,NORTH
486,412,2023-09-13 06:28:05,DELIVERED,WEST
487,155,2023-03-31 19:18:23,RETURNED,CENTRAL
488,430,2025-11-23 16:41:52,DELIVERED,EAST
489,322,2023-01-13 06:36:59,CANCELLED,CENTRAL
490,151,2024-11-24 03:08:00,DELIVERED,CENTRAL
491,453,2025-10-04 19:24:51,DELIVERED,SOUTH
492,,2024-06-03 14:48:00,DELIVERED,SOUTH
493,554,2023-05-25 04:33:51,DELIVERED,EAST
494,,2025-04-18 18:08:52,DELIVERED,SOUTH
495,312,2025-02-23 22:00:07,SHIPPED,NORTH
496,266,2024-07-04 15:43:27,SHIPPED,NORTH
497,587,2024-12-04 22:33:02,DELIVERED,SOUTH
498,596,2025-09-02 04:00:20,DELIVERED,CENTRAL
499,307,2025-06-08 18:15:15,DELIVERED,WEST
500,254,2025-03-13 06:43:10,DELIVERED,EAST
501,151,2024-10-02 02:26:51,PLACED,NORTH
502,134,2024-11-24 02:12:10,PLACED,CENTRAL
503,573,2024-09-05 06:33:26,CANCELLED,CENTRAL
504,434,2025-12-06 08:26:51,RETURNED,WEST
505,427,2023-08-13 05:36:56,DELIVERED,WEST
506,133,2025-03-08 04:56:29,CANCELLED,NORTH
507,467,2023-09-01 15:24:27,RETURNED,EAST
508,122,2024-09-26 18:27:09,SHIPPED,EAST
509,42,2023-07-02 21:44:52,DELIVERED,EAST
510,,2023-08-10 22:33:25,SHIPPED,CENTRAL
511,313,01-12-2023,SHIPPED,WEST
512,561,2023-03-11 09:53:00,DELIVERED,CENTRAL
513,464,2024-08-09 02:58:24,DELIVERED,CENTRAL
514,142,2024-12-17 00:56:44,DELIVERED,WEST
515,334,2025-08-28 13:07:47,DELIVERED,WEST
516,405,2023-03-13 04:16:57,RETURNED,WEST
517,91,2023-02-08 12:45:48,DELIVERED,EAST
518,127,2023-05-13 06:41:52,SHIPPED,CENTRAL
519,55,2025-03-21 12:23:28,SHIPPED,WEST
520,20,2025-04-06 05:09:25,SHIPPED,NORTH
521,211,2025-06-19 07:17:33,DELIVERED,CENTRAL
522,412,2025-02-02 11:26:34,CANCELLED,NORTH
523,185,2025-03-31 01:36:14,DELIVERED,EAST
524,102,2024-03-19 06:41:00,SHIPPED,EAST
525,158,2024-09-24 16:21:57,DELIVERED,NORTH
526,334,2023-04-01 21:06:16,DELIVERED,NORTH
527,423,05-02-2024,DELIVERED,NORTH
528,246,2025-06-29 08:44:51,SHIPPED,CENTRAL
529,395,2024-02-23 07:46:00,PLACED,WEST
530,68,2024-09-25 00:28:10,DELIVERED,NORTH
531,104,2025-05-11 16:59:33,DELIVERED,SOUTH
532,417,2025-09-14 16:18:16,DELIVERED,SOUTH
533,173,2025-04-15 00:46:50,RETURNED,CENTRAL
534,2,22-08-2025,DELIVERED,SOUTH
535,494,2024-01-25 17:49:05,CANCELLED,WEST
536,218,2025-03-03 18:25:21,DELIVERED,SOUTH
537,577,2023-05-20 08:49:17,DELIVERED,NORTH
538,570,2024-11-02 00:43:36,SHIPPED,CENTRAL
539,326,2024-06-16 06:22:05,DELIVERED,WEST
540,330,15-12-2024,RETURNED,EAST
541,137,2023-01-04 04:20:12,DELIVERED,NORTH
542,178,2025-12-17 23:01:37,DELIVERED,WEST
543,80,2025-11-09 07:33:01,DELIVERED,NORTH
544,386,2024-07-10 01:55:48,DELIVERED,NORTH
545,380,2024-11-21 15:03:23,PLACED,NORTH
546,367,2025-08-10 22:48:06,DELIVERED,SOUTH
547,506,2023-02-27 03:51:21,DELIVERED,CENTRAL
548,201,2025-09-18 18:37:23,DELIVERED,EAST
549,506,2023-10-29 00:16:43,DELIVERED,CENTRAL
550,579,2025-07-02 16:21:54,SHIPPED,NORTH
551,584,2025-03-23 13:50:03,DELIVERED,EAST
552,24,2025-12-12 12:23:01,DELIVERED,CENTRAL
553,574,2023-01-04 00:53:10,RETURNED,NORTH
554,331,2024-09-24 01:25:58,DELIVERED,CENTRAL
555,371,09-03-2023,CANCELLED,SOUTH
556,431,2024-05-06 06:21:18,PLACED,SOUTH
557,586,2023-12-17 12:01:17,RETURNED,WEST
558,256,26-05-2024,DELIVERED,NORTH
559,443,2025-07-09 11:08:53,DELIVERED,EAST
560,254,2024-01-06 06:40:31,RETURNED,NORTH
561,533,2023-04-24 06:18:46,DELIVERED,CENTRAL
562,98,2025-06-18 08:14:29,SHIPPED,NORTH
563,387,13-12-2025,PLACED,SOUTH
564,453,2025-08-06 17:59:12,DELIVERED,NORTH
565,58,2024-04-03 03:17:38,CANCELLED,WEST
566,421,20-07-2025,DELIVERED,CENTRAL
567,394,2024-10-27 00:56:19,CANCELLED,CENTRAL
568,27,2024-05-24 19:56:48,DELIVERED,NORTH
569,70,2023-10-28 18:28:23,RETURNED,SOUTH
570,263,2025-01-17 19:52:00,DELIVERED,WEST
571,141,2023-04-04 23:16:29,SHIPPED,CENTRAL
572,367,2025-04-20 15:17:58,DELIVERED,SOUTH
573,352,13-01-2023,DELIVERED,SOUTH
574,520,2025-05-19 01:48:16,CANCELLED,WEST
575,206,2023-11-09 15:33:45,DELIVERED,EAST
576,488,2024-12-27 02:01:26,DELIVERED,EAST
577,580,2025-08-15 01:59:23,DELIVERED,EAST
578,466,2023-03-07 13:02:14,DELIVERED,NORTH
579,236,2023-11-28 02:22:46,SHIPPED,EAST
580,385,2023-10-14 05:07:59,CANCELLED,NORTH
581,76,2025-05-11 16:24:07,SHIPPED,EAST
582,600,2024-07-13 02:23:20,PLACED,NORTH
583,291,2024-02-12 00:01:30,DELIVERED,EAST
584,252,2023-02-03 09:16:51,SHIPPED,EAST
585,22,2023-08-02 04:48:35,DELIVERED,NORTH
586,216,2024-01-09 01:26:18,DELIVERED,EAST
587,540,2025-08-26 02:43:15,CANCELLED,NORTH
588,134,2023-10-25 18:23:47,DELIVERED,EAST
589,440,2024-01-15 21:28:16,RETURNED,CENTRAL
590,549,2023-08-19 18:58:34,DELIVERED,NORTH
591,287,2025-02-28 13:39:34,RETURNED,WEST
592,84,2025-10-27 17:09:17,DELIVERED,SOUTH
593,522,2025-03-17 01:42:34,DELIVERED,EAST
594,539,2025-02-07 15:11:01,DELIVERED,CENTRAL
595,598,2023-11-18 20:57:39,SHIPPED,SOUTH
596,241,2024-04-20 08:28:15,DELIVERED,WEST
597,384,2023-05-12 16:02:29,SHIPPED,NORTH
598,532,2025-06-26 03:41:23,PLACED,CENTRAL
599,437,2024-11-02 20:58:47,DELIVERED,WEST
600,,2024-11-17 03:20:26,SHIPPED,NORTH
601,85,2025-02-18 11:09:07,DELIVERED,NORTH
602,234,2023-04-21 20:04:17,DELIVERED,CENTRAL
603,202,2024-01-24 09:33:25,DELIVERED,EAST
604,142,2025-04-23 17:11:28,RETURNED,NORTH
605,289,2024-09-19 07:10:13,RETURNED,CENTRAL
606,13,2025-03-07 08:51:51,RETURNED,SOUTH
607,234,2023-11-23 00:42:28,DELIVERED,CENTRAL
608,566,2024-12-17 18:16:52,DELIVERED,NORTH
609,193,2025-12-20 05:08:11,DELIVERED,WEST
610,,2023-08-04 20:26:23,DELIVERED,SOUTH
611,10,2025-10-20 11:38:18,CANCELLED,EAST
612,436,2024-09-18 14:40:32,DELIVERED,CENTRAL
613,24,2023-02-20 00:50:17,RETURNED,SOUTH
614,339,2025-07-25 17:34:23,RETURNED,CENTRAL
615,391,2024-08-29 19:58:16,PLACED,WEST
616,112,2024-12-02 10:27:25,DELIVERED,EAST
617,107,2023-10-03 22:45:13,PLACED,CENTRAL
618,192,2024-08-22 11:10:31,DELIVERED,SOUTH
619,537,2023-03-31 06:00:35,DELIVERED,NORTH
620,421,2023-06-22 00:50:01,SHIPPED,WEST
621,71,2023-11-17 18:07:15,SHIPPED,SOUTH
622,487,2025-06-12 08:57:38,RETURNED,CENTRAL
623,470,12-01-2023,RETURNED,WEST
624,409,2024-01-19 10:52:00,DELIVERED,CENTRAL
625,472,2023-03-02 17:11:11,DELIVERED,EAST
626,468,2024-04-07 01:41:32,DELIVERED,SOUTH
627,184,2024-11-02 04:59:01,DELIVERED,SOUTH
628,98,2023-03-09 19:55:45,SHIPPED,SOUTH
629,551,2023-04-14 16:23:29,DELIVERED,SOUTH
630,422,08-05-2025,SHIPPED,EAST
631,108,2024-05-21 10:39:02,DELIVERED,SOUTH
632,,2023-02-11 12:06:53,PLACED,WEST
633,409,2024-09-08 05:05:27,PLACED,EAST
634,140,2024-12-22 04:19:42,DELIVERED,NORTH
635,249,2024-11-10 23:31:14,SHIPPED,EAST
636,175,2025-07-31 22:10:25,SHIPPED,EAST
637,401,2025-11-08 23:18:49,DELIVERED,EAST
638,367,2023-02-23 12:11:48,CANCELLED,CENTRAL
639,49,2025-03-23 06:10:22,DELIVERED,NORTH
640,316,2025-07-18 06:42:43,PLACED,WEST
641,256,2024-01-06 13:25:40,SHIPPED,NORTH
642,15,2023-10-26 11:56:20,DELIVERED,NORTH
643,99,28-10-2025,SHIPPED,SOUTH
644,525,2024-05-23 04:43:04,DELIVERED,SOUTH
645,555,2024-10-26 16:32:01,SHIPPED,SOUTH
646,332,2024-09-16 16:50:48,DELIVERED,NORTH
647,470,2025-10-19 02:35:24,CANCELLED,CENTRAL
648,69,2024-09-30 14:48:03,DELIVERED,CENTRAL
649,105,2025-06-03 05:30:10,SHIPPED,NORTH
650,398,2025-12-13 15:47:02,SHIPPED,SOUTH
651,326,01-11-2025,DELIVERED,EAST
652,600,2025-03-04 20:26:07,DELIVERED,SOUTH
653,14,2025-08-15 11:08:38,DELIVERED,NORTH
654,439,2025-08-20 18:33:35,PLACED,SOUTH
655,304,2024-08-06 16:53:55,SHIPPED,NORTH
656,455,2024-05-25 14:26:45,SHIPPED,EAST
657,41,2024-10-06 12:20:49,DELIVERED,EAST
658,235,2024-05-29 14:39:03,DELIVERED,SOUTH
659,255,2025-12-17 15:07:37,DELIVERED,CENTRAL
660,534,2024-11-18 04:24:33,DELIVERED,NORTH
661,72,2023-03-22 22:41:04,DELIVERED,SOUTH
662,129,2025-07-09 14:52:19,DELIVERED,SOUTH
663,81,2024-12-26 13:47:24,DELIVERED,SOUTH
664,181,2024-04-15 20:24:48,DELIVERED,WEST
665,207,2025-01-17 11:20:39,PLACED,EAST
666,172,2024-10-18 15:17:45,DELIVERED,WEST
667,,2024-08-15 12:20:33,DELIVERED,NORTH
668,308,2023-08-26 08:44:55,DELIVERED,SOUTH
669,475,2024-03-15 23:25:16,DELIVERED,CENTRAL
670,342,29-12-2024,SHIPPED,SOUTH
671,513,2024-08-04 09:20:33,DELIVERED,WEST
672,383,23-04-2024,DELIVERED,CENTRAL
673,40,2023-07-13 08:51:28,DELIVERED,CENTRAL
674,447,2024-06-25 11:57:19,DELIVERED,WEST
675,378,2025-10-08 03:32:49,DELIVERED,WEST
676,249,2024-07-15 10:30:04,DELIVERED,NORTH
677,152,2024-12-08 13:10:51,RETURNED,SOUTH
678,593,2023-09-08 18:27:01,PLACED,NORTH
679,394,2025-06-29 13:38:40,RETURNED,NORTH
680,194,2023-09-15 14:21:07,CANCELLED,EAST
681,513,2025-10-19 22:08:22,CANCELLED,CENTRAL
682,422,2023-05-19 01:26:31,SHIPPED,CENTRAL
683,353,2024-02-22 21:50:32,DELIVERED,WEST
684,7,2025-02-02 20:46:19,PLACED,NORTH
685,428,2025-10-13 18:19:07,DELIVERED,WEST
686,384,2023-07-28 16:15:44,SHIPPED,SOUTH
687,113,2023-11-27 05:18:35,SHIPPED,NORTH
688,197,2024-09-27 00:53:07,DELIVERED,CENTRAL
689,171,14-05-2023,DELIVERED,EAST
690,31,12-01-2025,DELIVERED,NORTH
691,273,2023-01-12 05:25:45,DELIVERED,NORTH
692,535,2024-08-06 13:50:10,DELIVERED,EAST
693,485,2025-07-27 20:36:16,DELIVERED,EAST
694,352,2024-01-08 04:49:28,RETURNED,WEST
695,59,2024-05-28 00:48:29,CANCELLED,NORTH
696,412,2023-08-04 17:11:20,PLACED,NORTH
697,287,2024-01-22 02:09:17,DELIVERED,CENTRAL
698,487,22-10-2025,SHIPPED,EAST
699,369,2024-05-20 16:27:32,DELIVERED,SOUTH
700,410,2023-05-07 09:39:53,DELIVERED,WEST
701,103,2024-04-01 12:00:20,DELIVERED,SOUTH
702,586,2025-02-22 22:13:00,PLACED,WEST
703,309,2025-05-02 10:45:29,RETURNED,WEST
704,457,2025-01-19 00:32:46,DELIVERED,SOUTH
705,175,2025-10-21 21:04:48,DELIVERED,NORTH
706,30,2024-05-22 04:49:54,RETURNED,EAST
707,264,2025-11-07 17:49:39,SHIPPED,SOUTH
708,504,2025-12-10 15:35:50,DELIVERED,SOUTH
709,67,2024-08-08 15:57:48,RETURNED,WEST
710,576,2024-11-09 19:08:00,CANCELLED,SOUTH
711,298,2023-05-19 11:21:31,DELIVERED,CENTRAL
712,119,2023-07-17 22:28:02,CANCELLED,WEST
713,2,2025-07-05 15:01:23,DELIVERED,WEST
714,328,2025-11-21 06:13:13,RETURNED,SOUTH
715,228,2023-01-15 06:34:22,DELIVERED,WEST
716,304,2025-02-15 11:06:44,DELIVERED,SOUTH
717,150,2025-12-28 00:30:08,PLACED,EAST
718,127,2025-06-10 15:13:31,DELIVERED,SOUTH
719,386,2024-06-01 12:31:44,SHIPPED,SOUTH
720,231,2023-03-23 15:48:49,RETURNED,SOUTH
721,402,2025-10-21 02:37:58,RETURNED,SOUTH
722,562,2024-10-18 05:36:37,DELIVERED,EAST
723,401,2024-03-15 16:29:28,DELIVERED,SOUTH
724,562,2023-07-23 08:19:52,DELIVERED,CENTRAL
725,56,2024-04-17 08:42:02,DELIVERED,SOUTH
726,453,2024-03-28 04:18:26,CANCELLED,SOUTH
727,201,2023-01-15 04:29:05,DELIVERED,CENTRAL
728,152,2024-10-25 11:51:16,DELIVERED,SOUTH
729,99,2025-01-06 03:22:07,SHIPPED,NORTH
730,528,2025-07-10 19:16:18,DELIVERED,SOUTH
731,414,2023-07-04 13:16:47,SHIPPED,WEST
732,177,2024-08-06 02:52:08,DELIVERED,NORTH
733,392,2025-10-11 16:53:32,DELIVERED,NORTH
734,85,2025-09-23 09:28:22,DELIVERED,CENTRAL
735,587,2025-01-14 20:59:41,DELIVERED,NORTH
736,186,2025-09-28 08:18:17,DELIVERED,EAST
737,102,2025-04-14 23:51:54,SHIPPED,NORTH
738,550,2025-04-03 11:06:01,DELIVERED,CENTRAL
739,552,2025-10-09 09:09:42,SHIPPED,SOUTH
740,121,2025-07-19 16:09:50,DELIVERED,NORTH
741,322,2023-07-20 02:36:29,DELIVERED,SOUTH
742,263,2023-02-24 09:05:29,PLACED,NORTH
743,373,2023-09-24 13:49:51,DELIVERED,NORTH
744,48,2025-03-17 22:14:28,RETURNED,EAST
745,456,2025-01-31 21:02:01,DELIVERED,CENTRAL
746,361,2025-03-04 04:11:16,SHIPPED,NORTH
747,46,2023-10-20 03:53:38,SHIPPED,SOUTH
748,566,2024-07-11 18:55:10,DELIVERED,CENTRAL
749,564,2024-08-16 01:52:34,DELIVERED,SOUTH
750,86,2025-11-16 22:42:18,DELIVERED,SOUTH
751,73,2024-02-23 11:56:53,RETURNED,SOUTH
752,578,2025-03-05 11:23:49,DELIVERED,WEST
753,324,2024-11-04 14:47:28,DELIVERED,CENTRAL
754,277,20-06-2023,DELIVERED,WEST
755,92,2024-06-02 02:25:40,DELIVERED,SOUTH
756,232,2023-06-02 03:43:24,DELIVERED,SOUTH
757,108,2023-07-11 20:32:38,SHIPPED,EAST
758,502,2024-06-25 23:56:33,DELIVERED,EAST
759,102,2023-09-23 05:55:30,DELIVERED,WEST
760,545,2024-09-17 11:55:37,DELIVERED,SOUTH
761,526,2025-10-18 11:43:23,SHIPPED,WEST
762,274,2025-09-19 22:51:37,RETURNED,SOUTH
763,429,2023-10-12 10:37:53,DELIVERED,EAST
764,515,2024-10-26 12:14:17,DELIVERED,SOUTH
765,90,2024-09-23 11:58:10,DELIVERED,NORTH
766,79,2023-05-26 10:54:50,SHIPPED,NORTH
767,293,2025-02-04 14:47:58,CANCELLED,NORTH
768,435,2023-07-31 22:25:07,DELIVERED,CENTRAL
769,546,2024-09-21 21:04:17,PLACED,SOUTH
770,8,2025-12-27 10:31:03,DELIVERED,EAST
771,541,2023-03-07 19:08:43,DELIVERED,SOUTH
772,537,2023-09-29 13:32:44,PLACED,SOUTH
773,53,2024-08-11 21:40:38,SHIPPED,NORTH
774,256,2023-07-03 02:20:26,DELIVERED,WEST
775,,2025-09-07 11:57:49,DELIVERED,SOUTH
776,528,2023-02-25 00:53:36,RETURNED,CENTRAL
777,59,2025-08-14 04:37:51,DELIVERED,EAST
778,6,2023-10-17 04:27:44,DELIVERED,NORTH
779,504,2025-04-01 22:08:58,DELIVERED,SOUTH
780,,2025-10-17 01:04:09,DELIVERED,WEST
781,307,2023-10-11 00:14:19,DELIVERED,EAST
782,450,2024-11-13 12:24:18,SHIPPED,EAST
783,6,05-11-2023,SHIPPED,EAST
784,405,2024-05-29 12:32:04,RETURNED,SOUTH
785,491,2024-02-17 21:43:41,SHIPPED,WEST
786,131,2024-09-13 04:27:31,DELIVERED,WEST
787,111,15-07-2023,SHIPPED,CENTRAL
788,243,2024-06-15 11:56:27,DELIVERED,CENTRAL
789,445,2024-03-14 10:02:59,DELIVERED,WEST
790,157,2023-10-18 06:39:16,SHIPPED,NORTH
791,254,2024-10-28 16:12:16,SHIPPED,NORTH
792,515,2023-10-21 02:05:23,RETURNED,CENTRAL
793,153,2023-07-25 12:20:43,DELIVERED,EAST
794,150,2025-08-15 15:34:08,SHIPPED,NORTH
795,538,2025-09-10 19:30:25,RETURNED,SOUTH
796,491,2024-10-25 10:25:44,DELIVERED,EAST
797,373,2024-06-29 07:08:32,DELIVERED,SOUTH
798,49,2023-01-01 19:58:51,PLACED,EAST
799,484,2025-07-31 04:46:21,SHIPPED,SOUTH
800,504,2024-04-17 19:14:24,SHIPPED,NORTH
801,134,2024-07-15 09:24:28,DELIVERED,CENTRAL
802,381,2024-03-04 16:02:52,SHIPPED,WEST
803,109,2025-07-23 22:02:23,SHIPPED,CENTRAL
804,196,2024-11-23 11:30:09,RETURNED,NORTH
805,352,2025-01-06 15:24:07,RETURNED,SOUTH
806,,2023-10-25 19:20:41,DELIVERED,EAST
807,574,2024-07-22 13:55:02,DELIVERED,NORTH
808,70,2025-03-24 15:17:27,RETURNED,CENTRAL
809,171,18-12-2025,RETURNED,EAST
810,580,2025-12-13 18:51:47,SHIPPED,WEST
811,546,2023-04-27 11:39:47,SHIPPED,CENTRAL
812,400,2024-02-26 18:02:13,SHIPPED,NORTH
813,224,2023-01-14 18:22:26,CANCELLED,CENTRAL
814,538,2023-12-09 06:44:01,DELIVERED,EAST
815,176,2025-04-08 20:46:28,SHIPPED,NORTH
816,285,2024-02-25 02:32:31,CANCELLED,NORTH
817,255,2023-11-23 04:20:16,DELIVERED,NORTH
818,378,2025-05-03 06:27:32,DELIVERED,SOUTH
819,302,2023-03-30 22:56:07,DELIVERED,NORTH
820,225,2024-03-10 11:35:30,SHIPPED,NORTH
821,598,2025-12-04 22:48:04,DELIVERED,EAST
822,565,2024-11-17 21:50:51,SHIPPED,EAST
823,405,2023-12-26 23:15:53,DELIVERED,WEST
824,491,2023-10-09 23:18:55,DELIVERED,SOUTH
825,503,2023-10-08 06:02:49,DELIVERED,NORTH
826,182,2025-12-03 18:53:33,DELIVERED,NORTH
827,437,2025-09-29 03:46:13,RETURNED,NORTH
828,141,2023-01-19 07:30:29,DELIVERED,WEST
829,113,2025-09-28 04:02:04,RETURNED,SOUTH
830,86,2025-09-01 14:35:05,DELIVERED,NORTH
831,109,2024-06-09 16:05:25,CANCELLED,NORTH
832,492,2024-11-21 05:40:52,CANCELLED,EAST
833,159,2025-04-24 08:08:03,DELIVERED,CENTRAL
834,46,2024-04-05 23:12:46,SHIPPED,WEST
835,,2024-10-25 12:45:47,DELIVERED,EAST
836,232,2025-11-29 04:55:58,DELIVERED,NORTH
837,113,2024-03-13 18:47:51,DELIVERED,CENTRAL
838,370,2023-05-12 17:44:01,CANCELLED,CENTRAL
839,439,2025-07-20 11:08:11,SHIPPED,WEST
840,309,2024-03-21 20:20:33,DELIVERED,NORTH
841,512,2024-02-17 06:51:55,CANCELLED,NORTH
842,153,2023-08-16 17:14:14,DELIVERED,WEST
843,490,2023-06-25 19:03:39,DELIVERED,EAST
844,331,2023-10-10 12:41:31,DELIVERED,EAST
845,435,2024-10-05 00:57:49,DELIVERED,EAST
846,252,2025-05-03 08:51:07,DELIVERED,CENTRAL
847,550,2024-08-20 11:56:36,PLACED,WEST
848,225,2024-01-01 08:37:59,DELIVERED,SOUTH
849,18,06-01-2025,RETURNED,NORTH
850,358,2023-08-05 11:19:03,DELIVERED,SOUTH
851,565,16-10-2024,SHIPPED,SOUTH
852,142,2025-12-16 20:35:09,DELIVERED,WEST
853,435,25-12-2025,SHIPPED,CENTRAL
854,,21-07-2024,SHIPPED,SOUTH
855,583,2024-10-09 00:03:15,SHIPPED,SOUTH
856,144,2025-12-21 04:21:02,RETURNED,WEST
857,346,2025-09-28 17:38:39,DELIVERED,EAST
858,62,2023-02-19 21:29:13,DELIVERED,SOUTH
859,12,2024-10-20 01:43:36,DELIVERED,WEST
860,265,2025-02-18 15:09:38,DELIVERED,SOUTH
861,161,2023-05-23 19:38:31,DELIVERED,SOUTH
862,411,2023-12-07 01:25:21,DELIVERED,CENTRAL
863,80,2024-12-28 16:33:48,DELIVERED,WEST
864,169,2024-07-31 01:42:31,DELIVERED,SOUTH
865,107,26-07-2025,DELIVERED,EAST
866,289,15-06-2023,PLACED,CENTRAL
867,317,2023-11-10 08:53:14,DELIVERED,NORTH
868,88,27-05-2025,PLACED,WEST
869,323,2024-04-24 09:37:23,PLACED,EAST
870,408,2024-05-03 12:22:56,DELIVERED,EAST
871,100,21-02-2025,SHIPPED,SOUTH
872,392,2023-02-28 02:40:55,DELIVERED,SOUTH
873,81,2023-05-25 22:08:07,RETURNED,SOUTH
874,145,2023-09-08 04:16:05,RETURNED,CENTRAL
875,536,2024-06-14 08:53:04,DELIVERED,SOUTH
876,369,2024-10-31 09:10:13,PLACED,WEST
877,77,2025-05-30 15:35:45,DELIVERED,WEST
878,16,2024-04-25 20:34:25,DELIVERED,NORTH
879,466,2024-04-04 05:04:18,SHIPPED,EAST
880,362,2023-10-06 08:32:51,DELIVERED,WEST
881,485,2024-11-17 16:38:47,DELIVERED,SOUTH
882,583,2024-07-18 15:13:20,CANCELLED,WEST
883,133,2025-03-07 02:36:40,CANCELLED,EAST
884,424,2024-02-13 06:55:00,CANCELLED,NORTH
885,59,16-01-2024,DELIVERED,CENTRAL
886,108,2023-09-03 18:20:23,DELIVERED,NORTH
887,474,2024-06-26 01:21:00,DELIVERED,CENTRAL
888,477,2023-10-08 01:04:40,DELIVERED,WEST
889,205,2023-04-11 03:40:22,DELIVERED,CENTRAL
890,488,2024-12-07 03:55:13,PLACED,SOUTH
891,150,2024-05-12 09:25:20,DELIVERED,CENTRAL
892,64,2024-07-15 13:25:36,DELIVERED,WEST
893,217,2025-11-28 01:07:07,DELIVERED,EAST
894,86,2024-03-01 11:55:49,DELIVERED,EAST
895,463,2025-03-26 05:08:23,SHIPPED,EAST
896,56,2024-10-27 16:54:59,DELIVERED,EAST
897,358,2025-01-18 04:17:27,DELIVERED,SOUTH
898,448,2025-12-12 09:14:16,DELIVERED,NORTH
899,204,2025-11-03 15:26:47,DELIVERED,SOUTH
900,,2024-12-13 12:02:57,RETURNED,WEST
901,117,2025-11-12 22:30:08,DELIVERED,CENTRAL
902,462,2023-07-15 07:04:37,DELIVERED,CENTRAL
903,224,2023-10-19 12:21:28,DELIVERED,CENTRAL
904,387,2023-11-22 20:32:03,RETURNED,CENTRAL
905,380,2023-01-26 03:39:15,DELIVERED,EAST
906,128,2025-10-05 01:10:50,RETURNED,WEST
907,361,2024-10-23 12:48:31,DELIVERED,EAST
908,181,2024-08-02 14:58:38,SHIPPED,CENTRAL
909,447,2025-10-21 15:52:45,DELIVERED,WEST
910,102,2023-06-11 06:23:36,PLACED,NORTH
911,422,2025-08-27 01:54:26,RETURNED,NORTH
912,516,2023-02-20 16:44:27,DELIVERED,WEST
913,466,2023-06-27 20:54:38,SHIPPED,WEST
914,360,21-12-2024,DELIVERED,WEST
915,384,2025-02-27 11:14:19,DELIVERED,EAST
916,425,07-01-2023,RETURNED,WEST
917,27,2024-08-04 14:51:27,CANCELLED,CENTRAL
918,326,2025-06-07 20:41:38,RETURNED,SOUTH
919,401,2025-09-28 02:15:15,DELIVERED,NORTH
920,592,2025-09-15 09:59:42,DELIVERED,SOUTH
921,326,2024-11-10 11:30:47,SHIPPED,SOUTH
922,591,2025-09-01 12:07:27,RETURNED,CENTRAL
923,331,2023-05-25 21:11:11,PLACED,NORTH
924,,2025-04-24 13:34:45,RETURNED,NORTH
925,26,2023-07-22 19:10:57,RETURNED,EAST
926,228,2025-04-11 17:48:02,CANCELLED,WEST
927,53,2023-08-12 08:06:59,DELIVERED,CENTRAL
928,114,2025-07-14 16:33:18,SHIPPED,SOUTH
929,185,2025-02-06 18:47:27,CANCELLED,SOUTH
930,503,2024-10-04 17:32:11,PLACED,NORTH
931,430,2024-05-02 03:17:37,DELIVERED,WEST
932,185,2023-10-05 13:33:50,DELIVERED,CENTRAL
933,121,2024-06-22 17:02:03,DELIVERED,CENTRAL
934,6,2024-01-31 08:29:08,RETURNED,SOUTH
935,,2025-03-05 23:13:33,DELIVERED,SOUTH
936,118,2023-02-15 19:45:03,DELIVERED,SOUTH
937,130,2025-01-18 02:24:45,SHIPPED,NORTH
938,565,2024-12-26 12:39:10,DELIVERED,WEST
939,410,2024-01-24 12:08:54,SHIPPED,EAST
940,106,2025-07-01 18:31:43,DELIVERED,SOUTH
941,500,2024-11-24 01:57:57,DELIVERED,EAST
942,111,2024-10-28 21:56:52,SHIPPED,EAST
943,66,2023-02-22 10:39:51,RETURNED,EAST
944,301,2025-09-29 02:59:43,RETURNED,CENTRAL
945,31,2024-05-16 06:25:32,DELIVERED,SOUTH
946,75,2024-07-31 08:30:00,DELIVERED,EAST
947,327,2024-05-25 21:08:22,SHIPPED,CENTRAL
948,239,2024-08-21 23:52:12,DELIVERED,SOUTH
949,106,2025-08-02 08:19:03,RETURNED,NORTH
950,432,2024-11-07 01:38:22,DELIVERED,EAST
951,51,2025-02-13 15:03:20,PLACED,EAST
952,128,2025-07-23 06:57:39,DELIVERED,WEST
953,22,2025-09-26 21:37:49,DELIVERED,CENTRAL
954,473,2024-09-17 17:52:29,PLACED,CENTRAL
955,41,2023-01-26 06:40:30,PLACED,NORTH
956,426,2024-03-02 16:34:19,DELIVERED,EAST
957,570,2025-02-06 02:53:30,DELIVERED,WEST
958,466,2025-09-22 21:50:00,RETURNED,NORTH
959,,2023-03-16 07:23:22,CANCELLED,SOUTH
960,331,2024-11-07 19:25:10,SHIPPED,NORTH
961,378,2025-04-15 01:37:42,RETURNED,NORTH
962,45,2024-04-17 16:45:25,PLACED,EAST
963,389,2023-09-22 14:41:03,RETURNED,CENTRAL
964,130,2023-08-18 21:53:42,DELIVERED,WEST
965,126,2024-01-09 15:21:50,DELIVERED,WEST
966,330,2025-01-19 20:35:44,SHIPPED,EAST
967,85,2024-01-12 12:26:30,DELIVERED,SOUTH
968,77,2023-04-04 14:54:50,SHIPPED,SOUTH
969,395,2023-06-12 09:20:12,DELIVERED,CENTRAL
970,527,2024-04-29 09:41:40,DELIVERED,SOUTH
971,109,2023-12-06 20:53:22,RETURNED,WEST
972,526,2024-09-13 16:43:13,SHIPPED,EAST
973,315,2025-06-15 17:09:07,DELIVERED,SOUTH
974,110,2024-01-09 16:49:07,PLACED,WEST
975,30,2025-04-04 16:50:33,DELIVERED,EAST
976,564,2024-11-01 06:30:11,SHIPPED,WEST
977,521,16-11-2024,DELIVERED,NORTH
978,392,2024-10-18 11:14:11,SHIPPED,SOUTH
979,283,2025-02-05 19:20:48,DELIVERED,NORTH
980,255,2023-12-08 02:31:37,SHIPPED,NORTH
981,245,2023-06-06 22:44:44,DELIVERED,CENTRAL
982,415,2023-06-07 08:53:49,SHIPPED,EAST
983,176,2024-06-24 00:42:06,DELIVERED,CENTRAL
984,4,2025-02-20 18:09:09,RETURNED,CENTRAL
985,313,2025-12-04 16:06:36,SHIPPED,EAST
986,171,2024-12-08 03:41:40,SHIPPED,NORTH
987,439,2023-10-03 18:14:26,RETURNED,NORTH
988,10,2025-01-06 01:40:07,DELIVERED,WEST
989,484,2023-01-28 00:22:36,DELIVERED,EAST
990,538,2023-08-16 17:00:31,DELIVERED,NORTH
991,344,2024-06-28 22:03:54,RETURNED,EAST
992,260,2023-01-22 01:35:33,CANCELLED,EAST
993,531,2025-07-14 10:55:44,DELIVERED,EAST
994,22,2024-09-29 09:47:56,CANCELLED,SOUTH
995,32,2025-12-16 21:31:51,RETURNED,EAST
996,92,2024-08-09 20:35:39,DELIVERED,EAST
997,558,2024-11-28 21:58:30,RETURNED,CENTRAL
998,358,2024-08-30 10:30:51,DELIVERED,EAST
999,43,2025-12-26 06:19:44,DELIVERED,CENTRAL
1000,466,2024-06-23 01:00:58,DELIVERED,NORTH
1001,151,2023-08-22 08:53:47,DELIVERED,EAST
1002,167,23-03-2024,PLACED,EAST
1003,42,2025-07-10 07:18:45,SHIPPED,WEST
1004,441,2023-01-01 23:55:29,PLACED,SOUTH
1005,291,2025-02-18 19:39:51,DELIVERED,CENTRAL
1006,89,2023-08-10 14:09:47,RETURNED,SOUTH
1007,83,2023-02-19 22:08:33,DELIVERED,EAST
1008,396,2023-06-02 10:52:32,CANCELLED,EAST
1009,178,2025-11-20 16:05:30,CANCELLED,CENTRAL
1010,205,2024-10-08 17:14:51,DELIVERED,EAST
1011,305,2025-09-03 01:25:25,DELIVERED,SOUTH
1012,448,2025-03-29 00:00:16,DELIVERED,EAST
1013,367,2024-10-26 08:39:44,DELIVERED,WEST
1014,,2024-10-15 20:59:01,PLACED,SOUTH
1015,310,2025-06-20 11:59:16,DELIVERED,SOUTH
1016,580,2023-03-25 03:58:03,DELIVERED,WEST
1017,7,2025-03-15 16:44:54,DELIVERED,NORTH
1018,277,2025-10-06 13:16:49,SHIPPED,CENTRAL
1019,298,2025-12-08 19:10:10,DELIVERED,NORTH
1020,599,2023-03-24 08:44:19,DELIVERED,CENTRAL
1021,508,2025-11-15 15:12:16,DELIVERED,SOUTH
1022,319,2023-01-11 00:30:11,CANCELLED,CENTRAL
1023,118,2023-08-26 17:04:36,DELIVERED,NORTH
1024,254,2025-01-05 22:23:49,PLACED,CENTRAL
1025,57,2024-04-10 21:58:05,DELIVERED,SOUTH
1026,560,2025-08-09 21:21:02,DELIVERED,CENTRAL
1027,150,2023-10-15 02:08:10,SHIPPED,SOUTH
1028,560,2025-01-16 09:05:17,DELIVERED,NORTH
1029,505,2024-03-03 11:30:15,DELIVERED,NORTH
1030,436,2024-03-16 06:44:46,DELIVERED,CENTRAL
1031,595,2025-09-29 03:24:22,DELIVERED,CENTRAL
1032,364,2024-12-27 20:50:28,CANCELLED,WEST
1033,163,2025-02-20 16:51:55,SHIPPED,CENTRAL
1034,65,2023-08-24 04:42:08,DELIVERED,CENTRAL
1035,144,19-10-2025,DELIVERED,WEST
1036,496,2025-01-02 20:12:03,DELIVERED,SOUTH
1037,520,2025-03-27 05:35:45,DELIVERED,EAST
1038,595,17-08-2025,CANCELLED,NORTH
1039,163,2025-10-30 10:43:36,SHIPPED,WEST
1040,238,2024-01-03 13:43:41,SHIPPED,SOUTH
1041,394,2024-10-14 12:49:42,RETURNED,NORTH
1042,,2023-04-24 05:13:35,DELIVERED,EAST
1043,31,2024-05-13 21:41:00,SHIPPED,WEST
1044,588,2023-11-01 00:53:38,DELIVERED,WEST
1045,231,2023-09-09 19:08:15,DELIVERED,CENTRAL
1046,197,2023-02-07 15:50:47,DELIVERED,NORTH
1047,144,2024-07-12 13:24:20,DELIVERED,CENTRAL
1048,74,2025-11-26 00:16:10,DELIVERED,CENTRAL
1049,213,2025-01-05 22:02:29,DELIVERED,EAST
1050,573,2023-04-15 07:42:28,DELIVERED,WEST
1051,583,2025-03-14 12:21:39,DELIVERED,NORTH
1052,53,2024-05-29 01:35:03,PLACED,EAST
1053,258,2024-07-09 23:40:22,PLACED,SOUTH
1054,77,2024-01-10 23:59:04,CANCELLED,CENTRAL
1055,409,2025-04-28 02:10:43,DELIVERED,NORTH
1056,270,2023-02-20 03:17:20,DELIVERED,EAST
1057,61,2025-04-29 20:53:40,CANCELLED,EAST
1058,64,2023-04-24 06:21:09,CANCELLED,CENTRAL
1059,37,2023-04-20 22:14:21,RETURNED,CENTRAL
1060,83,2025-01-13 17:53:40,RETURNED,EAST
1061,,2025-02-27 12:51:31,SHIPPED,EAST
1062,311,20-12-2023,PLACED,NORTH
1063,201,2024-08-12 08:37:27,DELIVERED,NORTH
1064,54,2024-08-09 00:04:19,DELIVERED,WEST
1065,563,2024-11-11 08:03:57,SHIPPED,CENTRAL
1066,377,2024-06-17 00:39:03,DELIVERED,NORTH
1067,95,2023-12-19 19:52:00,DELIVERED,CENTRAL
1068,16,24-01-2024,CANCELLED,NORTH
1069,450,2023-03-09 21:58:42,DELIVERED,CENTRAL
1070,251,2023-07-21 12:10:19,DELIVERED,WEST
1071,79,2025-04-24 12:35:57,SHIPPED,EAST
1072,226,2024-04-15 06:10:44,RETURNED,CENTRAL
1073,251,2024-02-20 14:26:13,DELIVERED,CENTRAL
1074,56,2024-09-30 04:59:46,DELIVERED,CENTRAL
1075,81,2023-08-02 00:37:56,CANCELLED,CENTRAL
1076,567,01-08-2024,DELIVERED,SOUTH
1077,241,06-10-2025,DELIVERED,NORTH
1078,35,02-07-2025,DELIVERED,NORTH
1079,394,2024-08-17 07:55:16,DELIVERED,NORTH
1080,389,31-10-2024,DELIVERED,EAST
1081,357,2025-08-03 15:26:44,DELIVERED,EAST
1082,269,2025-07-07 00:32:04,SHIPPED,NORTH
1083,445,2023-03-30 17:32:07,CANCELLED,CENTRAL
1084,295,2025-04-10 17:20:57,DELIVERED,CENTRAL
1085,532,2024-08-15 07:33:36,DELIVERED,SOUTH
1086,16,2025-11-26 09:07:30,RETURNED,NORTH
1087,556,2025-06-06 03:30:13,DELIVERED,CENTRAL
1088,276,11-10-2025,CANCELLED,CENTRAL
1089,315,2024-05-13 15:21:06,CANCELLED,SOUTH
1090,18,2024-12-25 14:07:30,PLACED,EAST
1091,570,2023-04-02 00:12:03,DELIVERED,NORTH
1092,565,2023-04-10 11:42:51,DELIVERED,EAST
1093,283,2025-02-07 20:17:16,SHIPPED,SOUTH
1094,51,2025-10-13 21:17:16,PLACED,CENTRAL
1095,594,2025-05-09 16:32:07,DELIVERED,NORTH
1096,266,2023-01-26 00:55:44,DELIVERED,EAST
1097,46,2024-06-27 06:51:59,SHIPPED,CENTRAL
1098,524,2023-11-13 23:14:02,DELIVERED,EAST
1099,426,24-10-2024,CANCELLED,SOUTH
1100,369,2024-09-26 00:28:14,CANCELLED,EAST
1101,302,2023-09-07 00:53:42,DELIVERED,EAST
1102,27,2023-11-25 12:31:57,CANCELLED,CENTRAL
1103,521,2024-06-18 11:12:57,RETURNED,WEST
1104,34,2023-08-22 03:11:23,DELIVERED,NORTH
1105,230,2025-06-11 08:38:50,DELIVERED,WEST
1106,125,2025-03-30 20:11:04,DELIVERED,CENTRAL
1107,538,2024-05-07 08:21:20,DELIVERED,CENTRAL
1108,250,2024-07-16 07:01:54,SHIPPED,EAST
1109,119,2024-11-22 07:04:53,DELIVERED,WEST
1110,361,2023-04-29 18:01:48,RETURNED,WEST
1111,460,2023-12-23 22:11:48,DELIVERED,SOUTH
1112,251,2024-09-25 05:04:46,DELIVERED,SOUTH
1113,294,2023-07-03 06:01:03,PLACED,WEST
1114,152,2025-09-09 18:08:49,CANCELLED,SOUTH
1115,,2023-07-07 15:20:04,DELIVERED,CENTRAL
1116,482,16-07-2023,CANCELLED,WEST
1117,171,2023-07-25 15:24:01,DELIVERED,CENTRAL
1118,433,2024-09-16 23:29:01,DELIVERED,SOUTH
1119,122,2024-06-06 22:52:00,DELIVERED,CENTRAL
1120,47,2024-07-05 09:46:46,RETURNED,WEST
1121,447,2025-01-11 03:48:09,DELIVERED,SOUTH
1122,522,2023-01-13 02:11:56,DELIVERED,EAST
1123,465,2024-11-12 07:42:36,SHIPPED,CENTRAL
1124,100,2025-02-05 07:18:48,DELIVERED,CENTRAL
1125,538,2024-10-24 20:08:19,DELIVERED,WEST
1126,183,2023-03-07 03:25:43,CANCELLED,SOUTH
1127,285,2025-08-14 02:39:51,DELIVERED,EAST
1128,122,2025-01-25 23:05:41,DELIVERED,SOUTH
1129,266,2023-06-14 20:25:11,RETURNED,EAST
1130,212,2025-03-01 05:38:32,DELIVERED,NORTH
1131,41,18-04-2025,DELIVERED,SOUTH
1132,27,2024-03-13 19:39:51,RETURNED,CENTRAL
1133,456,2024-12-06 00:43:52,DELIVERED,NORTH
1134,123,2024-11-02 12:02:33,DELIVERED,NORTH
1135,286,2023-06-30 22:02:30,RETURNED,NORTH
1136,228,2024-05-23 03:45:28,SHIPPED,EAST
1137,526,2023-04-26 02:13:10,DELIVERED,EAST
1138,40,2025-03-20 19:21:12,DELIVERED,CENTRAL
1139,37,2025-09-01 10:52:54,PLACED,SOUTH
1140,226,2024-02-17 02:34:50,DELIVERED,WEST
1141,509,2023-11-05 11:20:12,DELIVERED,NORTH
1142,,2023-04-15 11:40:54,DELIVERED,CENTRAL
1143,,2025-12-04 17:48:55,DELIVERED,WEST
1144,241,2025-01-22 05:31:01,DELIVERED,SOUTH
1145,238,2025-11-03 15:56:34,DELIVERED,WEST
1146,557,2023-05-30 23:01:11,SHIPPED,EAST
1147,458,2025-10-26 00:44:24,DELIVERED,SOUTH
1148,327,2024-06-23 22:40:06,DELIVERED,SOUTH
1149,496,29-01-2025,DELIVERED,SOUTH
1150,275,2024-09-27 08:50:32,PLACED,EAST
1151,326,2024-11-17 13:08:52,DELIVERED,EAST
1152,275,2023-12-07 02:58:49,DELIVERED,NORTH
1153,420,2023-09-16 16:52:48,DELIVERED,NORTH
1154,338,2025-04-18 11:59:02,PLACED,NORTH
1155,93,01-06-2024,RETURNED,CENTRAL
1156,51,2024-07-16 11:58:57,DELIVERED,SOUTH
1157,406,2023-12-23 06:12:31,DELIVERED,SOUTH
1158,340,08-05-2025,DELIVERED,NORTH
1159,21,2025-03-28 23:24:27,SHIPPED,WEST
1160,44,13-04-2024,PLACED,SOUTH
1161,127,2024-08-09 23:31:12,DELIVERED,SOUTH
1162,277,29-04-2023,PLACED,WEST
1163,555,2023-08-24 21:17:14,PLACED,CENTRAL
1164,199,2024-04-29 23:16:32,DELIVERED,WEST
1165,24,2024-12-13 21:14:32,SHIPPED,EAST
1166,591,2024-03-28 10:09:50,DELIVERED,SOUTH
1167,575,2024-03-17 20:03:26,RETURNED,CENTRAL
1168,,2025-02-11 02:48:13,DELIVERED,EAST
1169,111,2025-06-16 16:54:31,RETURNED,WEST
1170,458,2025-05-24 19:52:32,SHIPPED,EAST
1171,86,2023-09-20 22:18:37,SHIPPED,WEST
1172,86,2025-08-15 16:21:21,CANCELLED,CENTRAL
1173,581,2023-04-02 13:10:47,DELIVERED,EAST
1174,346,2023-02-26 17:10:50,DELIVERED,CENTRAL
1175,6,2023-11-22 00:26:33,DELIVERED,WEST
1176,321,2024-01-02 04:59:58,DELIVERED,WEST
1177,84,2024-10-23 07:19:18,DELIVERED,WEST
1178,14,2023-07-08 17:00:59,SHIPPED,WEST
1179,,2024-10-20 22:39:34,DELIVERED,CENTRAL
1180,561,2023-01-15 09:10:58,DELIVERED,WEST
1181,278,2025-08-13 12:36:29,CANCELLED,CENTRAL
1182,145,2025-11-30 03:32:28,SHIPPED,CENTRAL
1183,381,2024-01-26 06:52:56,DELIVERED,SOUTH
1184,139,2025-01-06 03:10:11,PLACED,WEST
1185,482,2023-01-09 16:52:25,DELIVERED,SOUTH
1186,97,2024-05-29 05:53:03,PLACED,CENTRAL
1187,161,2025-09-15 12:36:22,DELIVERED,SOUTH
1188,15,2024-03-02 13:06:26,DELIVERED,WEST
1189,314,2024-09-18 10:56:02,RETURNED,CENTRAL
1190,208,2023-08-25 18:41:48,SHIPPED,SOUTH
1191,270,2023-07-16 19:52:14,DELIVERED,CENTRAL
1192,393,2025-07-08 21:41:48,DELIVERED,CENTRAL
1193,485,2023-01-05 03:34:26,DELIVERED,SOUTH
1194,151,08-01-2025,CANCELLED,EAST
1195,54,2024-11-14 00:47:41,DELIVERED,WEST
1196,513,2024-01-10 00:39:50,DELIVERED,WEST
1197,486,2025-03-21 21:02:15,DELIVERED,NORTH
1198,220,2025-09-11 12:39:13,CANCELLED,SOUTH
1199,574,2025-12-15 19:11:49,DELIVERED,NORTH
1200,446,2023-10-04 12:47:01,PLACED,EAST
1201,355,2023-11-29 02:17:40,DELIVERED,SOUTH
1202,184,2023-01-17 13:53:48,SHIPPED,EAST
1203,6,2024-05-25 05:33:40,PLACED,EAST
1204,515,2025-07-31 14:11:23,DELIVERED,EAST
1205,,2025-12-16 10:05:05,DELIVERED,EAST
1206,586,2025-01-01 09:02:32,RETURNED,WEST
1207,485,02-10-2025,DELIVERED,NORTH
1208,30,2023-08-26 23:24:08,DELIVERED,SOUTH
1209,135,2023-07-05 12:33:09,PLACED,NORTH
1210,558,2023-10-29 15:38:37,DELIVERED,NORTH
1211,325,2023-09-20 20:44:17,RETURNED,CENTRAL
1212,376,29-10-2025,DELIVERED,NORTH
1213,514,19-02-2024,PLACED,WEST
1214,204,2024-09-27 18:00:08,SHIPPED,NORTH
1215,575,2024-06-14 10:16:17,DELIVERED,NORTH
1216,475,2023-05-21 16:23:08,SHIPPED,NORTH
1217,21,2023-01-17 05:10:59,SHIPPED,EAST
1218,253,2025-11-23 17:26:28,DELIVERED,SOUTH
1219,136,2024-08-12 05:43:07,DELIVERED,SOUTH
1220,579,2023-12-18 00:24:48,CANCELLED,EAST
1221,182,2024-02-07 21:25:16,DELIVERED,EAST
1222,364,2024-06-25 22:24:48,DELIVERED,CENTRAL
1223,,2025-06-28 02:41:39,DELIVERED,CENTRAL
1224,445,2025-11-25 11:27:53,DELIVERED,SOUTH
1225,516,2024-02-22 19:11:13,PLACED,SOUTH
1226,479,2023-06-29 02:37:40,DELIVERED,SOUTH
1227,479,2024-08-01 07:42:24,DELIVERED,CENTRAL
1228,331,2025-09-04 20:25:12,DELIVERED,NORTH
1229,487,2025-10-03 10:45:57,RETURNED,SOUTH
1230,314,2025-04-29 09:21:55,SHIPPED,NORTH
1231,468,2025-12-14 20:46:42,DELIVERED,WEST
1232,250,2024-08-02 18:27:19,DELIVERED,WEST
1233,,2023-12-30 23:27:02,DELIVERED,CENTRAL
1234,437,2025-06-16 02:18:46,DELIVERED,NORTH
1235,171,2025-07-16 04:13:25,RETURNED,CENTRAL
1236,582,2023-07-21 18:40:51,DELIVERED,NORTH
1237,317,2023-08-08 18:02:46,CANCELLED,WEST
1238,,2023-08-18 02:51:48,SHIPPED,SOUTH
1239,83,2023-11-12 20:23:34,DELIVERED,SOUTH
1240,569,2024-08-04 09:20:33,PLACED,SOUTH
1241,483,2024-09-04 03:08:52,DELIVERED,WEST
1242,475,2023-05-29 20:36:35,DELIVERED,EAST
1243,137,2024-05-23 03:36:47,CANCELLED,WEST
1244,547,28-01-2025,DELIVERED,CENTRAL
1245,183,2024-07-27 10:15:34,DELIVERED,CENTRAL
1246,408,2025-09-29 20:51:54,SHIPPED,WEST
1247,217,2023-05-25 05:42:43,DELIVERED,SOUTH
1248,292,2025-11-14 23:59:58,CANCELLED,NORTH
1249,432,2024-09-10 14:34:25,DELIVERED,NORTH
1250,85,2023-06-07 12:39:21,DELIVERED,WEST
1251,13,2023-07-19 23:45:24,DELIVERED,WEST
1252,12,2025-11-07 02:40:40,DELIVERED,NORTH
1253,265,2023-06-30 03:14:35,DELIVERED,WEST
1254,485,2025-04-11 03:08:47,RETURNED,NORTH
1255,435,2024-08-18 16:51:56,CANCELLED,NORTH
1256,346,2025-07-05 18:29:57,DELIVERED,CENTRAL
1257,466,2024-12-22 23:37:37,DELIVERED,NORTH
1258,472,2025-07-20 00:34:32,DELIVERED,EAST
1259,304,2023-02-06 13:16:29,DELIVERED,SOUTH
1260,,2024-05-19 07:10:43,DELIVERED,NORTH
1261,366,2025-04-05 07:07:35,DELIVERED,SOUTH
1262,548,2023-08-13 16:43:51,DELIVERED,WEST
1263,354,2025-12-06 07:28:55,DELIVERED,CENTRAL
1264,42,2024-08-02 02:49:02,PLACED,CENTRAL
1265,104,2023-05-03 08:34:01,DELIVERED,EAST
1266,23,2024-02-04 00:21:37,DELIVERED,NORTH
1267,444,2023-10-25 16:59:33,DELIVERED,EAST
1268,553,2024-01-14 15:44:53,DELIVERED,NORTH
1269,485,2024-11-09 18:30:50,DELIVERED,SOUTH
1270,47,09-10-2023,DELIVERED,EAST
1271,,2024-10-05 15:08:58,DELIVERED,EAST
1272,326,2023-12-16 06:04:30,PLACED,EAST
1273,295,2025-08-04 12:57:09,CANCELLED,CENTRAL
1274,337,2025-01-08 19:45:38,RETURNED,NORTH
1275,328,2024-11-21 07:48:05,SHIPPED,WEST
1276,175,2024-02-02 04:54:39,DELIVERED,CENTRAL
1277,499,2024-06-20 09:41:13,PLACED,CENTRAL
1278,299,2024-12-02 09:06:34,DELIVERED,NORTH
1279,599,2024-06-30 05:34:53,DELIVERED,WEST
1280,24,2024-03-17 00:05:59,DELIVERED,WEST
1281,385,2023-07-24 14:02:04,DELIVERED,NORTH
1282,224,2023-06-21 20:41:18,DELIVERED,SOUTH
1283,411,2024-06-30 20:25:44,DELIVERED,WEST
1284,286,2024-07-18 04:08:00,DELIVERED,EAST
1285,546,2024-09-19 12:56:34,DELIVERED,WEST
1286,461,2023-10-03 22:24:02,DELIVERED,NORTH
1287,343,2025-10-16 08:33:33,SHIPPED,NORTH
1288,429,2024-09-29 08:51:42,SHIPPED,NORTH
1289,142,2025-02-20 22:40:03,RETURNED,CENTRAL
1290,419,2024-05-19 21:38:07,DELIVERED,SOUTH
1291,484,2024-07-29 05:37:56,PLACED,CENTRAL
1292,399,2023-10-27 20:44:19,CANCELLED,SOUTH
1293,246,07-11-2023,DELIVERED,EAST
1294,32,2024-12-17 10:01:16,DELIVERED,CENTRAL
1295,248,2024-12-17 18:28:15,DELIVERED,NORTH
1296,340,05-09-2023,SHIPPED,NORTH
1297,34,2024-09-23 05:42:11,CANCELLED,WEST
1298,73,2024-02-08 22:35:34,CANCELLED,CENTRAL
1299,547,2024-11-12 05:15:08,DELIVERED,NORTH
1300,408,2023-03-03 23:49:14,DELIVERED,CENTRAL
1301,451,2023-07-12 17:10:28,SHIPPED,EAST
1302,594,2023-06-23 15:35:58,DELIVERED,EAST
1303,348,2024-01-13 14:15:24,DELIVERED,SOUTH
1304,338,2023-04-26 01:30:47,DELIVERED,WEST
1305,267,2025-12-06 15:01:08,DELIVERED,WEST
1306,582,2023-02-25 12:39:24,DELIVERED,SOUTH
1307,27,2024-07-30 02:19:54,DELIVERED,EAST
1308,163,2024-04-18 09:34:53,DELIVERED,WEST
1309,159,2025-12-15 18:33:16,SHIPPED,CENTRAL
1310,394,2023-12-21 01:24:00,PLACED,SOUTH
1311,152,2024-02-07 23:55:20,DELIVERED,CENTRAL
1312,530,2025-08-18 17:51:34,RETURNED,EAST
1313,514,2024-08-04 13:14:55,DELIVERED,WEST
1314,538,2025-01-21 20:46:08,CANCELLED,NORTH
1315,67,2024-04-25 11:50:55,SHIPPED,SOUTH
1316,123,2024-07-07 19:20:16,DELIVERED,CENTRAL
1317,13,2025-03-25 04:32:51,CANCELLED,SOUTH
1318,34,03-06-2023,RETURNED,CENTRAL
1319,567,2025-04-15 07:59:36,CANCELLED,NORTH
1320,536,2024-02-02 19:03:31,DELIVERED,SOUTH
1321,251,2024-12-09 11:22:29,SHIPPED,CENTRAL
1322,285,2023-10-23 04:14:29,DELIVERED,NORTH
1323,136,2023-04-05 13:12:57,SHIPPED,SOUTH
1324,596,2023-06-02 15:46:47,DELIVERED,NORTH
1325,75,2023-06-30 19:56:41,DELIVERED,WEST
1326,556,18-07-2025,DELIVERED,CENTRAL
1327,441,2023-06-23 05:54:44,DELIVERED,WEST
1328,200,2025-09-13 08:00:04,DELIVERED,WEST
1329,258,2025-07-23 04:06:27,DELIVERED,SOUTH
1330,495,2025-09-29 09:46:07,DELIVERED,CENTRAL
1331,282,2025-02-20 11:31:16,DELIVERED,WEST
1332,187,2024-05-10 20:55:11,CANCELLED,CENTRAL
1333,168,2024-11-02 02:41:00,DELIVERED,NORTH
1334,454,2025-12-03 03:41:06,DELIVERED,SOUTH
1335,112,2023-11-28 05:17:07,DELIVERED,EAST
1336,544,2025-11-29 17:11:35,DELIVERED,CENTRAL
1337,159,2023-10-26 02:42:07,DELIVERED,SOUTH
1338,161,2025-03-13 07:15:32,RETURNED,CENTRAL
1339,276,2024-02-13 07:57:36,DELIVERED,EAST
1340,314,2024-07-03 19:35:59,CANCELLED,EAST
1341,436,09-10-2024,PLACED,WEST
1342,419,06-08-2023,RETURNED,EAST
1343,208,02-02-2024,DELIVERED,EAST
1344,438,2024-05-20 22:25:18,DELIVERED,SOUTH
1345,516,2024-03-01 14:04:54,SHIPPED,SOUTH
1346,492,2025-07-10 02:24:55,DELIVERED,NORTH
1347,400,2025-01-26 14:13:03,SHIPPED,CENTRAL
1348,61,2025-09-20 15:05:06,DELIVERED,CENTRAL
1349,292,2023-07-28 14:29:51,CANCELLED,NORTH
1350,424,2023-08-22 16:02:53,DELIVERED,CENTRAL
1351,91,2024-05-24 06:50:23,DELIVERED,EAST
1352,299,2023-08-07 05:00:37,DELIVERED,NORTH
1353,322,2024-07-15 03:36:57,RETURNED,WEST
1354,220,2024-12-28 12:28:25,SHIPPED,EAST
1355,266,2023-02-05 22:39:31,SHIPPED,WEST
1356,499,2025-03-31 20:04:56,PLACED,CENTRAL
1357,580,2023-02-19 20:10:43,RETURNED,EAST
1358,504,2024-06-02 11:11:51,DELIVERED,NORTH
1359,572,2025-04-06 01:32:26,SHIPPED,CENTRAL
1360,90,2024-12-28 16:57:44,DELIVERED,SOUTH
1361,442,2024-12-24 11:07:11,DELIVERED,SOUTH
1362,75,2025-06-12 13:53:47,DELIVERED,CENTRAL
1363,443,2024-09-15 15:44:23,DELIVERED,NORTH
1364,,2023-12-16 21:10:50,DELIVERED,SOUTH
1365,229,2024-05-22 09:14:57,DELIVERED,SOUTH
1366,589,2025-06-15 02:45:12,SHIPPED,SOUTH
1367,186,2025-04-08 15:24:55,DELIVERED,NORTH
1368,554,2023-04-18 14:27:23,DELIVERED,EAST
1369,214,2023-09-11 15:51:06,DELIVERED,EAST
1370,223,2023-02-12 09:41:06,SHIPPED,WEST
1371,,2023-11-21 00:35:17,DELIVERED,WEST
1372,204,2024-08-14 02:15:01,DELIVERED,NORTH
1373,180,2025-06-17 08:43:06,DELIVERED,NORTH
1374,215,2025-01-29 19:17:01,DELIVERED,EAST
1375,325,2023-11-23 17:34:33,RETURNED,CENTRAL
1376,262,2024-12-10 20:28:14,PLACED,WEST
1377,410,2023-06-05 10:43:54,DELIVERED,EAST
1378,445,2025-10-09 20:23:25,DELIVERED,NORTH
1379,400,2023-01-25 14:55:54,RETURNED,EAST
1380,,2024-01-22 19:19:22,SHIPPED,NORTH
1381,160,2024-12-30 19:53:13,DELIVERED,NORTH
1382,215,2025-10-23 18:05:01,DELIVERED,CENTRAL
1383,162,2023-09-29 06:57:25,RETURNED,SOUTH
1384,186,2023-06-19 22:24:48,DELIVERED,NORTH
1385,314,2024-08-02 17:18:44,RETURNED,EAST
1386,30,30-05-2024,PLACED,WEST
1387,148,2023-03-14 05:37:30,DELIVERED,CENTRAL
1388,174,2023-01-24 04:56:46,DELIVERED,SOUTH
1389,68,2025-01-08 22:59:06,DELIVERED,WEST
1390,550,2025-07-26 03:34:35,CANCELLED,NORTH
1391,481,2024-02-04 00:29:43,SHIPPED,CENTRAL
1392,99,2025-06-06 09:21:12,SHIPPED,SOUTH
1393,147,2023-05-08 16:13:38,DELIVERED,WEST
1394,108,2024-01-25 09:40:52,SHIPPED,EAST
1395,474,2025-03-18 15:54:28,DELIVERED,EAST
1396,135,2024-08-05 04:27:51,DELIVERED,CENTRAL
1397,36,2024-08-21 02:57:33,DELIVERED,SOUTH
1398,15,2023-02-22 23:51:48,CANCELLED,SOUTH
1399,,2025-01-16 20:38:32,DELIVERED,EAST
1400,592,2023-11-30 17:40:25,DELIVERED,EAST
1401,121,2025-10-15 05:20:19,DELIVERED,EAST
1402,191,2025-01-27 01:55:00,DELIVERED,WEST
1403,351,2024-02-13 08:15:21,PLACED,EAST
1404,27,2023-07-16 02:07:38,PLACED,WEST
1405,124,2024-04-04 08:59:45,SHIPPED,EAST
1406,447,2023-05-09 21:14:34,RETURNED,CENTRAL
1407,524,2025-11-23 05:39:05,SHIPPED,NORTH
1408,363,2023-08-24 18:26:24,DELIVERED,CENTRAL
1409,546,2023-12-24 22:48:44,DELIVERED,CENTRAL
1410,163,2023-09-15 07:20:22,DELIVERED,CENTRAL
1411,156,2025-08-05 01:58:45,DELIVERED,SOUTH
1412,411,2025-03-21 12:11:46,RETURNED,WEST
1413,140,2024-04-11 00:33:27,PLACED,EAST
1414,320,10-08-2025,DELIVERED,NORTH
1415,421,2025-01-17 02:26:56,CANCELLED,SOUTH
1416,164,2024-08-30 09:31:26,DELIVERED,SOUTH
1417,73,2024-03-05 02:08:55,SHIPPED,WEST
1418,600,2023-08-24 21:14:12,SHIPPED,SOUTH
1419,,2023-07-02 04:57:47,DELIVERED,CENTRAL
1420,483,2024-11-11 19:57:50,DELIVERED,NORTH
1421,466,2024-06-14 07:27:50,CANCELLED,NORTH
1422,262,2024-12-25 17:20:17,DELIVERED,SOUTH
1423,499,2023-12-15 22:56:26,DELIVERED,NORTH
1424,372,2025-10-29 21:39:51,DELIVERED,WEST
1425,108,2024-03-11 06:44:45,CANCELLED,EAST
1426,521,2025-11-02 02:45:36,CANCELLED,EAST
1427,104,2025-01-24 06:34:11,SHIPPED,WEST
1428,445,2023-06-11 12:06:46,RETURNED,WEST
1429,580,17-03-2025,CANCELLED,WEST
1430,111,2025-09-25 08:45:50,RETURNED,CENTRAL
1431,245,2025-11-10 20:41:44,DELIVERED,CENTRAL
1432,404,2023-03-03 22:16:19,DELIVERED,WEST
1433,588,2023-02-27 21:45:31,RETURNED,WEST
1434,27,2023-10-08 18:23:22,PLACED,EAST
1435,423,2024-12-10 08:08:44,CANCELLED,EAST
1436,353,2024-01-22 08:14:54,DELIVERED,NORTH
1437,270,2023-09-07 11:18:28,SHIPPED,CENTRAL
1438,411,2023-09-25 06:47:15,CANCELLED,NORTH
1439,552,2023-12-20 12:27:32,DELIVERED,EAST
1440,93,2024-05-01 02:39:54,DELIVERED,SOUTH
1441,208,2025-01-24 02:32:18,DELIVERED,WEST
1442,164,2024-05-16 09:21:24,PLACED,SOUTH
1443,519,2025-05-20 16:24:22,DELIVERED,CENTRAL
1444,408,2023-04-28 23:04:30,SHIPPED,NORTH
1445,415,2023-08-15 10:31:46,DELIVERED,CENTRAL
1446,137,2023-06-10 23:27:29,CANCELLED,EAST
1447,85,2023-12-16 06:04:41,DELIVERED,NORTH
1448,159,2024-03-01 07:34:03,PLACED,SOUTH
1449,225,2023-12-17 19:39:05,DELIVERED,SOUTH
1450,304,2023-02-02 06:30:32,CANCELLED,WEST
1451,425,2025-06-01 11:46:12,SHIPPED,SOUTH
1452,595,2025-06-12 22:35:12,CANCELLED,WEST
1453,373,2024-02-14 10:07:47,DELIVERED,EAST
1454,241,2024-07-08 16:41:24,PLACED,SOUTH
1455,253,2025-06-18 09:08:10,SHIPPED,CENTRAL
1456,549,2025-07-27 10:10:00,SHIPPED,EAST
1457,568,2023-12-14 21:58:32,DELIVERED,CENTRAL
1458,472,2025-02-11 06:27:34,DELIVERED,NORTH
1459,,2024-11-27 16:06:32,DELIVERED,NORTH
1460,489,18-08-2023,PLACED,EAST
1461,283,2023-02-12 20:08:38,DELIVERED,WEST
1462,137,2023-12-01 07:23:30,DELIVERED,EAST
1463,312,2025-06-04 05:49:20,DELIVERED,CENTRAL
1464,148,2025-11-24 09:30:54,DELIVERED,NORTH
1465,55,2024-07-10 16:14:17,DELIVERED,NORTH
1466,543,2023-09-08 10:14:26,DELIVERED,SOUTH
1467,184,2023-02-15 19:22:32,DELIVERED,WEST
1468,340,2024-09-18 21:37:53,DELIVERED,WEST
1469,391,2023-08-04 04:00:30,CANCELLED,SOUTH
1470,364,2024-10-30 13:01:00,CANCELLED,WEST
1471,267,2023-12-19 01:45:33,DELIVERED,NORTH
1472,97,2023-02-01 16:35:43,CANCELLED,NORTH
1473,61,29-05-2023,SHIPPED,CENTRAL
1474,335,2023-02-12 22:59:57,CANCELLED,CENTRAL
1475,72,2023-10-20 19:07:18,DELIVERED,WEST
1476,224,2023-05-31 15:08:46,CANCELLED,SOUTH
1477,588,2024-11-15 14:23:48,DELIVERED,SOUTH
1478,,2023-03-02 05:36:35,RETURNED,NORTH
1479,320,2023-06-17 10:08:25,DELIVERED,SOUTH
1480,172,2025-02-12 01:46:33,SHIPPED,SOUTH
1481,346,2025-10-19 22:12:43,DELIVERED,WEST
1482,120,2023-04-12 16:39:33,DELIVERED,EAST
1483,503,2024-09-20 00:49:33,PLACED,NORTH
1484,492,2025-10-21 17:54:29,DELIVERED,CENTRAL
1485,533,2025-10-14 04:52:03,DELIVERED,CENTRAL
1486,545,2025-04-28 18:33:52,DELIVERED,EAST
1487,459,2024-03-31 02:18:31,RETURNED,WEST
1488,387,2023-02-07 00:36:05,DELIVERED,EAST
1489,399,2024-03-22 03:21:57,DELIVERED,NORTH
1490,43,2023-05-19 13:09:03,DELIVERED,CENTRAL
1491,585,2025-09-22 15:41:34,DELIVERED,NORTH
1492,49,20-08-2024,SHIPPED,CENTRAL
1493,445,2025-03-24 23:33:20,CANCELLED,CENTRAL
1494,46,2023-06-03 05:57:57,DELIVERED,SOUTH
1495,328,2023-11-13 07:03:54,DELIVERED,CENTRAL
1496,,2024-08-15 14:55:50,SHIPPED,NORTH
1497,5,2025-10-21 15:27:13,CANCELLED,EAST
1498,400,31-07-2024,RETURNED,WEST
1499,146,2025-08-23 21:01:57,DELIVERED,WEST
1500,318,2025-10-11 22:08:41,DELIVERED,EAST
1501,11,2024-10-04 13:36:41,DELIVERED,SOUTH
1502,500,17-01-2023,DELIVERED,WEST
1503,460,2025-12-07 02:23:59,SHIPPED,NORTH
1504,501,2025-04-14 02:33:47,DELIVERED,EAST
1505,408,2024-03-20 23:13:06,DELIVERED,CENTRAL
1506,123,2023-11-10 23:48:26,RETURNED,CENTRAL
1507,206,2023-02-25 10:48:46,DELIVERED,NORTH
1508,39,2023-10-14 13:51:02,PLACED,NORTH
1509,380,2023-08-10 18:25:49,DELIVERED,NORTH
1510,516,21-10-2023,DELIVERED,EAST
1511,15,2024-06-14 06:21:24,CANCELLED,EAST
1512,359,2025-09-27 15:05:59,PLACED,WEST
1513,299,2023-12-16 21:23:30,SHIPPED,SOUTH
1514,,2024-11-15 08:10:02,PLACED,SOUTH
1515,295,11-08-2023,DELIVERED,EAST
1516,67,2025-04-09 23:10:11,PLACED,SOUTH
1517,330,11-08-2023,RETURNED,SOUTH
1518,4,2024-08-25 00:03:49,DELIVERED,NORTH
1519,37,2023-04-25 20:05:13,PLACED,WEST
1520,396,2025-08-14 23:58:29,DELIVERED,SOUTH
1521,257,2025-09-16 01:48:21,DELIVERED,SOUTH
1522,369,2024-03-21 15:02:48,DELIVERED,SOUTH
1523,398,2023-09-07 01:02:16,DELIVERED,NORTH
1524,308,2024-12-15 11:30:37,DELIVERED,CENTRAL
1525,412,2025-08-31 05:36:34,DELIVERED,WEST
1526,428,2024-12-03 15:24:23,DELIVERED,WEST
1527,346,2024-09-11 15:26:18,SHIPPED,CENTRAL
1528,223,2025-06-01 22:59:17,SHIPPED,CENTRAL
1529,475,2024-09-26 03:06:02,DELIVERED,EAST
1530,145,2025-04-23 06:07:15,DELIVERED,EAST
1531,423,2023-12-04 08:59:16,DELIVERED,SOUTH
1532,530,2024-11-19 03:30:15,PLACED,SOUTH
1533,177,2025-11-23 07:43:54,DELIVERED,SOUTH
1534,589,2023-11-04 06:52:55,SHIPPED,EAST
1535,134,2025-01-26 00:55:53,DELIVERED,CENTRAL
1536,37,2023-04-12 12:45:42,PLACED,NORTH
1537,55,2023-05-20 17:27:58,DELIVERED,EAST
1538,155,2024-04-22 18:44:11,CANCELLED,EAST
1539,324,2024-11-24 19:05:22,DELIVERED,SOUTH
1540,104,2023-09-06 06:14:17,RETURNED,SOUTH
1541,122,2025-08-18 11:28:50,DELIVERED,CENTRAL
1542,481,2024-03-12 21:11:10,DELIVERED,SOUTH
1543,151,2023-05-31 18:59:31,DELIVERED,SOUTH
1544,485,2023-09-22 19:07:59,DELIVERED,CENTRAL
1545,372,2025-06-27 14:19:28,DELIVERED,WEST
1546,504,2025-05-30 11:12:07,DELIVERED,EAST
1547,379,2023-07-29 15:03:16,DELIVERED,WEST
1548,114,2025-11-05 02:32:37,SHIPPED,EAST
1549,86,2025-02-07 13:36:47,PLACED,CENTRAL
1550,174,2024-01-28 13:55:37,SHIPPED,EAST
1551,25,2023-09-17 05:48:32,PLACED,SOUTH
1552,270,2024-11-03 13:32:01,DELIVERED,EAST
1553,470,2024-06-01 04:06:53,DELIVERED,SOUTH
1554,11,2023-01-30 20:16:52,DELIVERED,SOUTH
1555,390,2025-12-16 02:13:33,DELIVERED,WEST
1556,525,2024-10-21 11:02:14,DELIVERED,EAST
1557,355,2025-05-08 02:19:04,SHIPPED,EAST
1558,461,2023-05-12 17:23:52,CANCELLED,EAST
1559,,2023-07-19 15:47:24,CANCELLED,NORTH
1560,182,2023-08-28 05:45:52,DELIVERED,SOUTH
1561,,2023-01-21 21:20:55,DELIVERED,EAST
1562,73,2025-08-30 15:40:59,RETURNED,WEST
1563,339,2023-06-14 09:43:49,DELIVERED,NORTH
1564,205,07-05-2023,SHIPPED,NORTH
1565,239,2023-05-04 08:41:32,DELIVERED,CENTRAL
1566,203,2025-02-08 10:08:11,DELIVERED,SOUTH
1567,63,2025-02-27 12:07:04,PLACED,SOUTH
1568,270,2025-04-21 23:09:58,DELIVERED,SOUTH
1569,78,2024-05-14 06:51:48,DELIVERED,SOUTH
1570,304,2025-02-26 01:26:49,DELIVERED,SOUTH
1571,354,2025-04-04 04:22:09,PLACED,EAST
1572,166,2023-04-08 12:43:08,DELIVERED,NORTH
1573,441,2024-11-23 17:33:01,PLACED,NORTH
1574,371,2025-07-29 14:55:54,DELIVERED,NORTH
1575,327,2025-01-16 08:25:47,DELIVERED,EAST
1576,321,23-10-2023,SHIPPED,SOUTH
1577,362,2024-12-18 03:11:41,DELIVERED,WEST
1578,476,2023-08-09 17:14:02,DELIVERED,WEST
1579,26,2024-05-07 00:18:28,DELIVERED,SOUTH
1580,15,2025-10-25 00:39:03,RETURNED,SOUTH
1581,189,2023-01-26 11:02:23,DELIVERED,SOUTH
1582,,2024-09-01 07:27:54,SHIPPED,CENTRAL
1583,195,2025-02-14 09:10:19,DELIVERED,SOUTH
1584,62,2023-06-14 16:23:43,PLACED,EAST
1585,297,2025-03-16 20:52:30,RETURNED,SOUTH
1586,14,2025-09-08 00:20:50,SHIPPED,EAST
1587,440,2025-07-19 16:39:24,SHIPPED,EAST
1588,383,19-07-2023,DELIVERED,WEST
1589,458,2024-01-18 07:38:25,SHIPPED,EAST
1590,321,2025-01-09 17:33:48,DELIVERED,CENTRAL
1591,340,2023-07-17 11:51:21,RETURNED,CENTRAL
1592,235,2025-08-04 15:35:54,SHIPPED,SOUTH
1593,482,2024-05-01 22:38:15,DELIVERED,NORTH
1594,152,2023-05-07 07:22:10,DELIVERED,WEST
1595,273,2024-08-28 04:27:49,DELIVERED,EAST
1596,373,2023-04-02 16:28:18,DELIVERED,SOUTH
1597,336,2025-08-22 03:36:11,DELIVERED,SOUTH
1598,328,2024-05-03 01:02:32,DELIVERED,CENTRAL
1599,193,2025-07-17 07:39:54,DELIVERED,EAST
1600,200,2025-02-22 03:18:02,DELIVERED,WEST
1601,12,14-11-2023,SHIPPED,NORTH
1602,432,2024-12-23 06:12:00,DELIVERED,SOUTH
1603,392,2025-07-11 12:08:55,DELIVERED,EAST
1604,281,2023-11-04 05:47:54,DELIVERED,WEST
1605,132,2023-01-27 08:10:25,SHIPPED,EAST
1606,378,2024-08-05 14:05:46,DELIVERED,WEST
1607,406,2025-08-10 09:21:20,CANCELLED,NORTH
1608,332,02-06-2025,PLACED,CENTRAL
1609,136,2023-04-16 11:17:46,SHIPPED,NORTH
1610,241,2024-07-13 17:35:19,RETURNED,EAST
1611,352,2025-02-04 00:04:45,DELIVERED,NORTH
1612,406,2025-05-01 10:33:23,CANCELLED,SOUTH
1613,119,2024-02-10 01:38:22,SHIPPED,NORTH
1614,,2025-09-25 17:08:40,CANCELLED,SOUTH
1615,44,2023-12-28 10:24:14,RETURNED,SOUTH
1616,331,2025-09-12 09:33:31,DELIVERED,NORTH
1617,297,2025-11-06 06:03:57,DELIVERED,WEST
1618,42,2023-02-25 22:23:08,SHIPPED,CENTRAL
1619,358,2025-06-22 10:59:37,CANCELLED,CENTRAL
1620,169,2023-08-25 12:30:34,DELIVERED,CENTRAL
1621,570,2024-08-26 09:20:21,SHIPPED,SOUTH
1622,263,2024-05-23 01:36:32,CANCELLED,WEST
1623,293,2024-11-23 03:03:48,DELIVERED,CENTRAL
1624,210,2023-03-06 17:12:02,DELIVERED,NORTH
1625,211,2025-06-04 18:51:24,DELIVERED,EAST
1626,220,2024-04-16 06:28:33,DELIVERED,NORTH
1627,236,2024-01-27 23:38:25,SHIPPED,NORTH
1628,222,2024-06-02 17:53:16,SHIPPED,WEST
1629,469,2025-07-23 21:12:50,DELIVERED,WEST
1630,293,02-11-2025,CANCELLED,SOUTH
1631,110,2023-02-18 11:13:04,DELIVERED,NORTH
1632,1,2024-08-15 12:24:08,DELIVERED,SOUTH
1633,377,24-10-2023,RETURNED,EAST
1634,428,2024-04-07 02:28:57,DELIVERED,NORTH
1635,270,2023-11-14 22:30:00,SHIPPED,NORTH
1636,488,2023-06-24 21:32:20,PLACED,SOUTH
1637,594,2024-02-29 07:11:39,DELIVERED,CENTRAL
1638,157,09-09-2024,DELIVERED,NORTH
1639,443,2024-10-02 16:17:26,SHIPPED,NORTH
1640,46,2024-03-12 05:50:14,DELIVERED,WEST
1641,,2024-02-27 11:29:40,RETURNED,SOUTH
1642,459,2025-10-07 00:33:00,PLACED,CENTRAL
1643,446,2025-12-27 23:45:40,DELIVERED,SOUTH
1644,49,2023-05-18 08:23:14,DELIVERED,WEST
1645,558,2025-10-20 02:26:15,RETURNED,CENTRAL
1646,329,2024-06-22 17:11:03,DELIVERED,CENTRAL
1647,479,2024-03-30 07:18:32,SHIPPED,WEST
1648,418,2024-11-01 15:21:54,PLACED,EAST
1649,341,2025-09-29 16:38:50,DELIVERED,CENTRAL
1650,169,2024-06-17 12:53:03,DELIVERED,SOUTH
1651,554,2023-09-05 15:54:19,CANCELLED,CENTRAL
1652,211,2024-09-07 17:00:20,PLACED,WEST
1653,514,2025-03-18 02:55:50,SHIPPED,NORTH
1654,564,2023-09-13 20:31:54,DELIVERED,EAST
1655,334,2024-08-02 22:27:27,DELIVERED,WEST
1656,403,2024-06-29 11:14:15,DELIVERED,NORTH
1657,465,2025-12-14 00:03:50,CANCELLED,SOUTH
1658,517,2025-02-08 06:30:10,SHIPPED,NORTH
1659,314,2024-09-22 21:14:46,DELIVERED,SOUTH
1660,99,2023-10-24 17:14:28,PLACED,NORTH
1661,213,2025-11-23 02:11:23,PLACED,EAST
1662,122,2024-07-09 09:05:55,DELIVERED,NORTH
1663,308,2024-08-05 09:52:45,SHIPPED,WEST
1664,490,2025-07-10 17:10:35,PLACED,WEST
1665,512,2023-02-18 05:16:01,DELIVERED,WEST
1666,393,2023-06-02 05:57:32,DELIVERED,CENTRAL
1667,360,2025-11-29 20:59:25,DELIVERED,NORTH
1668,500,2023-05-15 21:12:20,DELIVERED,CENTRAL
1669,252,2025-09-07 16:31:32,RETURNED,WEST
1670,346,2024-12-30 00:00:28,PLACED,EAST
1671,463,2024-09-29 20:32:31,PLACED,SOUTH
1672,29,2024-11-21 09:33:01,PLACED,SOUTH
1673,579,2025-04-12 02:57:40,DELIVERED,NORTH
1674,121,2025-02-01 21:29:52,SHIPPED,WEST
1675,,2025-07-22 19:23:27,DELIVERED,NORTH
1676,79,2025-01-25 08:37:08,SHIPPED,WEST
1677,181,2023-03-10 03:45:59,DELIVERED,SOUTH
1678,598,2023-12-22 07:45:59,DELIVERED,NORTH
1679,143,2025-07-29 03:42:50,DELIVERED,WEST
1680,,2025-03-26 19:57:04,CANCELLED,EAST
1681,109,2023-02-22 02:20:41,DELIVERED,CENTRAL
1682,69,2024-02-13 04:59:00,CANCELLED,EAST
1683,520,2023-08-02 15:23:18,SHIPPED,SOUTH
1684,192,2024-11-23 23:53:32,DELIVERED,CENTRAL
1685,270,2025-10-16 11:14:48,SHIPPED,WEST
1686,41,17-08-2023,DELIVERED,WEST
1687,62,2023-01-19 21:33:35,SHIPPED,EAST
1688,10,2023-08-01 22:02:02,DELIVERED,SOUTH
1689,219,2025-01-07 12:19:08,DELIVERED,SOUTH
1690,398,2025-09-01 01:21:54,DELIVERED,NORTH
1691,131,2023-08-14 21:00:08,CANCELLED,NORTH
1692,75,2024-01-19 19:21:21,DELIVERED,WEST
1693,371,12-02-2024,DELIVERED,WEST
1694,329,2023-02-12 23:26:05,SHIPPED,EAST
1695,231,2023-07-17 19:04:13,DELIVERED,CENTRAL
1696,162,2025-03-20 17:55:30,DELIVERED,NORTH
1697,32,2025-05-22 13:11:49,PLACED,SOUTH
1698,41,2024-09-02 22:04:09,DELIVERED,EAST
1699,549,2024-04-23 16:21:40,CANCELLED,WEST
1700,396,2025-12-05 11:20:21,DELIVERED,CENTRAL
1701,588,2024-06-07 15:04:35,PLACED,WEST
1702,546,2025-09-07 19:01:33,PLACED,EAST
1703,296,2023-12-20 22:34:26,DELIVERED,EAST
1704,580,2024-04-20 21:28:03,SHIPPED,EAST
1705,422,2025-07-17 14:07:37,DELIVERED,SOUTH
1706,143,2025-12-05 06:53:01,DELIVERED,EAST
1707,567,2024-12-19 18:20:58,DELIVERED,SOUTH
1708,299,2023-11-16 14:18:46,DELIVERED,EAST
1709,509,2024-08-31 09:02:00,DELIVERED,EAST
1710,471,2023-08-16 07:56:51,DELIVERED,NORTH
1711,386,2024-09-02 15:07:14,PLACED,SOUTH
1712,261,2024-12-07 10:42:09,RETURNED,CENTRAL
1713,284,2024-10-15 05:07:21,SHIPPED,NORTH
1714,502,2025-01-10 00:17:31,DELIVERED,EAST
1715,186,2023-03-26 15:59:14,PLACED,NORTH
1716,562,2023-07-17 22:38:26,DELIVERED,WEST
1717,581,2023-06-23 02:29:15,DELIVERED,CENTRAL
1718,292,2023-12-25 01:13:40,SHIPPED,CENTRAL
1719,274,03-07-2024,CANCELLED,SOUTH
1720,599,2023-12-08 13:26:01,SHIPPED,WEST
1721,18,2023-05-22 15:21:10,DELIVERED,CENTRAL
1722,277,2023-07-13 12:03:20,PLACED,WEST
1723,471,2023-09-27 14:09:21,RETURNED,EAST
1724,245,2024-11-07 01:10:53,DELIVERED,CENTRAL
1725,457,2023-06-05 21:56:18,CANCELLED,WEST
1726,454,20-08-2024,CANCELLED,WEST
1727,279,2025-11-11 22:51:34,DELIVERED,CENTRAL
1728,22,2025-08-14 08:38:31,DELIVERED,WEST
1729,382,2023-05-01 04:04:34,DELIVERED,WEST
1730,414,2024-05-03 02:39:51,DELIVERED,EAST
1731,298,2024-08-12 10:41:59,DELIVERED,WEST
1732,577,2025-12-19 15:42:05,PLACED,NORTH
1733,354,2023-02-01 20:04:34,DELIVERED,WEST
1734,92,2024-06-24 22:57:26,SHIPPED,EAST
1735,267,2023-09-19 19:41:18,SHIPPED,CENTRAL
1736,544,26-02-2023,RETURNED,EAST
1737,235,04-09-2023,PLACED,CENTRAL
1738,82,2024-02-01 08:30:26,DELIVERED,EAST
1739,447,2023-10-16 23:19:51,SHIPPED,EAST
1740,69,2023-05-24 08:06:41,DELIVERED,CENTRAL
1741,181,2024-12-31 12:07:46,RETURNED,SOUTH
1742,201,2023-04-30 16:32:16,PLACED,NORTH
1743,184,2024-12-19 12:38:02,DELIVERED,EAST
1744,157,2023-10-18 04:39:32,SHIPPED,NORTH
1745,176,2025-03-08 07:11:39,CANCELLED,CENTRAL
1746,59,2023-09-17 10:15:30,PLACED,SOUTH
1747,248,2024-07-24 09:52:01,DELIVERED,EAST
1748,466,2023-06-20 16:28:51,DELIVERED,SOUTH
1749,44,2024-08-09 07:25:39,SHIPPED,EAST
1750,502,2024-09-05 15:17:53,DELIVERED,WEST
1751,478,2025-03-18 06:11:07,DELIVERED,CENTRAL
1752,415,2025-03-24 04:23:29,RETURNED,SOUTH
1753,512,2023-02-26 13:42:43,SHIPPED,CENTRAL
1754,306,2024-10-02 15:52:16,DELIVERED,EAST
1755,323,2023-01-25 22:04:19,SHIPPED,SOUTH
1756,144,14-04-2024,DELIVERED,SOUTH
1757,233,2024-01-28 21:32:21,DELIVERED,WEST
1758,381,2024-12-20 17:03:00,SHIPPED,NORTH
1759,150,2023-06-07 08:10:21,DELIVERED,NORTH
1760,396,2024-11-04 05:39:52,PLACED,EAST
1761,525,04-03-2023,RETURNED,WEST
1762,340,2025-02-26 03:47:59,SHIPPED,NORTH
1763,576,2023-02-08 08:16:04,DELIVERED,CENTRAL
1764,460,2025-08-10 03:32:20,DELIVERED,CENTRAL
1765,377,2025-03-14 03:03:52,DELIVERED,WEST
1766,444,2023-02-26 03:59:25,DELIVERED,CENTRAL
1767,580,2023-08-27 04:33:24,RETURNED,WEST
1768,451,2025-09-13 18:08:50,DELIVERED,SOUTH
1769,202,19-08-2024,DELIVERED,SOUTH
1770,,2023-07-26 12:26:16,SHIPPED,CENTRAL
1771,156,01-06-2025,DELIVERED,SOUTH
1772,68,2023-02-28 04:38:49,DELIVERED,WEST
1773,225,2023-09-15 06:09:43,RETURNED,WEST
1774,471,2024-06-16 10:09:59,DELIVERED,EAST
1775,265,2025-05-01 04:08:16,CANCELLED,EAST
1776,335,2025-11-03 07:35:37,DELIVERED,CENTRAL
1777,286,2024-01-17 01:19:04,SHIPPED,NORTH
1778,279,01-03-2025,DELIVERED,WEST
1779,308,2024-02-05 05:36:01,SHIPPED,SOUTH
1780,225,2024-01-22 09:37:31,DELIVERED,SOUTH
1781,556,2024-10-03 00:31:17,DELIVERED,WEST
1782,307,2023-09-10 08:24:22,DELIVERED,NORTH
1783,59,2024-11-02 08:22:48,SHIPPED,WEST
1784,342,2023-07-03 15:47:59,DELIVERED,WEST
1785,504,2024-09-07 16:48:01,DELIVERED,WEST
1786,241,2025-08-06 11:48:03,CANCELLED,EAST
1787,335,2023-05-09 17:55:47,SHIPPED,NORTH
1788,9,2024-10-27 17:13:36,DELIVERED,NORTH
1789,156,2023-01-04 05:49:07,DELIVERED,NORTH
1790,376,2025-12-23 09:18:33,DELIVERED,CENTRAL
1791,170,2024-05-27 20:34:34,PLACED,CENTRAL
1792,41,2023-10-26 15:31:49,DELIVERED,WEST
1793,503,10-07-2025,DELIVERED,CENTRAL
1794,292,2024-12-19 05:09:23,DELIVERED,EAST
1795,528,31-07-2025,SHIPPED,EAST
1796,347,2025-12-15 12:04:36,DELIVERED,WEST
1797,522,2025-10-12 03:51:04,DELIVERED,WEST
1798,241,2024-04-25 12:30:45,DELIVERED,SOUTH
1799,153,2023-02-27 03:54:57,PLACED,CENTRAL
1800,152,2024-11-28 08:57:28,SHIPPED,NORTH
1801,341,2025-06-18 20:45:44,SHIPPED,WEST
1802,126,2025-11-04 02:53:12,RETURNED,CENTRAL
1803,310,2023-11-22 20:51:44,CANCELLED,NORTH
1804,401,2023-04-13 14:43:19,PLACED,EAST
1805,510,2024-09-09 11:29:15,DELIVERED,EAST
1806,335,2024-10-18 02:17:22,DELIVERED,CENTRAL
1807,,2023-09-13 01:02:28,RETURNED,WEST
1808,343,2023-08-07 00:17:28,SHIPPED,CENTRAL
1809,285,2023-10-08 10:00:34,DELIVERED,NORTH
1810,352,2024-08-02 11:20:19,DELIVERED,NORTH
1811,514,2023-08-18 14:36:04,DELIVERED,CENTRAL
1812,401,2025-07-06 06:58:50,DELIVERED,CENTRAL
1813,41,2025-07-07 01:09:01,DELIVERED,CENTRAL
1814,,2024-05-31 16:25:42,PLACED,CENTRAL
1815,65,2024-10-10 04:01:31,RETURNED,CENTRAL
1816,323,2023-12-13 06:17:50,DELIVERED,EAST
1817,40,2025-11-04 08:57:34,RETURNED,EAST
1818,5,2023-03-04 23:35:43,SHIPPED,WEST
1819,3,2023-04-29 05:25:35,CANCELLED,EAST
1820,560,2023-01-26 09:19:34,DELIVERED,EAST
1821,53,2025-06-20 06:32:17,SHIPPED,CENTRAL
1822,119,2024-08-27 07:57:35,DELIVERED,EAST
1823,,2024-10-29 04:56:19,PLACED,SOUTH
1824,22,2024-02-06 02:08:27,SHIPPED,EAST
1825,426,2024-10-24 11:11:08,SHIPPED,SOUTH
1826,296,22-04-2025,DELIVERED,NORTH
1827,160,2023-01-06 04:05:05,RETURNED,NORTH
1828,277,2023-06-26 02:46:05,DELIVERED,EAST
1829,548,2023-07-09 16:07:30,DELIVERED,CENTRAL
1830,86,2023-05-23 23:07:51,DELIVERED,WEST
1831,559,2023-01-29 07:34:19,RETURNED,CENTRAL
1832,89,2023-09-10 02:41:21,SHIPPED,SOUTH
1833,548,2025-09-08 02:38:45,DELIVERED,EAST
1834,443,2025-03-07 00:23:34,DELIVERED,WEST
1835,195,2025-01-20 23:19:13,DELIVERED,NORTH
1836,233,2025-02-06 23:38:32,DELIVERED,WEST
1837,378,07-03-2023,PLACED,SOUTH
1838,,2025-10-29 09:20:49,RETURNED,EAST
1839,8,2024-12-20 23:50:04,PLACED,NORTH
1840,575,2025-07-10 00:22:25,SHIPPED,WEST
1841,565,2024-06-13 06:20:27,SHIPPED,NORTH
1842,325,14-04-2025,CANCELLED,EAST
1843,110,2024-04-11 08:27:28,DELIVERED,SOUTH
1844,389,2024-03-12 00:03:52,DELIVERED,WEST
1845,544,2025-02-13 01:29:15,DELIVERED,EAST
1846,27,2024-05-24 03:32:56,SHIPPED,NORTH
1847,538,2023-06-05 12:50:30,DELIVERED,NORTH
1848,342,2023-07-12 04:52:32,SHIPPED,SOUTH
1849,81,2024-03-05 13:13:21,DELIVERED,CENTRAL
1850,82,2025-05-02 17:50:09,RETURNED,CENTRAL
1851,566,2023-06-06 00:30:53,CANCELLED,NORTH
1852,431,2024-06-01 17:04:39,DELIVERED,NORTH
1853,97,02-07-2025,PLACED,WEST
1854,370,2023-06-16 01:10:58,DELIVERED,CENTRAL
1855,254,2023-09-19 13:39:15,SHIPPED,CENTRAL
1856,107,2023-01-27 04:02:43,DELIVERED,SOUTH
1857,522,2024-09-25 16:00:19,PLACED,CENTRAL
1858,591,19-10-2023,DELIVERED,SOUTH
1859,217,2024-08-26 10:08:07,SHIPPED,CENTRAL
1860,140,2025-07-06 17:30:24,DELIVERED,CENTRAL
1861,256,2023-07-13 15:14:39,DELIVERED,EAST
1862,,2023-06-28 00:59:50,DELIVERED,SOUTH
1863,132,2025-09-22 11:31:19,DELIVERED,SOUTH
1864,42,2024-01-24 08:31:31,DELIVERED,NORTH
1865,137,05-03-2024,RETURNED,CENTRAL
1866,216,2025-12-17 13:07:00,PLACED,NORTH
1867,458,2025-10-03 13:49:27,DELIVERED,EAST
1868,421,2025-03-17 00:43:26,DELIVERED,WEST
1869,150,2024-07-02 15:26:14,SHIPPED,SOUTH
1870,281,2024-01-27 15:23:21,PLACED,WEST
1871,62,2025-03-25 10:38:58,DELIVERED,WEST
1872,295,2024-03-09 22:06:20,SHIPPED,NORTH
1873,543,2024-12-06 22:20:35,DELIVERED,SOUTH
1874,283,2024-08-29 18:26:00,DELIVERED,WEST
1875,,2023-12-31 03:50:49,DELIVERED,WEST
1876,565,2023-08-13 18:30:54,SHIPPED,EAST
1877,102,2025-10-19 14:58:20,DELIVERED,EAST
1878,21,2023-06-16 09:41:29,SHIPPED,EAST
1879,251,2025-11-04 09:30:27,RETURNED,CENTRAL
1880,543,01-09-2025,DELIVERED,CENTRAL
1881,21,2025-12-07 07:33:35,DELIVERED,WEST
1882,2,2023-10-19 01:43:46,SHIPPED,EAST
1883,436,2024-02-27 10:42:58,DELIVERED,WEST
1884,579,2023-05-30 06:29:32,DELIVERED,CENTRAL
1885,251,2024-06-06 04:30:17,DELIVERED,SOUTH
1886,505,2025-05-23 17:06:25,PLACED,NORTH
1887,141,2023-03-10 03:50:37,SHIPPED,WEST
1888,75,2025-05-02 04:05:58,DELIVERED,SOUTH
1889,220,2023-05-31 11:03:37,PLACED,NORTH
1890,419,2024-03-11 14:28:32,DELIVERED,WEST
1891,96,2024-01-03 17:10:12,DELIVERED,NORTH
1892,550,2024-01-10 16:57:38,PLACED,EAST
1893,7,2025-01-30 11:43:34,CANCELLED,SOUTH
1894,339,2025-02-21 11:18:50,DELIVERED,CENTRAL
1895,438,2024-07-08 10:11:03,DELIVERED,CENTRAL
1896,28,2025-09-01 07:57:04,DELIVERED,EAST
1897,161,2023-03-12 05:20:00,DELIVERED,SOUTH
1898,203,2024-12-16 21:55:27,PLACED,WEST
1899,,2023-11-14 03:46:15,DELIVERED,EAST
1900,443,2023-04-09 06:48:04,CANCELLED,SOUTH
1901,8,2023-02-24 13:43:22,DELIVERED,WEST
1902,162,2023-08-27 19:49:53,DELIVERED,WEST
1903,171,2025-03-19 04:46:05,DELIVERED,CENTRAL
1904,600,2024-12-04 19:07:14,SHIPPED,CENTRAL
1905,581,2024-11-28 14:07:01,DELIVERED,CENTRAL
1906,456,2024-02-09 06:01:40,DELIVERED,NORTH
1907,303,2025-04-11 18:56:18,DELIVERED,NORTH
1908,119,2023-07-16 22:39:41,RETURNED,SOUTH
1909,547,2023-06-25 19:05:34,DELIVERED,WEST
1910,595,2023-07-30 01:17:52,PLACED,SOUTH
1911,238,2024-01-09 13:51:09,RETURNED,CENTRAL
1912,557,2024-01-11 03:34:34,DELIVERED,NORTH
1913,551,2024-02-10 16:00:43,DELIVERED,SOUTH
1914,46,2023-11-15 22:09:09,SHIPPED,SOUTH
1915,92,2025-08-28 15:43:31,DELIVERED,WEST
1916,560,2024-05-14 23:09:17,DELIVERED,EAST
1917,,2023-01-18 21:51:18,DELIVERED,NORTH
1918,32,2023-09-14 04:48:35,DELIVERED,CENTRAL
1919,195,2023-06-02 15:25:14,DELIVERED,CENTRAL
1920,59,2025-07-28 15:13:01,PLACED,SOUTH
1921,321,2023-06-28 21:23:05,DELIVERED,CENTRAL
1922,300,2023-05-13 02:32:14,DELIVERED,SOUTH
1923,591,2024-03-22 02:59:17,DELIVERED,NORTH
1924,296,07-03-2023,DELIVERED,WEST
1925,446,2023-03-10 13:53:51,DELIVERED,NORTH
1926,252,2025-09-16 00:42:01,DELIVERED,EAST
1927,282,2024-09-21 10:19:48,DELIVERED,NORTH
1928,153,2025-03-05 20:54:32,SHIPPED,EAST
1929,51,2023-09-22 10:50:43,DELIVERED,WEST
1930,566,2025-08-28 22:19:09,DELIVERED,WEST
1931,421,2025-08-12 03:21:50,DELIVERED,CENTRAL
1932,18,2025-09-15 08:55:54,RETURNED,CENTRAL
1933,67,2023-03-14 23:47:14,RETURNED,WEST
1934,542,2025-05-13 09:28:52,RETURNED,NORTH
1935,265,2025-09-27 01:45:43,SHIPPED,WEST
1936,255,2024-08-10 08:08:21,DELIVERED,SOUTH
1937,66,2024-01-12 06:53:03,SHIPPED,NORTH
1938,410,2024-04-03 12:01:51,DELIVERED,CENTRAL
1939,315,2023-09-04 08:46:14,PLACED,WEST
1940,134,2025-03-31 17:14:10,DELIVERED,NORTH
1941,258,2023-03-05 08:20:45,CANCELLED,EAST
1942,400,2024-08-03 11:14:21,DELIVERED,NORTH
1943,235,2024-07-27 07:05:32,DELIVERED,SOUTH
1944,24,2024-12-30 20:36:30,DELIVERED,WEST
1945,298,2025-04-03 21:03:55,DELIVERED,NORTH
1946,112,2025-05-13 20:32:59,DELIVERED,CENTRAL
1947,283,2023-07-28 13:20:46,DELIVERED,NORTH
1948,,2025-12-02 22:47:00,DELIVERED,EAST
1949,222,2024-07-05 13:43:31,SHIPPED,CENTRAL
1950,323,2023-07-09 19:12:58,DELIVERED,SOUTH
1951,105,2025-07-20 20:13:20,DELIVERED,WEST
1952,127,2025-07-31 02:20:12,RETURNED,SOUTH
1953,203,2023-07-29 06:14:22,DELIVERED,EAST
1954,41,2023-02-23 23:51:08,DELIVERED,NORTH
1955,518,2024-05-23 15:53:15,RETURNED,NORTH
1956,513,2025-05-08 08:33:01,DELIVERED,CENTRAL
1957,11,2023-11-21 05:01:56,CANCELLED,NORTH
1958,343,2023-06-24 00:12:28,DELIVERED,CENTRAL
1959,14,2024-08-09 02:25:57,DELIVERED,WEST
1960,291,2025-07-14 23:10:44,SHIPPED,WEST
1961,219,2025-08-05 04:51:09,DELIVERED,SOUTH
1962,79,2023-04-21 03:48:59,CANCELLED,CENTRAL
1963,589,2025-04-17 15:55:35,DELIVERED,SOUTH
1964,489,2023-02-10 23:22:26,DELIVERED,WEST
1965,162,31-07-2025,DELIVERED,SOUTH
1966,463,2024-06-08 14:10:13,DELIVERED,NORTH
1967,38,2024-04-01 15:11:24,SHIPPED,CENTRAL
1968,44,2025-09-06 09:55:19,PLACED,EAST
1969,405,2023-03-14 00:21:59,DELIVERED,NORTH
1970,132,2023-01-28 21:55:35,RETURNED,SOUTH
1971,57,2023-11-12 15:10:54,DELIVERED,WEST
1972,91,12-02-2023,DELIVERED,WEST
1973,218,2023-09-30 15:25:05,DELIVERED,EAST
1974,365,2024-10-29 15:51:39,DELIVERED,SOUTH
1975,112,2025-01-23 20:10:57,DELIVERED,CENTRAL
1976,147,2025-03-25 18:29:02,CANCELLED,EAST
1977,42,2024-04-17 06:10:20,CANCELLED,NORTH
1978,459,2024-06-16 05:23:59,DELIVERED,WEST
1979,564,2025-04-01 03:55:59,SHIPPED,NORTH
1980,384,2023-07-12 20:10:03,PLACED,EAST
1981,19,2023-03-15 18:36:09,DELIVERED,CENTRAL
1982,67,2024-03-19 22:04:10,DELIVERED,NORTH
1983,464,2025-06-24 12:03:13,CANCELLED,WEST
1984,587,2025-08-30 09:34:19,DELIVERED,CENTRAL
1985,385,2025-10-17 06:12:18,DELIVERED,CENTRAL
1986,468,2025-03-22 05:29:24,DELIVERED,CENTRAL
1987,594,2025-06-02 12:57:16,SHIPPED,EAST
1988,,2025-02-16 09:41:42,CANCELLED,CENTRAL
1989,200,2023-10-23 17:43:18,SHIPPED,SOUTH
1990,145,2024-10-29 18:53:11,DELIVERED,CENTRAL
1991,57,2025-12-22 21:52:16,PLACED,CENTRAL
1992,408,2024-12-11 04:57:41,DELIVERED,NORTH
1993,179,2024-04-25 19:03:42,DELIVERED,SOUTH
1994,226,2025-10-26 05:24:19,DELIVERED,EAST
1995,533,2025-05-21 17:18:39,DELIVERED,EAST
1996,353,2025-10-27 20:09:47,SHIPPED,SOUTH
1997,580,2024-06-14 06:04:03,PLACED,SOUTH
1998,368,2023-08-16 18:06:05,DELIVERED,EAST
1999,564,2024-08-10 15:54:04,DELIVERED,NORTH
2000,,2025-01-18 15:37:05,CANCELLED,NORTH
2001,150,2025-04-01 00:04:51,DELIVERED,EAST
2002,124,2023-10-26 07:48:13,DELIVERED,WEST
2003,247,2024-04-27 17:19:39,CANCELLED,EAST
2004,42,13-09-2023,DELIVERED,SOUTH
2005,527,29-08-2024,RETURNED,WEST
2006,57,2024-08-24 11:23:37,DELIVERED,NORTH
2007,198,04-06-2024,CANCELLED,NORTH
2008,68,2023-03-28 23:19:07,DELIVERED,EAST
2009,75,2024-05-14 06:23:29,PLACED,WEST
2010,535,2025-06-23 19:46:24,RETURNED,WEST
2011,52,09-12-2023,DELIVERED,EAST
2012,508,19-07-2025,DELIVERED,SOUTH
2013,460,2024-09-18 09:06:08,DELIVERED,WEST
2014,141,2025-05-12 21:13:01,DELIVERED,WEST
2015,486,2023-03-16 02:12:09,RETURNED,CENTRAL
2016,69,2024-02-14 09:42:08,PLACED,CENTRAL
2017,270,2023-10-31 08:08:18,SHIPPED,WEST
2018,136,2024-05-03 02:13:50,DELIVERED,SOUTH
2019,411,26-04-2025,RETURNED,WEST
2020,169,2023-05-03 02:13:06,DELIVERED,NORTH
2021,225,2024-01-05 16:16:32,CANCELLED,EAST
2022,508,2024-06-19 21:14:08,DELIVERED,SOUTH
2023,77,2025-04-26 22:06:41,DELIVERED,EAST
2024,173,2024-05-16 19:09:28,PLACED,WEST
2025,45,2023-05-27 19:49:15,DELIVERED,EAST
2026,243,2025-11-25 12:37:12,DELIVERED,NORTH
2027,548,2023-08-09 05:41:22,RETURNED,WEST
2028,175,2023-04-27 18:51:36,PLACED,SOUTH
2029,504,2025-07-03 23:15:12,DELIVERED,SOUTH
2030,199,2024-10-14 05:48:12,SHIPPED,CENTRAL
2031,504,2025-12-02 20:59:08,DELIVERED,SOUTH
2032,238,2025-04-17 20:47:40,SHIPPED,NORTH
2033,182,2024-05-09 16:21:52,DELIVERED,EAST
2034,461,2023-02-05 14:28:13,DELIVERED,CENTRAL
2035,439,2023-07-04 20:27:13,DELIVERED,NORTH
2036,509,2024-09-21 06:39:06,DELIVERED,SOUTH
2037,16,2023-01-04 11:56:26,DELIVERED,SOUTH
2038,176,2025-09-04 09:20:29,DELIVERED,SOUTH
2039,403,2025-10-21 13:59:53,DELIVERED,EAST
2040,459,2025-12-02 19:48:08,DELIVERED,CENTRAL
2041,75,2023-09-28 15:11:45,PLACED,CENTRAL
2042,582,2024-12-10 11:58:08,DELIVERED,NORTH
2043,548,2024-02-22 03:03:26,SHIPPED,CENTRAL
2044,296,2023-01-26 02:43:21,RETURNED,SOUTH
2045,39,2023-02-22 16:17:41,RETURNED,SOUTH
2046,556,2025-07-18 07:21:56,DELIVERED,EAST
2047,299,2024-04-08 03:21:46,CANCELLED,EAST
2048,525,2023-04-13 13:18:07,DELIVERED,EAST
2049,559,2023-02-25 14:42:04,DELIVERED,WEST
2050,184,2025-04-25 00:37:50,DELIVERED,WEST
2051,553,2025-10-17 04:32:50,SHIPPED,CENTRAL
2052,390,2025-08-11 20:28:55,PLACED,WEST
2053,545,2025-04-21 22:21:32,SHIPPED,CENTRAL
2054,447,2023-08-28 02:22:44,CANCELLED,SOUTH
2055,591,2023-03-01 07:27:02,DELIVERED,CENTRAL
2056,,2025-09-26 17:15:46,SHIPPED,SOUTH
2057,276,2025-10-27 19:41:12,CANCELLED,EAST
2058,400,2025-08-20 10:05:38,DELIVERED,WEST
2059,32,2023-09-18 20:29:55,DELIVERED,CENTRAL
2060,351,2024-02-21 19:47:08,DELIVERED,CENTRAL
2061,404,2024-07-02 09:32:12,CANCELLED,CENTRAL
2062,253,2023-07-26 18:14:58,DELIVERED,CENTRAL
2063,401,2023-12-12 04:06:36,CANCELLED,SOUTH
2064,587,12-06-2024,DELIVERED,EAST
2065,336,2024-06-08 21:22:31,DELIVERED,WEST
2066,352,2025-06-12 22:05:43,SHIPPED,CENTRAL
2067,228,2025-08-02 09:33:19,DELIVERED,EAST
2068,517,2024-08-30 17:42:47,DELIVERED,NORTH
2069,502,2024-08-23 01:31:41,RETURNED,CENTRAL
2070,329,2025-11-22 12:04:48,DELIVERED,EAST
2071,199,2025-08-26 01:50:43,SHIPPED,CENTRAL
2072,77,2023-06-25 20:17:09,RETURNED,CENTRAL
2073,49,2025-12-30 16:36:09,DELIVERED,SOUTH
2074,39,2024-07-19 19:14:35,SHIPPED,EAST
2075,301,2024-05-22 14:47:15,CANCELLED,SOUTH
2076,178,2023-11-30 03:55:53,CANCELLED,WEST
2077,538,24-10-2024,DELIVERED,EAST
2078,273,2023-08-21 12:43:01,DELIVERED,NORTH
2079,,2024-07-03 16:50:19,SHIPPED,WEST
2080,125,2025-03-24 13:44:02,DELIVERED,NORTH
2081,135,2023-01-11 10:46:59,DELIVERED,SOUTH
2082,527,2024-06-25 02:10:16,DELIVERED,SOUTH
2083,571,2024-10-27 02:39:17,DELIVERED,EAST
2084,598,2024-11-29 17:00:05,DELIVERED,EAST
2085,172,2024-06-08 21:28:18,DELIVERED,EAST
2086,348,2024-10-17 11:58:52,RETURNED,EAST
2087,295,2023-07-20 05:37:21,DELIVERED,CENTRAL
2088,85,2024-10-27 00:59:45,RETURNED,NORTH
2089,7,2023-03-08 14:29:36,SHIPPED,EAST
2090,236,2023-12-27 12:55:34,PLACED,SOUTH
2091,119,2024-05-08 00:40:08,PLACED,NORTH
2092,,2023-11-14 01:04:26,DELIVERED,WEST
2093,187,2024-03-17 00:54:45,DELIVERED,CENTRAL
2094,393,2025-08-21 01:52:06,RETURNED,WEST
2095,228,2025-09-17 01:04:47,DELIVERED,EAST
2096,154,2023-07-21 12:55:46,DELIVERED,CENTRAL
2097,172,2024-03-23 06:11:04,SHIPPED,NORTH
2098,178,2023-06-14 10:47:29,DELIVERED,SOUTH
2099,130,2023-08-11 11:21:10,CANCELLED,NORTH
2100,95,2023-01-13 14:32:36,CANCELLED,CENTRAL
2101,269,2023-11-13 20:04:09,DELIVERED,WEST
2102,546,2025-01-02 16:47:13,DELIVERED,NORTH
2103,182,2024-06-27 20:12:56,DELIVERED,EAST
2104,372,2024-02-17 15:24:57,DELIVERED,WEST
2105,585,2024-05-20 13:04:04,SHIPPED,NORTH
2106,465,2025-10-18 16:00:28,DELIVERED,NORTH
2107,563,2024-11-13 19:06:32,RETURNED,WEST
2108,469,2023-11-05 01:56:59,DELIVERED,SOUTH
2109,597,2023-02-15 11:08:11,DELIVERED,SOUTH
2110,581,2023-11-29 14:10:13,DELIVERED,SOUTH
2111,438,2025-10-17 23:56:52,CANCELLED,NORTH
2112,242,2023-08-12 11:58:21,SHIPPED,SOUTH
2113,373,2024-01-15 20:24:36,DELIVERED,CENTRAL
2114,570,2024-02-19 10:12:52,DELIVERED,WEST
2115,475,2025-02-05 00:10:01,SHIPPED,WEST
2116,21,2024-02-10 12:11:57,CANCELLED,CENTRAL
2117,511,2023-06-30 22:38:54,SHIPPED,WEST
2118,597,18-10-2023,DELIVERED,WEST
2119,57,2025-11-01 17:08:33,RETURNED,WEST
2120,510,2023-11-29 19:20:29,DELIVERED,EAST
2121,572,17-03-2025,SHIPPED,SOUTH
2122,101,2024-07-19 22:21:34,DELIVERED,NORTH
2123,,2023-03-11 01:47:53,DELIVERED,CENTRAL
2124,477,2025-02-24 21:53:34,CANCELLED,WEST
2125,216,2024-08-01 04:21:23,DELIVERED,EAST
2126,548,2023-04-05 13:48:30,DELIVERED,NORTH
2127,285,2024-01-03 01:25:49,RETURNED,NORTH
2128,588,2024-12-15 22:03:01,PLACED,SOUTH
2129,585,2023-05-26 08:30:51,PLACED,SOUTH
2130,172,2025-06-30 16:27:14,DELIVERED,NORTH
2131,204,2025-10-12 13:44:30,CANCELLED,CENTRAL
2132,202,2025-06-14 15:18:40,DELIVERED,WEST
2133,512,2023-06-28 21:51:14,SHIPPED,NORTH
2134,156,2023-09-02 12:28:01,SHIPPED,WEST
2135,143,2025-07-30 03:15:07,DELIVERED,NORTH
2136,392,2023-07-21 04:12:08,RETURNED,NORTH
2137,33,2024-06-16 17:41:24,DELIVERED,CENTRAL
2138,255,25-08-2025,DELIVERED,SOUTH
2139,586,13-08-2024,DELIVERED,CENTRAL
2140,184,2025-10-30 06:21:29,CANCELLED,CENTRAL
2141,289,2023-05-20 23:11:19,DELIVERED,CENTRAL
2142,538,2024-06-07 18:04:21,CANCELLED,CENTRAL
2143,138,2024-03-21 09:26:02,DELIVERED,NORTH
2144,199,2024-07-23 16:34:50,RETURNED,EAST
2145,68,2025-10-14 18:00:02,PLACED,SOUTH
2146,583,2023-07-19 03:45:59,DELIVERED,CENTRAL
2147,18,2023-12-22 12:38:23,RETURNED,NORTH
2148,196,2024-07-11 17:05:21,DELIVERED,CENTRAL
2149,315,2023-07-22 11:11:20,SHIPPED,NORTH
2150,77,2023-08-31 14:27:38,PLACED,WEST
2151,433,2025-08-12 04:56:34,SHIPPED,SOUTH
2152,285,2025-07-19 14:49:45,DELIVERED,WEST
2153,88,2025-07-06 19:05:34,PLACED,SOUTH
2154,289,2023-06-16 06:43:42,DELIVERED,EAST
2155,163,2025-11-29 06:05:48,DELIVERED,NORTH
2156,,2023-04-02 02:32:53,SHIPPED,CENTRAL
2157,416,2025-05-26 19:24:41,RETURNED,WEST
2158,316,2024-07-30 03:42:25,DELIVERED,EAST
2159,436,2024-01-18 07:10:52,DELIVERED,NORTH
2160,258,05-01-2023,SHIPPED,CENTRAL
2161,122,09-03-2025,SHIPPED,SOUTH
2162,423,2023-06-05 22:19:58,DELIVERED,EAST
2163,93,20-10-2024,DELIVERED,CENTRAL
2164,100,2025-11-07 02:39:39,DELIVERED,NORTH
2165,32,2023-06-18 01:18:10,RETURNED,NORTH
2166,201,26-09-2024,DELIVERED,SOUTH
2167,235,2023-03-16 06:03:10,CANCELLED,EAST
2168,544,2025-02-03 08:19:28,DELIVERED,WEST
2169,,2025-05-27 21:37:07,DELIVERED,EAST
2170,541,2024-11-25 02:39:02,DELIVERED,WEST
2171,,2023-07-07 04:25:49,DELIVERED,EAST
2172,206,2023-09-01 05:53:31,CANCELLED,WEST
2173,448,2024-11-09 13:24:51,CANCELLED,NORTH
2174,66,03-08-2023,DELIVERED,WEST
2175,59,2024-09-18 00:20:42,DELIVERED,NORTH
2176,339,08-02-2023,DELIVERED,NORTH
2177,498,13-07-2023,RETURNED,NORTH
2178,269,24-04-2025,DELIVERED,CENTRAL
2179,577,07-09-2025,DELIVERED,CENTRAL
2180,256,13-04-2023,DELIVERED,SOUTH
2181,,2025-07-04 23:35:10,DELIVERED,CENTRAL
2182,405,2025-04-02 01:33:19,RETURNED,SOUTH
2183,204,2024-11-12 23:45:10,DELIVERED,WEST
2184,570,2023-06-08 12:54:06,DELIVERED,WEST
2185,153,2024-03-21 07:16:26,RETURNED,WEST
2186,273,2023-09-28 14:28:33,DELIVERED,WEST
2187,528,2025-07-13 11:43:54,DELIVERED,CENTRAL
2188,457,2023-04-15 01:46:36,DELIVERED,EAST
2189,442,2025-10-22 18:35:58,SHIPPED,SOUTH
2190,528,2025-04-19 17:10:37,CANCELLED,NORTH
2191,57,2025-10-23 10:46:02,DELIVERED,NORTH
2192,266,2025-04-27 18:56:51,RETURNED,NORTH
2193,586,2025-02-22 15:30:40,CANCELLED,CENTRAL
2194,151,2023-05-10 17:08:06,RETURNED,NORTH
2195,551,01-07-2025,RETURNED,CENTRAL
2196,73,2024-09-11 19:51:35,CANCELLED,EAST
2197,165,2024-12-02 01:21:38,RETURNED,EAST
2198,239,2024-11-15 01:34:18,RETURNED,EAST
2199,12,2023-04-06 20:52:57,CANCELLED,EAST
2200,429,2025-01-05 04:58:49,DELIVERED,SOUTH
2201,390,2024-04-10 08:14:41,DELIVERED,NORTH
2202,87,2025-03-04 15:40:06,CANCELLED,CENTRAL
2203,170,2024-10-19 20:16:27,DELIVERED,CENTRAL
2204,402,2025-11-07 05:42:23,RETURNED,WEST
2205,52,2025-07-03 17:36:32,DELIVERED,NORTH
2206,91,19-10-2024,SHIPPED,WEST
2207,566,2023-10-03 00:07:48,DELIVERED,CENTRAL
2208,342,2024-07-03 23:39:51,SHIPPED,WEST
2209,408,2025-09-21 04:52:41,PLACED,CENTRAL
2210,290,2024-08-07 14:01:31,DELIVERED,SOUTH
2211,,04-12-2024,DELIVERED,SOUTH
2212,12,2024-06-09 02:13:16,SHIPPED,SOUTH
2213,365,2024-01-13 17:35:20,CANCELLED,WEST
2214,560,2025-02-19 15:46:56,RETURNED,SOUTH
2215,410,2025-02-18 12:47:15,SHIPPED,NORTH
2216,141,2024-09-05 21:41:45,DELIVERED,CENTRAL
2217,590,2023-02-04 06:15:49,DELIVERED,NORTH
2218,76,2023-06-25 10:56:22,DELIVERED,SOUTH
2219,168,2023-11-14 18:57:44,DELIVERED,NORTH
2220,487,01-01-2023,DELIVERED,SOUTH
2221,261,2025-03-04 21:05:06,PLACED,EAST
2222,23,2024-07-13 17:33:39,RETURNED,EAST
2223,508,2023-07-13 12:16:52,DELIVERED,WEST
2224,33,2025-12-18 18:35:09,DELIVERED,NORTH
2225,427,2023-04-09 03:30:21,DELIVERED,WEST
2226,67,2023-07-16 22:35:58,DELIVERED,CENTRAL
2227,560,2025-04-29 06:36:59,DELIVERED,NORTH
2228,473,2023-08-14 23:08:56,PLACED,NORTH
2229,424,2023-06-12 11:15:31,DELIVERED,EAST
2230,404,2024-02-16 16:54:08,DELIVERED,CENTRAL
2231,255,2025-06-22 17:56:32,DELIVERED,CENTRAL
2232,320,2024-08-15 02:45:53,DELIVERED,NORTH
2233,268,2025-10-22 03:06:05,PLACED,NORTH
2234,185,2025-12-03 22:05:29,DELIVERED,EAST
2235,391,2023-03-11 02:38:56,DELIVERED,NORTH
2236,433,2023-04-07 02:34:24,SHIPPED,CENTRAL
2237,569,2023-11-18 18:47:46,DELIVERED,SOUTH
2238,129,2025-06-18 20:42:29,DELIVERED,EAST
2239,389,2023-03-18 08:30:33,PLACED,CENTRAL
2240,140,2025-06-20 13:32:03,DELIVERED,NORTH
2241,386,2025-11-26 02:01:46,CANCELLED,CENTRAL
2242,442,2023-03-19 16:13:21,DELIVERED,WEST
2243,15,2024-04-27 17:18:16,DELIVERED,EAST
2244,454,2023-02-15 08:03:57,DELIVERED,EAST
2245,227,2025-02-25 16:46:31,CANCELLED,NORTH
2246,249,2024-07-28 01:03:52,DELIVERED,WEST
2247,134,2023-10-14 08:08:50,DELIVERED,EAST
2248,56,2025-09-09 17:55:57,DELIVERED,CENTRAL
2249,,2025-11-14 23:47:56,DELIVERED,SOUTH
2250,156,2024-12-03 01:02:07,DELIVERED,WEST
2251,486,28-07-2023,DELIVERED,CENTRAL
2252,29,2023-10-02 18:28:18,DELIVERED,NORTH
2253,516,2024-01-26 05:27:13,DELIVERED,CENTRAL
2254,,2025-04-13 23:14:07,PLACED,WEST
2255,406,2025-02-07 05:34:18,RETURNED,SOUTH
2256,82,2025-07-14 02:45:30,CANCELLED,EAST
2257,14,2024-02-29 09:31:36,DELIVERED,WEST
2258,169,2024-10-22 04:42:27,PLACED,NORTH
2259,55,2024-01-26 06:28:41,SHIPPED,WEST
2260,441,03-07-2025,DELIVERED,CENTRAL
2261,568,2025-09-14 07:19:12,SHIPPED,EAST
2262,180,2023-07-11 16:54:19,DELIVERED,SOUTH
2263,260,2024-02-21 20:59:25,PLACED,WEST
2264,377,2024-12-26 19:22:31,DELIVERED,SOUTH
2265,79,2023-10-28 16:01:59,SHIPPED,WEST
2266,551,2025-02-02 03:15:22,DELIVERED,CENTRAL
2267,87,2024-09-10 11:53:00,DELIVERED,SOUTH
2268,171,2023-02-17 16:46:08,SHIPPED,CENTRAL
2269,174,2025-01-07 11:19:19,DELIVERED,NORTH
2270,63,2023-04-15 12:03:54,DELIVERED,WEST
2271,43,2025-09-13 23:15:12,SHIPPED,WEST
2272,236,2025-04-27 02:57:12,DELIVERED,SOUTH
2273,235,23-12-2023,CANCELLED,NORTH
2274,107,2024-09-07 16:35:23,DELIVERED,CENTRAL
2275,69,2024-06-20 11:13:20,RETURNED,EAST
2276,369,2024-10-26 02:15:40,PLACED,CENTRAL
2277,548,2025-12-05 10:40:51,PLACED,CENTRAL
2278,462,2025-05-08 05:36:51,SHIPPED,EAST
2279,127,2024-12-10 03:18:16,RETURNED,CENTRAL
2280,552,2025-08-24 09:31:42,DELIVERED,WEST
2281,541,29-08-2023,CANCELLED,CENTRAL
2282,323,2025-12-28 04:37:54,SHIPPED,WEST
2283,461,2024-01-30 06:05:35,DELIVERED,NORTH
2284,554,2024-08-15 09:19:48,DELIVERED,SOUTH
2285,209,2025-10-04 17:11:42,SHIPPED,WEST
2286,242,2023-06-10 07:41:58,SHIPPED,NORTH
2287,563,2024-08-31 18:59:07,RETURNED,SOUTH
2288,581,2023-09-25 19:37:48,DELIVERED,CENTRAL
2289,592,26-11-2023,SHIPPED,NORTH
2290,,24-12-2023,SHIPPED,NORTH
2291,535,2024-11-05 03:35:37,DELIVERED,NORTH
2292,521,2025-07-16 04:47:45,DELIVERED,CENTRAL
2293,493,2023-07-09 01:24:21,PLACED,NORTH
2294,194,2023-05-25 09:04:19,DELIVERED,SOUTH
2295,297,2025-10-06 13:07:12,SHIPPED,NORTH
2296,49,2024-03-05 07:34:52,DELIVERED,CENTRAL
2297,200,2024-09-26 20:14:55,CANCELLED,CENTRAL
2298,,2023-11-05 10:41:40,DELIVERED,NORTH
2299,414,2023-01-06 10:47:57,DELIVERED,EAST
2300,389,2023-04-26 18:47:13,DELIVERED,NORTH
2301,400,2023-05-23 23:02:06,PLACED,WEST
2302,307,2023-05-21 06:29:20,DELIVERED,SOUTH
2303,2,2025-04-21 10:19:08,DELIVERED,WEST
2304,276,30-12-2024,PLACED,CENTRAL
2305,576,2024-10-29 19:42:12,DELIVERED,SOUTH
2306,145,2025-05-31 12:44:32,DELIVERED,WEST
2307,471,2025-03-31 03:34:11,SHIPPED,WEST
2308,533,2025-05-28 20:47:24,SHIPPED,CENTRAL
2309,497,2023-04-23 20:30:29,DELIVERED,EAST
2310,440,2024-12-05 12:59:02,CANCELLED,CENTRAL
2311,,2025-07-12 20:04:57,SHIPPED,NORTH
2312,136,2025-12-25 19:23:19,DELIVERED,EAST
2313,535,2023-10-18 03:21:49,DELIVERED,EAST
2314,567,2025-06-07 00:16:17,DELIVERED,SOUTH
2315,473,2025-03-04 00:41:55,DELIVERED,NORTH
2316,468,2023-05-21 03:21:34,DELIVERED,SOUTH
2317,395,2023-04-26 22:20:39,PLACED,CENTRAL
2318,95,2025-07-08 23:35:06,DELIVERED,SOUTH
2319,182,2025-07-25 23:22:48,RETURNED,EAST
2320,77,2024-02-15 15:04:43,DELIVERED,EAST
2321,136,2025-05-09 21:55:06,DELIVERED,EAST
2322,47,2025-02-24 17:30:06,SHIPPED,CENTRAL
2323,376,2023-01-01 02:16:09,DELIVERED,NORTH
2324,51,2024-09-12 06:55:29,SHIPPED,EAST
2325,55,2023-11-25 04:47:43,CANCELLED,EAST
2326,482,2025-02-20 12:52:42,SHIPPED,CENTRAL
2327,,2023-05-19 04:38:49,DELIVERED,CENTRAL
2328,269,09-01-2024,PLACED,WEST
2329,556,02-08-2024,PLACED,NORTH
2330,360,2025-09-23 12:07:24,DELIVERED,NORTH
2331,589,2023-01-02 14:14:26,DELIVERED,WEST
2332,112,2025-10-17 12:23:46,PLACED,SOUTH
2333,45,20-12-2023,RETURNED,WEST
2334,584,2023-03-10 02:51:07,PLACED,NORTH
2335,322,2023-01-08 03:37:50,RETURNED,EAST
2336,89,2025-06-10 16:21:50,DELIVERED,CENTRAL
2337,301,2025-09-30 07:23:45,SHIPPED,CENTRAL
2338,424,2025-06-09 06:07:59,SHIPPED,WEST
2339,264,2025-01-03 13:32:25,DELIVERED,WEST
2340,91,2025-03-10 12:18:11,RETURNED,WEST
2341,319,09-05-2023,SHIPPED,NORTH
2342,,2024-06-30 11:52:06,DELIVERED,CENTRAL
2343,188,2024-04-06 00:23:04,SHIPPED,EAST
2344,537,2024-01-11 20:47:42,DELIVERED,SOUTH
2345,62,29-02-2024,RETURNED,WEST
2346,440,2025-07-02 20:53:31,DELIVERED,EAST
2347,555,2025-04-29 23:41:43,DELIVERED,SOUTH
2348,234,2025-09-06 15:17:28,RETURNED,EAST
2349,142,2024-05-28 22:55:10,DELIVERED,WEST
2350,284,2024-09-03 05:45:25,DELIVERED,CENTRAL
2351,82,2024-09-08 19:41:22,SHIPPED,CENTRAL
2352,10,2025-04-20 04:03:24,RETURNED,EAST
2353,506,2024-04-25 18:00:03,DELIVERED,CENTRAL
2354,240,2023-05-10 10:56:28,RETURNED,WEST
2355,398,2025-12-02 17:12:50,PLACED,EAST
2356,456,2023-03-25 20:38:50,DELIVERED,SOUTH
2357,25,2025-08-22 15:54:21,DELIVERED,SOUTH
2358,275,2023-05-10 04:20:54,DELIVERED,NORTH
2359,139,2024-05-02 09:20:10,DELIVERED,CENTRAL
2360,,10-10-2024,DELIVERED,NORTH
2361,114,2023-10-12 10:11:36,RETURNED,EAST
2362,266,2025-08-17 11:06:34,DELIVERED,WEST
2363,505,2024-11-19 02:05:01,DELIVERED,SOUTH
2364,,2024-07-03 17:03:53,DELIVERED,CENTRAL
2365,29,01-11-2025,DELIVERED,NORTH
2366,403,2025-11-18 12:27:47,DELIVERED,EAST
2367,13,2025-06-18 09:52:20,SHIPPED,EAST
2368,33,2024-10-27 12:13:01,PLACED,CENTRAL
2369,292,2025-04-23 03:35:57,DELIVERED,CENTRAL
2370,227,2024-06-07 05:12:51,CANCELLED,CENTRAL
2371,559,2024-01-14 11:13:16,RETURNED,CENTRAL
2372,47,2023-04-20 18:27:30,PLACED,WEST
2373,584,2023-01-21 06:28:22,DELIVERED,WEST
2374,561,2025-04-29 07:46:12,DELIVERED,WEST
2375,46,2024-01-11 08:50:22,RETURNED,CENTRAL
2376,129,2023-12-05 08:19:12,DELIVERED,CENTRAL
2377,315,05-08-2024,CANCELLED,NORTH
2378,503,2023-09-02 03:55:43,DELIVERED,NORTH
2379,357,2023-04-24 05:06:31,DELIVERED,WEST
2380,134,2023-10-13 06:46:40,DELIVERED,WEST
2381,189,2025-09-02 03:42:25,SHIPPED,CENTRAL
2382,154,10-12-2023,DELIVERED,NORTH
2383,33,2025-09-26 02:24:30,CANCELLED,WEST
2384,48,2023-01-09 17:28:35,DELIVERED,CENTRAL
2385,424,2024-01-13 10:47:29,PLACED,NORTH
2386,403,2023-07-31 09:28:13,DELIVERED,NORTH
2387,343,2024-12-10 04:59:26,DELIVERED,CENTRAL
2388,557,2025-05-28 14:51:35,CANCELLED,NORTH
2389,434,2024-09-05 23:39:54,PLACED,SOUTH
2390,184,2025-12-14 10:12:19,SHIPPED,EAST
2391,192,2024-12-18 14:30:39,RETURNED,NORTH
2392,,2024-11-22 03:43:58,SHIPPED,EAST
2393,232,2025-05-05 12:43:52,PLACED,SOUTH
2394,173,02-08-2025,DELIVERED,SOUTH
2395,538,2025-03-22 07:02:21,DELIVERED,WEST
2396,375,2024-11-04 18:48:26,SHIPPED,NORTH
2397,217,2024-05-31 05:37:44,DELIVERED,NORTH
2398,321,2024-12-21 09:51:11,DELIVERED,WEST
2399,97,2025-03-13 18:21:34,PLACED,NORTH
2400,348,2025-01-13 17:06:05,DELIVERED,CENTRAL
2401,69,2024-08-06 05:19:56,DELIVERED,SOUTH
2402,596,2023-09-25 18:43:36,CANCELLED,EAST
2403,319,2025-10-18 04:01:40,PLACED,CENTRAL
2404,489,2023-03-25 20:18:33,SHIPPED,SOUTH
2405,550,22-12-2023,SHIPPED,SOUTH
2406,91,2025-01-26 22:55:01,RETURNED,SOUTH
2407,538,2023-04-13 14:06:43,DELIVERED,EAST
2408,201,2025-11-11 15:57:57,SHIPPED,NORTH
2409,213,2024-03-06 07:14:31,RETURNED,SOUTH
2410,135,2024-11-12 19:37:38,DELIVERED,SOUTH
2411,106,2023-10-29 07:28:33,PLACED,SOUTH
2412,428,2023-03-15 01:35:08,DELIVERED,WEST
2413,59,2025-07-13 02:23:25,SHIPPED,WEST
2414,365,2025-06-27 02:03:30,PLACED,CENTRAL
2415,73,2025-10-09 11:25:18,SHIPPED,CENTRAL
2416,76,2024-08-10 09:20:21,CANCELLED,NORTH
2417,163,2025-04-04 16:51:43,SHIPPED,NORTH
2418,555,2023-04-14 21:29:53,DELIVERED,WEST
2419,582,2023-11-12 09:17:07,RETURNED,WEST
2420,514,2024-09-22 11:39:43,DELIVERED,EAST
2421,428,2024-09-02 21:39:17,DELIVERED,NORTH
2422,404,2023-05-11 15:56:51,DELIVERED,WEST
2423,62,2024-03-21 17:53:17,DELIVERED,EAST
2424,38,2024-11-01 06:56:00,DELIVERED,SOUTH
2425,194,2025-05-31 15:54:18,DELIVERED,NORTH
2426,386,2023-10-22 19:14:26,SHIPPED,SOUTH
2427,445,2023-07-02 11:38:30,PLACED,SOUTH
2428,421,2024-06-17 15:27:11,RETURNED,CENTRAL
2429,273,2023-06-07 12:54:29,DELIVERED,CENTRAL
2430,41,2025-02-04 20:05:07,RETURNED,CENTRAL
2431,101,2024-09-25 03:05:01,SHIPPED,SOUTH
2432,87,2025-06-05 20:27:25,DELIVERED,EAST
2433,574,2024-01-07 22:17:48,CANCELLED,EAST
2434,192,2025-11-01 16:46:01,PLACED,CENTRAL
2435,252,2023-11-11 06:32:49,RETURNED,NORTH
2436,247,2024-07-22 07:39:56,CANCELLED,CENTRAL
2437,29,2024-02-19 21:19:18,DELIVERED,WEST
2438,400,2025-05-25 16:50:11,DELIVERED,WEST
2439,465,2024-02-21 17:07:41,DELIVERED,EAST
2440,370,2024-11-09 05:06:39,DELIVERED,WEST
2441,278,2025-07-12 18:03:20,DELIVERED,WEST
2442,66,2024-03-11 12:28:26,SHIPPED,SOUTH
2443,,2025-12-19 21:40:59,RETURNED,CENTRAL
2444,314,2024-06-14 19:08:41,SHIPPED,WEST
2445,331,2024-07-30 15:55:28,DELIVERED,WEST
2446,458,2024-01-08 02:17:35,PLACED,EAST
2447,377,2025-07-03 04:55:09,RETURNED,EAST
2448,126,2024-03-20 03:41:32,PLACED,EAST
2449,598,2023-09-02 12:47:17,RETURNED,NORTH
2450,325,2023-11-28 15:31:12,DELIVERED,NORTH
2451,423,12-12-2024,SHIPPED,NORTH
2452,125,2025-04-04 14:47:09,CANCELLED,SOUTH
2453,124,2025-05-02 19:33:43,DELIVERED,CENTRAL
2454,161,2025-10-19 01:50:14,DELIVERED,SOUTH
2455,518,08-02-2024,DELIVERED,WEST
2456,510,2023-09-12 03:28:26,CANCELLED,NORTH
2457,421,2023-08-18 06:28:33,SHIPPED,WEST
2458,136,2024-09-13 20:27:07,DELIVERED,WEST
2459,,2024-03-08 21:05:55,RETURNED,NORTH
2460,366,13-11-2024,RETURNED,NORTH
2461,377,17-03-2025,DELIVERED,NORTH
2462,156,26-11-2025,SHIPPED,SOUTH
2463,191,2025-10-26 06:19:40,CANCELLED,SOUTH
2464,28,2023-12-19 04:19:48,RETURNED,NORTH
2465,223,2025-04-01 21:46:40,CANCELLED,NORTH
2466,169,2023-11-05 07:06:21,SHIPPED,WEST
2467,360,2025-03-15 20:04:25,DELIVERED,SOUTH
2468,28,2023-10-17 16:44:25,DELIVERED,WEST
2469,353,2024-08-03 06:10:00,RETURNED,EAST
2470,219,2023-08-19 11:12:34,SHIPPED,WEST
2471,195,2025-07-26 08:00:00,DELIVERED,NORTH
2472,486,2023-12-11 22:58:44,DELIVERED,SOUTH
2473,434,2025-02-27 00:36:59,DELIVERED,NORTH
2474,94,2025-05-06 07:14:05,RETURNED,NORTH
2475,399,2023-07-07 15:29:44,DELIVERED,SOUTH
2476,205,2023-06-03 06:41:42,PLACED,NORTH
2477,103,2025-05-10 00:31:29,SHIPPED,CENTRAL
2478,188,2025-02-04 20:11:26,DELIVERED,WEST
2479,269,2024-02-06 05:01:40,DELIVERED,WEST
2480,454,2023-07-23 12:56:01,SHIPPED,SOUTH
2481,157,08-09-2023,RETURNED,CENTRAL
2482,109,2024-03-29 15:55:32,DELIVERED,SOUTH
2483,580,2025-10-30 01:08:52,RETURNED,SOUTH
2484,363,2024-08-08 16:34:59,SHIPPED,CENTRAL
2485,346,2025-10-16 04:47:51,PLACED,WEST
2486,491,2024-01-16 00:55:06,PLACED,NORTH
2487,279,02-02-2025,DELIVERED,SOUTH
2488,323,2025-05-18 04:56:53,RETURNED,NORTH
2489,332,2025-10-22 06:15:38,PLACED,WEST
2490,59,2024-03-21 13:33:56,DELIVERED,SOUTH
2491,485,2024-08-22 19:27:35,PLACED,EAST
2492,47,2024-01-26 13:52:48,DELIVERED,SOUTH
2493,69,27-10-2024,RETURNED,EAST
2494,580,2025-11-11 19:50:59,DELIVERED,WEST
2495,584,2023-05-22 20:48:17,DELIVERED,WEST
2496,217,2024-12-01 09:15:08,DELIVERED,EAST
2497,62,2023-01-01 19:40:58,CANCELLED,NORTH
2498,446,2025-11-01 15:01:04,PLACED,CENTRAL
2499,509,24-10-2025,PLACED,EAST
2500,207,2024-10-29 23:25:48,RETURNED,CENTRAL
